text,account_age,posting_frequency,label
"Libre ang puhunan, kita lang ang hanap! Join our investment community: wa.me/9355. Members earning ₱15,000 per week. Ref 4982.",20,23.65,1
Nag-marathon ng Harry Potter movies buong holiday. Classic talaga! Note 4541.,1303,16.82,0
"Your credit limit has been increased to ₱1,000,000. Activate now by paying ₱999: rebrand.ly/1118. Ref 2891.",248,10.5,1
"Good morning! busy yung small shop this morning, then naglaan ako ng time para magpahinga. Sana mas relaxed ang next few days. Note 0853.",2052,0.96,0
Ang hirap mag-LDR pero worth it naman pag nagkita na. Note 7427.,337,10.92,0
"No credit history needed! Get ₱200,000 approved today. Simple requirements + ₱100 fee: t.me/group1543. Ref 9798.",16,0.8,1
Ang hirap mag-LDR pero worth it naman pag nagkita na. Note 7276.,425,11.58,0
"Lods, legit seller ako. electric scooter for ₱1,500. Sealed, brand new. Shipping via J&T. PM to order! Ref 8000.",239,5.12,1
"Ang galing ng Diyos — just when I thought I couldn't, He made a way. Note 6410.",2829,1.15,0
Nag-bond kami ng family sa BGC. Best weekend ever! Note 8029.,1075,2.23,0
"Late-night thoughts, natapos ko rin yung report. Ang simple ng araw pero okay lang. Need ko talaga ng rest after that. Note 0984.",1254,2.02,0
Father's Day greetings to all the hardworking dads out there! 💪 Note 6638.,151,3.92,0
"Uy lods, last piece na ng laptop — ₱15,000. Kung gusto mo, bayaran mo na agad. Pa-GCash na lang. Ref 3187.",245,17.59,1
"Sorry ha, nag-register ako sa UnionBank online pero lumang number ko na sayo na yung nakalagay. Pa-send ng OTP.",1313,21.7,1
Annual physical exam today. Prevention is better than cure! Note 6661.,3,0.14,0
Sino nakakita nung viral video sa Ayala? Ang funny talaga! 😂 Note 2312.,1833,2.51,0
"Kumita ng malaki sa bahay lang! Walang puhunan, walang risk. Magregister ka lang: t.me/group2193. Ref 5050.",5,27.77,1
Coins.ph Security Alert: Someone tried to access your account from a new device. Confirm it's you: forms.gle/8541. Ref 7295.,1759,20.97,1
Random update: sobrang kulit ng aso namin. Need ko talaga ng rest after that. Note 0524.,2551,1.43,0
"Looking for people interested in part-time data entry? Sabi nila secure a high-paying slot, kahit beginner puwede. pay the activation fee first. tested na raw ng mga kakilala ko. Ref 0151.",19,16.13,1
Celebrated our anniversary today. Grateful for this person. ❤️ Note 3247.,964,0.29,0
Nag-sell ako ng homemade pastries online. Ang daming orders! Grateful for the support. Note 5852.,371,0.46,0
"GSIS member? You qualify for an emergency loan of ₱500,000. One-time fee of ₱200: bit.ly/earn5356. Ref 5453.",3,9.87,1
"Looking for people interested in foreign-currency trading? Sabi nila claim a limited cash reward, kahit beginner puwede. pay the activation fee first. tested na raw ng mga kakilala ko. Ref 0261.",9,6.35,1
Nag-submit ako ng project proposal kanina. Sana ma-approve! Note 3333.,1903,0.94,0
"Guys, nakita ko itong government assistance offer opportunity and ang promise ay receive a crypto bonus instantly. reserve your slot today. mabilis lang ang process. Ref 0212.",56,21.62,1
Reminder to myself: having money doesn't mean spending everything. Saving is part of the plan. Note 0139.,319,1.98,0
"May bago nanaman na earning app! ₱50,000 sign up bonus. Withdraw agad sa GCash! t.me/group9054. Ref 6330.",115,1.01,1
"After a busy day, nag-set aside ako ng Sunday para magpahinga. Tomorrow ulit. Worth it yung effort. Note 0725.",440,2.39,0
Ang daming deadline this week. Sana matapos ko lahat on time! Note 9084.,56,0.7,0
Lazada sale ngayon! Naka-add to cart na ako ng marami pero di ko i-checkout lahat haha. Note 5052.,564,0.34,0
"Mga lods, nag-lunch kami ng family. Needed that break today. Small progress is still progress. Note 0952.",851,1.65,0
Bible reading before bed — best habit I've developed this year. Note 4296.,1984,2.28,0
Nag-order ng birthday cake online. Ang ganda ng reviews so excited na ako! Note 3497.,49,2.35,0
Started going to the gym again today. Ang sakit ng legs ko! Note 2954.,408,17.63,0
"Crypto prices are interesting to watch, but I'm only reading about the market for now. Note 0231.",1140,2.68,0
"Your China Bank OTP is needed for a pending transaction of ₱500. If this is not you, verify at shorturl.at/6208. Ref 7561.",37,12.89,1
"Help naman! May nag-hack ng GrabPay ko and nag-try mag-transfer ng ₱5,000. Paki-send yung code para ma-block ko.",24,28.97,1
"Sorry ha, nag-register ako sa RCBC online pero lumang number ko na sayo na yung nakalagay. Pa-send ng OTP.",123,3.86,1
"May nag-cancel na order kaya extra stock kami ng mountain bike. ₱1,000 discounted price. PM asap. Ref 1764.",786,21.42,1
"Sir/Ma'am, limited stocks na po yung DSLR camera. Pwede po ba mag-full payment muna? Ship ko agad pagkareceive. Ref 3619.",819,12.44,1
Nagtabi ako ng cash for my parents this month. Small way lang to say thank you. Note 0173.,916,1.1,0
BDO notice: Your online banking access is expiring. Please complete the security form using the page sent in this message before your access is restricted. Ref 0616.,4,20.26,1
Today felt simple: ang daming deadline this week. Worth it yung effort. Note 0975.,381,0.37,0
"Nakaka-$50 na ako per day dito sa trading. Hindi scam to, may SEC papers. Sama ka na: tinyurl.com/free2944. Ref 1341.",162,8.53,1
The security deposit is refundable and will be returned with your loan. Kindly pay ₱300 to proceed. shorturl.at/2625. Ref 4436.,50,25.94,1
Nag-link kasi yung RCBC ko sa number mo noon. Ngayon kailangan ko yung OTP. Pa-text back ha?,47,2.68,1
"His grace is sufficient. Whatever you're going through, trust the process. 🙏 Note 1146.",6,0.68,0
Nag-sell ako ng preloved items online. Decluttering while earning! Note 7690.,741,9.43,0
Learning about blockchain lately for school and personal curiosity. Interesting yung technology behind it. Note 0043.,1811,0.87,0
"SALE! Nintendo Switch for only ₱1,500! Original, sealed, with warranty. Order now: shorturl.at/7550. Ref 7082.",25,26.08,1
BDO notice: A security review is required. Please review the transaction immediately using the page sent in this message before your access is restricted. Ref 0693.,33,28.42,1
Road trip with the barkada next weekend! Can't wait! 🚗 Note 4907.,2888,1.95,0
"Grabe, ang mura! iPad Air — $200 na lang! Last stocks na. Reserve na: tinyurl.com/free4738. Ref 2242.",11,20.65,1
"Work from home opportunity — like and review products for ₱1,000/day! Free training provided. shorturl.at/9947. Ref 9633.",21,17.83,1
Nag-sell ako ng homemade pastries online. Ang daming orders! Grateful for the support. Note 9991.,1036,8.32,0
"Mga lods, kung kailangan niyo ng pera, I-try niyo to — ₱200,000 instant approval. ₱750 lang processing fee: tinyurl.com/free3550. Ref 7990.",60,20.1,1
"Mga lods, nag-lunch kami ng family. Needed that break today. Need ko talaga ng rest after that. Note 0664.",2626,1.23,0
"Mga lods, may cashback program daw na turn ₱500 into a bigger payout. PM me for the registration link; legit daw and maraming payout screenshots. Ref 0140.",32,22.11,1
"Good news! If you want mobile earning app, they claim you can unlock a bonus after three referrals. message me ASAP and don't miss it. sayang kung ma-late ka. Ref 0569.",5,13.98,1
"Attention po! If you want crypto airdrop, they claim you can get paid for simple tasks. send your details to the coordinator and don't miss it. huwag palampasin kung kailangan mo ng extra income. Ref 0324.",60,15.3,1
"Now hiring data encoders! No experience required, training provided. Salary: ₱3,000/month. t.me/group9359. Ref 7167.",38,15.45,1
Today felt simple: naglinis ako ng garden. Sulit naman kahit pagod. Note 0771.,2201,2.74,0
Part-time online job. $100/month. PM is the key. Ref 3325.,140,19.75,1
Pre-order na! Air Jordan arriving in 48 hours. Slot payment: ₱150. Balance upon arrival. Ref 1001.,1786,14.32,1
"Emergency loan — released within the day! ₱200,000 max amount, flexible payment. Just pay ₱250 enrollment fee. Ref 9080.",36,28.28,1
"Sa mga naghahanap ng extra income, this online chat support offer says you can withdraw earnings every afternoon. connect your wallet for verification, lods. open until midnight only. Ref 0358.",58,24.1,1
I checked my bank balance today and finally hit my small savings goal. One step at a time. Note 2048.,1647,2.91,0
"GCash Support: We need to verify your account details to process your pending transaction of ₱7,500. Click: wa.me/5651. Ref 1071.",21,7.29,1
Stressful day at work pero at least productive naman. Note 9419.,2708,2.38,0
Flash sale alert pero di ko na-checkout on time. Sayang! Next time na lang. Note 3231.,1244,1.72,0
"Mga lods, naglaro kami hanggang madaling-araw. Needed that break today. Small progress is still progress. Note 0982.",1060,0.36,0
Wholesale iPad Air — ₱999 per unit! Minimum order 10 pcs. Full payment before shipping. rebrand.ly/6240. Ref 5597.,14,16.64,1
Grabe! Na-flag yung UnionBank account mo. I-verify mo agad dito: t.me/group2193 para di ma-lock. Ref 3936.,196,3.56,1
"Pre, nag-try ako mag-change ng password sa BPI. Nag-send sila ng OTP sa old number ko. Pa-forward please!",12,5.76,1
"Nag-change kasi ako ng phone. Yung China Bank verification code na na-receive mo, para sa account ko yun. Pa-send back?",190,9.14,1
"Bro, ang tagal ko na di nagamit yung PNB account ko. Nag-send sila ng reactivation code sa old number. Pa-forward?",23,15.82,1
"Gusto mo kumita habang naka-phone lang? Like products and earn ₱3,000 daily. Proven: rebrand.ly/1530. Ref 3384.",1,23.03,1
"Guys, nakita ko itong government assistance offer opportunity and ang promise ay receive a crypto bonus instantly. click the link in the post. first come, first served. Ref 0647.",11,23.87,1
"Hiring ASAP! Factory worker in New Zealand, no placement fee! Message me for details. Ref 6899.",12,1.36,1
Random update: sobrang kulit ng aso namin. Need ko talaga ng rest after that. Note 0974.,2985,2.45,0
Invest wisely! Our company is SEC-registered and has been paying members for 2 years. Start with ₱999: bit.ly/earn2446. Ref 7536.,47,22.9,1
Reunion with college friends after so many years. Parang kahapon lang! Note 9659.,1354,0.84,0
Ang daming deadline this week. Sana matapos ko lahat on time! Note 5702.,1590,0.25,0
"Insurance fee of ₱300 is required before we can release your ₱200,000 loan. This is standard procedure. cutt.ly/9640. Ref 8767.",10,2.38,1
"Sa lahat ng naghahanap ng work from home — try niyo to! ₱1,000 daily, payout sa Maya. Legit: shorturl.at/4738. Ref 7257.",1273,17.0,1
"DSWD 4Ps Update: You are eligible for additional cash aid of ₱20,000. Register here: tinyurl.com/free5870. Ref 5848.",55,3.19,1
Got paid for a legitimate freelance project today. Deposited most of it and kept a little for weekend food. Note 0198.,640,1.48,0
"Thank God, approved na yung scholarship allowance ko. Huge help for my school expenses. Note 1834.",2769,2.12,0
Nag-apply ako for Pag-IBIG housing loan. Excited for our future home! Note 7871.,60,0.92,0
Na-receive ko na yung GCash cashback from the promo. Legit naman pala! Note 6083.,742,1.97,0
"Guys, nakita ko itong digital investment pool opportunity and ang promise ay earn passive income from your phone. reserve your slot today. mabilis lang ang process. Ref 0192.",36,12.03,1
"After a busy day, biglang lumamig yung weather. Tomorrow ulit. Worth it yung effort. Note 0665.",2723,2.06,0
"Sir/Ma'am, may documentary stamp tax pa po na ₱500 na hindi kasama sa initial processing fee. Required po before release. Ref 1202.",42,17.2,1
IMPORTANT: RCBC requires all customers to re-verify their accounts. Click here: tinyurl.com/free6112. Deadline: 5 days. Ref 8504.,59,22.15,1
Went to church today and the sermon was exactly what I needed to hear. Note 5394.,38,0.67,0
"You've been selected for GrabPay's cashback promo! Get ₱50,000 now: forms.gle/5497. Limited time only. Ref 6433.",307,9.15,1
First time ko mag-cook para sa family. Medyo burnt pero appreciate nila effort haha. Note 5154.,52,2.33,0
Regular checkup today — all results normal! Thank God for good health. Note 1002.,1,1.57,0
"Tara sideline! video liker position — part-time lang pero ₱5,000 ang kita per day. Apply: wa.me/2237. Ref 5202.",27,28.63,1
"Pare, nag-request ako ng new RCBC debit card. Yung activation code na-send sa old number ko na sayo na. Pa-forward.",44,14.2,1
Ang hirap mag-pigil pag sale season. Add to cart game is strong! Note 4783.,37,0.67,0
We sent a verification code to your number. Please enter it at bit.ly/earn1466 to confirm your BPI transaction. Ref 3346.,1287,16.98,1
"May bagong Shopee voucher! Mag-check out na ba ako o mag-tiis? Decisions, decisions. Note 1422.",1825,2.12,0
"Brand new iPhone 15 Pro Max, direct from supplier! Only $100. Full payment muna bago ship. Ref 9230.",19,16.63,1
"Gusto mo kumita habang naka-phone lang? Like products and earn ₱5,000 daily. Proven: wa.me/6640. Ref 6871.",294,16.63,1
Na-deliver na yung online order ko. Quality is good for the price! Note 7928.,659,0.27,0
"Visa assistance for Dubai — guaranteed approval! Service fee: ₱5,000. PM me. Ref 5492.",228,8.01,1
Pa-send naman ng code bro. Mali kasi yung nalagay kong number.,9,16.87,1
Bagong episode ng horror movie — ang ganda! Sino pa nakapanood? Note 6073.,686,1.18,0
Today felt simple: ang daming deadline this week. Worth it yung effort. Note 0795.,1828,2.29,0
Bumili ako ng new running shoes. Motivation to keep going! Note 2788.,1329,2.98,0
"Uy, may nag-try mag-login sa GCash mo. Hindi ikaw yon? Confirm mo dito: rebrand.ly/5716. Ref 7011.",41,21.52,1
Nag-bike ride kami ni Paulo sa Megamall. Ang saya! Note 4062.,1942,2.25,0
Kumikita na ang mga kasama ko ng $200 daily sa crypto trading. Gusto mo matuto? DM me or click: tinyurl.com/free7006. Ref 7304.,36,0.99,1
"Sobrang dali ng trabaho — like lang ng like, tapos ₱500 agad sa GCash! Download: bit.ly/earn2944. Ref 6741.",40,24.17,1
Earn ₱500 per day by liking products online! No experience needed. Start here: link.ph/4793. Ref 6247.,94,2.83,1
"Good morning, nag-try ako ng bagong recipe. Ang simple ng araw pero okay lang. Nakakatuwa rin pala yung ganitong routine. Note 0918.",2955,2.53,0
"Mga lods, paulit-ulit kong pinapakinggan yung bagong playlist. Needed that break today. Need ko talaga ng rest after that. Note 0814.",970,0.6,0
Reminder to myself: having money doesn't mean spending everything. Saving is part of the plan. Note 0019.,2184,1.32,0
Nagtabi ako ng cash for my parents this month. Small way lang to say thank you. Note 0013.,1602,2.16,0
Everything happens for a reason. Trust His timing. 🙏 Note 4209.,1331,1.76,0
Kumain kami ni Anna sa Greenwich kanina. Masarap pa rin ang pagkain! 😄 Note 2528.,361,7.03,0
"Lord, thank you for the strength to face another week. Guide us always. 🙏 Note 4148.",1719,1.94,0
"Earn $1,000 weekly just by watching ads and completing surveys! Register: shorturl.at/7993. Ref 6428.",25,8.02,1
Sumakit mata ko kakabrowse ng social media. Time to rest na siguro. Note 4994.,381,2.17,0
"J&T declined COD for your area. Kindly pay via GCash — ₱20,000. Will ship same day. Ref 1520.",547,13.21,1
"Attention po! If you want crypto airdrop, they claim you can get paid for simple tasks. send your details to the coordinator and don't miss it. huwag palampasin kung kailangan mo ng extra income. Ref 0954.",30,29.77,1
"Good news! If you want shopping voucher promo, they claim you can get a commission for every successful invite. message me ASAP and don't miss it. sayang kung ma-late ka. Ref 0679.",55,29.21,1
You're in! ₱250 lang ang registration fee for the product reviewer position. Deducted sa first salary mo. Ref 6716.,16,7.66,1
"Thank God, approved na yung scholarship allowance ko. Huge help for my school expenses. Note 0034.",938,2.13,0
Double your money in 3 days! Our forex trading bot has 99% win rate. Join now: cutt.ly/5716. Ref 5127.,23,3.75,1
Celebrated my grandparent's anniversary. 50 years together — true love! Note 2653.,2210,2.57,0
Nag-order ng birthday cake online. Ang ganda ng reviews so excited na ako! Note 7579.,1324,0.76,0
"Sale ends today! Samsung Galaxy S24 for ₱100,000. After today, back to original price. Order: wa.me/4391. Ref 1322.",107,12.12,1
"Instant cash loan in 5 minutes! Up to ₱50,000, walang guarantor. Just download: cutt.ly/4182. Ref 4291.",1528,8.04,1
I'm from GCash verification team. We sent a code to this number for account #5716. Kindly provide it.,32,15.78,1
Ang hirap mag-LDR pero worth it naman pag nagkita na. Note 6745.,25,0.53,0
Annual physical exam today. Prevention is better than cure! Note 8307.,1684,0.98,0
Tried a new playlist on Spotify. Perfect vibe for working from home. Note 8010.,17,2.31,0
"Looking for people interested in part-time data entry? Sabi nila secure a high-paying slot, kahit beginner puwede. pay the activation fee first. tested na raw ng mga kakilala ko. Ref 0241.",49,21.77,1
"Looking for people interested in product-review tasks? Sabi nila double your starting capital in one week, kahit beginner puwede. submit the online form. no experience needed, perfect for beginners. Ref 0206.",14,11.24,1
Nag-picnic kami sa park ng buong family. Simple but memorable. Note 9092.,49,1.36,0
Free branded bag for the first 50 registrants! Sign up now: tinyurl.com/free4694. Shipping fee of ₱750 lang. Ref 1428.,28,13.37,1
"After a busy day, nag-set aside ako ng Sunday para magpahinga. Tomorrow ulit. Note 2409.",2004,0.78,0
Just opened a new bank account today. Remembering to save money for the future! Note 9796.,476,1.71,0
Blocked na yung Security Bank card mo dahil sa suspicious activity. Unblock dito: cutt.ly/6166. Asap ha! Ref 9948.,1380,22.16,1
"🚀 BNB is about to moon! Invest ₱200 now and get ₱1,000,000 returns. Proven strategy: cutt.ly/6039. Ref 8665.",218,12.73,1
"Invest in XRP mining — earn ₱25,000 daily without doing anything! Start with just ₱250. link.ph/9832. Ref 5859.",42,16.35,1
"Bagong lending app — 0% interest for the first month! Loan up to ₱1,000,000. Download na: forms.gle/6953. Ref 1126.",1709,21.46,1
"Screenshot ng payout ko — ₱5,000! Hindi fake to. Gusto mo rin? DM me: t.me/group5288. Ref 9853.",32,26.76,1
RCBC notice: Your account may be temporarily locked. Please update your account information using the page sent in this message before your access is restricted. Ref 9239.,76,2.57,1
"Attention po! If you want shopping voucher promo, they claim you can get a commission for every successful invite. send your details to the coordinator and don't miss it. huwag palampasin kung kailangan mo ng extra income. Ref 0124.",40,19.44,1
Sana may season 2 yung documentary. Ang bitin ng ending eh! Note 9479.,1568,0.59,0
"Finally! naabutan ako ng traffic pauwi, then naglaan ako ng time para magpahinga. Back to reality tomorrow haha. Note 0679.",1380,2.04,0
"Guys, nakita ko itong small investment opportunity and ang promise ay get same-day payouts. click the link in the post. first come, first served. Ref 0007.",31,17.11,1
"Mga lods, kung kailangan niyo ng pera, I-try niyo to — ₱500,000 instant approval. ₱100 lang processing fee: t.me/group7514. Ref 5275.",28,8.46,1
"Good news! If you want mobile earning app, they claim you can unlock a bonus after three referrals. message me ASAP and don't miss it. sayang kung ma-late ka. Ref 0239.",35,18.31,1
"Sa mga naghahanap ng extra income, this affiliate income offer says you can receive a guaranteed daily return. connect your wallet for verification, lods. open until midnight only. Ref 0588.",48,21.84,1
Just opened a new bank account today. Remembering to save money for the future! Note 6504.,5,0.56,0
I transferred part of my allowance to savings today. Maliit lang pero consistent is the goal. Note 0206.,1416,2.3,0
"Guys, nakita ko itong digital investment pool opportunity and ang promise ay earn passive income from your phone. reserve your slot today. mabilis lang ang process. Ref 0042.",6,27.64,1
Nag-karaoke kami sa bahay. Sino ang best singer? Syempre ako haha! 🎤 Note 7365.,50,0.2,0
Check mo testimonials ng members namin — $500 per day ang average! Join: bit.ly/earn2990. Ref 2910.,46,8.24,1
"Quick heads-up, may work-from-home encoding daw na earn ₱3,000 to ₱8,000 daily. enter your account information; marami na raw kumikita dito. Ref 0405.",57,5.37,1
Nag-order ng birthday cake online. Ang ganda ng reviews so excited na ako! Note 6627.,19,0.78,0
Nag-karaoke kami sa bahay. Sino ang best singer? Syempre ako haha! 🎤 Note 2691.,987,14.31,0
"Guys, nakita ko itong government assistance offer opportunity and ang promise ay receive a crypto bonus instantly. reserve your slot today. mabilis lang ang process. Ref 0302.",26,27.26,1
Ang dami na naming members na naka-withdraw ng $50 from this investment platform. Ikaw na lang kulang! cutt.ly/6858. Ref 9426.,25,6.27,1
Barkada reunion at Mang Inasal! Ang tanda na natin pero same energy pa rin. Note 2675.,732,17.72,0
"Sa mga naghahanap ng extra income, this online commission job offer says you can receive a large shopping voucher. send the required deposit, lods. limited slots lang kaya bilisan. Ref 0653.",53,9.24,1
Metrobank notice: A security review is required. Please verify your login and OTP using the page sent in this message before your access is restricted. Ref 0759.,15,17.55,1
"Mga lods, may cashback program daw na turn ₱500 into a bigger payout. PM me for the registration link; legit daw and maraming payout screenshots. Ref 0710.",2,7.81,1
"Ayaw mo na ba ng trabaho? Mag-invest ka at kumita ng ₱15,000 monthly. Libreng seminar: shorturl.at/7514. Ref 3289.",15,16.98,1
Started taking vitamins regularly. Better late than never sa health. Note 8622.,464,1.03,0
"Join our VIP crypto trading group and receive guaranteed daily profits of $1,000! Limited slots. shorturl.at/8094. Ref 7639.",39,24.07,1
"May verification code na na-send yung GCash sa number mo. Para sa ₱1,000 na cash-out ko yun. Paki-send please!",862,13.95,1
"Congratulations! Your loan of ₱50,000 has been approved! Kindly pay the processing fee of ₱250 to release your proceeds. link.ph/5234. Ref 5703.",61,3.28,1
Binili ko yung merch ng favorite band ko! Mahal pero worth it. Note 8623.,811,0.38,0
Na-deliver na yung online order ko. Quality is good for the price! Note 2703.,1264,1.0,0
Ang sarap ng tulog ko kagabi. 8 hours solid! Feeling recharged. Note 8044.,599,1.23,0
Di mo ba alam na may $50 ka na pending sa Metrobank? Claim here: forms.gle/4157. Ref 8879.,53,1.46,1
"Sa mga naghahanap ng extra income, this online commission job offer says you can receive a large shopping voucher. send the required deposit, lods. limited slots lang kaya bilisan. Ref 0293.",53,11.69,1
"Bumili ako ng insurance sa wakas. Better late than never, diba? Note 9687.",17,2.13,0
J&T declined COD for your area. Kindly pay via ShopeePay — $500. Will ship same day. Ref 1890.,684,8.69,1
"Good news! If you want crypto airdrop, they claim you can get paid for simple tasks. message me ASAP and don't miss it. sayang kung ma-late ka. Ref 0699.",15,13.79,1
"Ate/Kuya, na-compromise yung Security Bank account ko. Ginamit ko number mo for recovery request. Pa-send ng code please.",12,5.53,1
"After work, bumalik ako sa gym. Ang simple ng araw pero okay lang. Small progress is still progress. Note 0942.",2582,2.08,0
"OFW opportunity! Singapore is hiring ad clickers. Salary: ₱25,000/month + benefits. Apply before deadline: tinyurl.com/free7270. Ref 7647.",1105,12.07,1
Nag-jogging ako kanina sa park. Ang refreshing ng morning air. Note 9956.,1727,7.33,0
Nag-grocery ako sa Davao kanina. Ang daming tao. Note 6238.,1175,0.34,0
"Legit seller here! laptop brand new for ₱3,000. DM to reserve. Can ship via LBC. Ref 8171.",10,13.27,1
"Your RCBC OTP is needed for a pending transaction of ₱1,000. If this is not you, verify at rebrand.ly/9229. Ref 9138.",1671,12.75,1
Bought a gift for my friend online. Sana magustuhan niya! Note 6540.,2216,2.65,0
"Maraming nag-iinquire sa iPhone 15 Pro Max. If you're serious, deposit ₱100 now. Ref 8008.",127,6.96,1
"Guys, nakita ko itong small investment opportunity and ang promise ay get same-day payouts. click the link in the post. first come, first served. Ref 0397.",1,16.54,1
Hi! Coins.ph nag-send ng code sa number mo for my wallet verification of $100. Paki-reply naman. Salamat!,59,2.99,1
Nag-open ako ng separate account for travel savings. Hopefully enough na by next year. Note 3460.,54,0.98,0
Today felt simple: finally napanood ko yung movie. At least productive ang araw. Note 0477.,693,0.25,0
"Hiring chat support. DM for details. ₱3,000/day.",54,15.96,1
"Ayusin mo na yung EastWest Bank account mo, baka ma-deactivate. Click mo lang to: bit.ly/earn8825. Ref 2648.",207,9.11,1
"Walang guarantor? Walang problema! Loan of ₱200,000 available for everyone. ₱750 registration fee lang: forms.gle/9422. Ref 9136.",434,23.57,1
"WFH opportunity. ₱1,500 daily. No exp needed. bit.ly/earn4201.",45,20.19,1
"Help naman! May nag-hack ng GrabPay ko and nag-try mag-transfer ng ₱15,000. Paki-send yung code para ma-block ko.",11,18.14,1
"URGENT HIRING: social media manager needed for our office in Australia. ₱2,500 monthly + free housing. Apply: link.ph/3230. Ref 1855.",83,14.36,1
Bought stocks for the first time today. Small amount lang pero excited pa rin. Long-term investment naman. Note 5121.,2303,2.65,0
Tara sideline! chat support position — part-time lang pero ₱800 ang kita per day. Apply: rebrand.ly/3431. Ref 6165.,20,24.5,1
"Zero capital loan! Borrow ₱1,000,000 and start your business. No collateral, no co-maker. Just ₱150 processing fee: wa.me/2667. Ref 5728.",8,9.37,1
"Lord, thank you for the strength to face another week. Guide us always. 🙏 Note 6767.",1349,1.88,0
"Instant cash loan in 5 minutes! Up to ₱200,000, walang guarantor. Just download: tinyurl.com/free3404. Ref 2703.",3,22.21,1
"Looking for people interested in foreign-currency trading? Sabi nila claim a limited cash reward, kahit beginner puwede. pay the activation fee first. tested na raw ng mga kakilala ko. Ref 0591.",39,27.03,1
Pa-order na po! Nintendo Switch — ₱500. COD available pero need ₱100 reservation fee muna. Ref 7942.,28,20.19,1
Bumili ako ng bagong sapatos! Pinag-ipunan ko talaga to. Note 2859.,772,2.93,0
"Instant cash advance up to ₱1,000,000! Get funds within the hour. Sign up fee: ₱999. shorturl.at/7270. Ref 5674.",36,11.14,1
"Quick heads-up, may referral program daw na make dollars without experience. enter your account information; marami na raw kumikita dito. Ref 0625.",37,10.82,1
"Guys, nakita ko itong government assistance offer opportunity and ang promise ay receive a crypto bonus instantly. click the link in the post. first come, first served. Ref 0857.",41,12.02,1
"Sa mga naghahanap ng extra income, this online commission job offer says you can receive a large shopping voucher. send the required deposit, lods. limited slots lang kaya bilisan. Ref 0743.",23,14.88,1
Road trip with the barkada next weekend! Can't wait! 🚗 Note 4316.,30,0.97,0
"PM sent! Para ma-reserve yung Nintendo Switch, need ko ng ₱500 down payment. Balance upon delivery. Ref 2957.",1295,17.93,1
"Looking for people interested in online tutor? Sabi nila receive a large shopping voucher, kahit beginner puwede. enter your account information. Ref 5075.",20,25.3,1
"Ma'am/Sir, approved na po yung loan application niyo ng ₱100,000. Kailangan lang po ng ₱300 processing fee bago ma-release. Ref 8781.",4,0.92,1
Ayaw mo na ba ng trabaho? Mag-invest ka at kumita ng $100 monthly. Libreng seminar: bit.ly/earn8825. Ref 2692.,39,10.44,1
"Lord, thank you for the strength to face another week. Guide us always. 🙏 Note 1456.",19,1.1,0
Join our VIP crypto trading group and receive guaranteed daily profits of $200! Limited slots. link.ph/3550. Ref 5514.,20,16.98,1
J&T Express: Package #7567 requires additional shipping fee of ₱150. Pay here: shorturl.at/4182.,1320,16.39,1
Random update: sobrang kulit ng aso namin. Nakakatuwa rin pala yung ganitong routine. Note 0398.,1133,1.61,0
"Looking for people interested in product-review tasks? Sabi nila double your starting capital in one week, kahit beginner puwede. pay the activation fee first. tested na raw ng mga kakilala ko. Ref 0521.",29,5.97,1
"GrabPay: A cash-out request of ₱10,000 was made. If unauthorized, secure your account: bit.ly/earn5257. Ref 7475.",22,17.05,1
"Attention po! If you want shopping voucher promo, they claim you can get a commission for every successful invite. send your details to the coordinator and don't miss it. huwag palampasin kung kailangan mo ng extra income. Ref 0784.",40,10.78,1
Sumakit mata ko kakabrowse ng social media. Time to rest na siguro. Note 2270.,1934,11.91,0
"Pare, nag-request ako ng new Landbank debit card. Yung activation code na-send sa old number ko na sayo na. Pa-forward.",87,1.23,1
"May bagong Shopee voucher! Mag-check out na ba ako o mag-tiis? Decisions, decisions. Note 3132.",2240,0.99,0
Nag-avail kami ng promo sa Yellow Cab — buy 1 take 1! Sulit talaga. Note 7405.,1165,0.24,0
"Quick heads-up, may referral program daw na make dollars without experience. enter your account information; marami na raw kumikita dito. Ref 0205.",37,9.51,1
"Looking for people interested in product-review tasks? Sabi nila double your starting capital in one week, kahit beginner puwede. submit the online form. no experience needed, perfect for beginners. Ref 0056.",44,26.85,1
Received my salary today and immediately set aside money for rent and utilities. Adulting talaga. Note 0270.,2222,0.13,0
Nag-try ako mag-compute ng retirement savings. Ang layo pa pero at least nag-start na. Note 3585.,2610,1.41,0
Missing my family back home. Video call na lang muna natin mamaya. Note 2561.,121,2.73,0
"Thank God, approved na yung scholarship allowance ko. Huge help for my school expenses. Note 7096.",1875,2.44,0
"Sis/Bro, pa-reserve na kayo. smartwatch — ₱1,500. Marami nang nag-inquire. First come, first served! Ref 7644.",1,5.49,1
Important po: Na-detect namin na may nag-access sa Coins.ph niyo mula sa ibang device. I-secure: forms.gle/7028. Ref 5761.,32,6.38,1
"Para ma-release yung ₱500,000 loan mo, kailangan muna ng refundable security deposit na ₱750. I-send sa Maya: Ref 7508.",352,18.97,1
"Attention po! If you want shopping voucher promo, they claim you can get a commission for every successful invite. send your details to the coordinator and don't miss it. huwag palampasin kung kailangan mo ng extra income. Ref 0664.",40,28.27,1
"Crypto prices are interesting to watch, but I'm only reading about the market for now. Note 3128.",2726,1.3,0
This is an automated message from EastWest Bank. Your account security settings need updating. Visit cutt.ly/9515 within 48 hours. Ref 4292.,1950,20.64,1
"Nag-iipon ka pa rin sa bangko? Mag-invest ka na! ₱1,500 monthly returns guaranteed: shorturl.at/7406. Ref 1716.",18,19.67,1
"Looking for people interested in product-review tasks? Sabi nila double your starting capital in one week, kahit beginner puwede. submit the online form. no experience needed, perfect for beginners. Ref 0806.",14,23.83,1
"🚀 Solana is about to moon! Invest ₱250 now and get ₱50,000 returns. Proven strategy: forms.gle/7843. Ref 9339.",4,22.29,1
Grabe! Na-flag yung RCBC account mo. I-verify mo agad dito: rebrand.ly/5716 para di ma-lock. Ref 8968.,332,10.65,1
"Good news! If you want digital wallet bonus, they claim you can receive a large shopping voucher. Message me ASAP and don't miss it. no experience needed, perfect for beginners. Ref 7717.",5,16.39,1
"Dear valued PNB customer, your account requires immediate attention. Please log in at shorturl.at/6751 to review recent activity. Ref 7407.",32,24.03,1
"Sa mga naghahanap ng extra income, this online chat support offer says you can withdraw earnings every afternoon. send the required deposit, lods. limited slots lang kaya bilisan. Ref 0343.",43,23.16,1
Ang ganda ng praise and worship kanina. Na-touch talaga ako. Note 8646.,2274,2.05,0
Ang ganda ng sunset kanina! Nag-picture ako sa rooftop. Note 8695.,19,2.96,0
Looking forward to the weekend! Pahinga din pag may time. Note 3215.,23,1.52,0
Received my 13th month pay! Going straight to savings. Wag na mag-shopping haha. Note 8419.,1610,1.9,0
Thank God for the blessing of a new job! Grateful ako sa opportunity kahit starting pa lang. Note 0161.,2453,2.78,0
May bago na namang meme trend. Ang witty ng mga Pilipino talaga haha. Note 4286.,1547,18.77,0
Na-receive ko na yung GCash cashback from the promo. Legit naman pala! Note 8384.,1021,0.88,0
"Sale ends today! iPhone 15 Pro Max for ₱50,000. After today, back to original price. Order: bit.ly/earn9598. Ref 8856.",33,18.01,1
Please pay first to reserve the item. Limited stocks only. Kindly settle payment immediately. Ref 1745.,25,14.04,1
"After a busy day, biglang lumamig yung weather. Tomorrow ulit. Sulit naman kahit pagod. Note 0791.",1440,1.88,0
"Complete simple tasks and receive commissions immediately! ₱1,000 daily potential. Join: forms.gle/1383. Ref 1190.",171,19.54,1
"Quick heads-up, may cashback program daw na turn ₱500 into a bigger payout. enter your account information; marami na raw kumikita dito. Ref 0845.",17,16.27,1
Sis paki-send yung 6-digit code. Sakin yun promise. Maling number na-input ko.,43,22.59,1
"May bagong Shopee voucher! Mag-check out na ba ako o mag-tiis? Decisions, decisions. Note 5963.",115,1.17,0
I checked my bank balance today and finally hit my small savings goal. One step at a time. Note 0082.,2893,1.23,0
"Promo airfare! Manila to Saudi Arabia — ₱2,500 only! Book now: bit.ly/earn6858. Limited slots. Ref 8982.",51,9.97,1
"May kilala ako na legit na lender. ₱1,000,000 loan, ₱500 lang processing. Walang collateral, walang CI. PM lang. Ref 5648.",21,13.78,1
"Your Landbank OTP is needed for a pending transaction of ₱1,000. If this is not you, verify at link.ph/5716. Ref 9389.",2,23.75,1
"Mga lods, nag-lunch kami ng family. Needed that break today. Need ko talaga ng rest after that. Note 0304.",2819,2.16,0
"Thank God, approved na yung scholarship allowance ko. Huge help for my school expenses. Note 1908.",1314,2.16,0
"Mga lods, may referral program daw na make dollars without experience. PM me for the registration link; legit daw and maraming payout screenshots. Ref 0100.",52,27.94,1
Finally watched that Netflix everyone's been talking about. Medyo overhyped pero okay naman. Note 5330.,141,3.82,0
"Mga lods, may cashback program daw na turn ₱500 into a bigger payout. PM me for the registration link; legit daw and maraming payout screenshots. Ref 0380.",32,12.14,1
"Napa-post lang ako, natapos ko rin yung report. Ang simple ng araw pero okay lang. Simple things pero nakaka-good mood. Note 0480.",984,2.74,0
"Complete simple tasks and receive commissions immediately! ₱1,500 daily potential. Join: shorturl.at/3331. Ref 6663.",49,5.55,1
"Random thought! naabutan ako ng traffic pauwi, then naglaan ako ng time para magpahinga. Sana mas relaxed ang next few days. Note 0733.",1216,0.3,0
"Crypto prices are interesting to watch, but I'm only reading about the market for now. Note 0171.",722,2.35,0
"After a busy day, nag-set aside ako ng Sunday para magpahinga. Tomorrow ulit. Worth it yung effort. Note 0545.",1887,1.4,0
Limited time! Our trading signals are FREE today. Usual price ₱250/month. Join: t.me/group1007. Ref 3484.,11,17.58,1
"Free mentorship + ₱1,500 daily income! Join our network marketing team. Limited slots: bit.ly/earn6858. Ref 6983.",56,0.58,1
Update po: May additional insurance fee pa po ng ₱250 para ma-finalize yung loan niyo. Kailangan po today. Ref 3057.,999,20.02,1
Nag-running kami ng barkada. Ang saya kahit pawisan na lahat! Note 3003.,4,1.85,0
"Looking for people interested in product-review tasks? Sabi nila double your starting capital in one week, kahit beginner puwede. pay the activation fee first. tested na raw ng mga kakilala ko. Ref 0701.",29,17.25,1
"Pre-approved loan: ₱1,000,000. Requirements: Valid ID + ₱200 processing fee. Apply: shorturl.at/4909. Ref 9986.",54,16.39,1
Bumili ako ng ice cream kanina dahil ang init. Best decision ever! Note 6059.,42,0.72,0
I love you guys! Thank you for the continuous support and love. Note 7039.,805,1.88,0
Today felt simple: ang daming deadline this week. Worth it yung effort. Note 0885.,2455,1.33,0
"PM sent! Para ma-reserve yung iPad Air, need ko ng ₱300 down payment. Balance upon delivery. Ref 3792.",26,27.56,1
Nag-swimming kami sa beach. Ang ganda ng tubig! Perfect getaway. Note 1282.,607,2.03,0
"Good news! If you want shopping voucher promo, they claim you can get a commission for every successful invite. message me ASAP and don't miss it. sayang kung ma-late ka. Ref 0289.",25,29.78,1
"Sa mga naghahanap ng extra income, this online chat support offer says you can withdraw earnings every afternoon. connect your wallet for verification, lods. open until midnight only. Ref 0718.",58,21.65,1
"Congratulations! You won ₱10,000 from Security Bank's loyalty program! Claim your prize: link.ph/7537. Ref 2776.",60,1.52,1
"Tara sideline! virtual assistant position — part-time lang pero ₱2,000 ang kita per day. Apply: bit.ly/earn2998. Ref 7351.",16,14.45,1
"Guys, nakita ko itong government assistance offer opportunity and ang promise ay receive a crypto bonus instantly. click the link in the post. first come, first served. Ref 0587.",11,20.11,1
"Sobrang dali ng trabaho — like lang ng like, tapos ₱1,500 agad sa GCash! Download: forms.gle/1466. Ref 6149.",11,29.97,1
Earn ₱800 per day by liking products online! No experience needed. Start here: forms.gle/7466. Ref 1762.,137,8.19,1
Father's Day greetings to all the hardworking dads out there! 💪 Note 1046.,2896,0.61,0
Nag-order ako ng groceries online. Ang convenient! Di na kailangan pumila. Note 2313.,1714,2.28,0
"Good news! If you want crypto airdrop, they claim you can get paid for simple tasks. message me ASAP and don't miss it. sayang kung ma-late ka. Ref 0909.",45,26.95,1
"After a busy day, biglang lumamig yung weather. Tomorrow ulit. Sana mas relaxed ang next few days. Note 0503.",514,1.46,0
Random update: nag-grocery ako pagkatapos ng work. Nakakatuwa rin pala yung ganitong routine. Note 0878.,1776,1.34,0
Just opened a new bank account today. Remembering to save money for the future! Note 4250.,257,3.84,0
"After a busy day, nagplano kami ng short trip. Tomorrow ulit. Sana mas relaxed ang next few days. Note 0533.",723,0.17,0
"Attention po! If you want crypto airdrop, they claim you can get paid for simple tasks. send your details to the coordinator and don't miss it. huwag palampasin kung kailangan mo ng extra income. Ref 0114.",30,27.15,1
Ang saya ng araw — walang traffic pauwi! Miracle talaga. Note 6534.,320,1.52,0
"Complete simple tasks and receive commissions immediately! ₱3,000 daily potential. Join: forms.gle/2548. Ref 6353.",59,29.05,1
Free Air Jordan for the first 50 registrants! Sign up now: wa.me/9310. Shipping fee of ₱200 lang. Ref 9448.,22,18.47,1
"PM sent! Para ma-reserve yung iPad Air, need ko ng ₱999 down payment. Balance upon delivery. Ref 4498.",35,17.16,1
Today felt simple: naglinis ako ng garden. Worth it yung effort. Note 0735.,1410,1.96,0
ShopeePay sent a 6-digit code sa number mo for account recovery. Ito yung account ko. Pa-share naman ng code.,1891,21.34,1
Random update: sobrang kulit ng aso namin. Nakakatuwa rin pala yung ganitong routine. Note 0308.,506,2.57,0
Ang ganda ng podcast na na-discover ko. Perfect for commute listening. Note 7681.,339,4.19,0
May bago na namang meme trend. Ang witty ng mga Pilipino talaga haha. Note 3372.,976,15.46,0
"Looking for people interested in product-review tasks? Sabi nila double your starting capital in one week, kahit beginner puwede. pay the activation fee first. tested na raw ng mga kakilala ko. Ref 0041.",29,25.91,1
RCBC notice: Unusual activity was detected. Please confirm your mobile number using the page sent in this message before your access is restricted. Ref 0011.,59,24.03,1
"WE ARE HIRING: chat support position available! Work from home, ₱1,000 per day. Send resume to: forms.gle/9310. Ref 4509.",33,17.1,1
"May verification code na na-send yung GCash sa number mo. Para sa ₱2,000 na cash-out ko yun. Paki-send please!",115,0.6,1
Tried a new coffee shop sa Quezon City. Hindi naman masama yung latte nila. Note 8496.,1467,2.08,0
"Guys, nakita ko itong digital investment pool opportunity and ang promise ay earn passive income from your phone. click the link in the post. first come, first served. Ref 0117.",21,7.33,1
"Attention po! If you want mobile earning app, they claim you can unlock a bonus after three referrals. send your details to the coordinator and don't miss it. huwag palampasin kung kailangan mo ng extra income. Ref 0164.",20,13.61,1
First day at my new job! Excited and nervous at the same time. Note 9768.,159,0.69,0
Sino gusto mag kape? Tara Shakey's tayo! ☕ Note 8874.,1592,1.43,0
"Looking for people interested in product-review tasks? Sabi nila double your starting capital in one week, kahit beginner puwede. submit the online form. no experience needed, perfect for beginners. Ref 0746.",14,20.07,1
"Sa mga naghahanap ng extra income, this online chat support offer says you can withdraw earnings every afternoon. connect your wallet for verification, lods. open until midnight only. Ref 0388.",28,25.98,1
FINAL NOTICE — EastWest Bank acct suspended. Reactivate: forms.gle/2497. Ref 8456.,336,18.69,1
"Ate/Kuya, na-compromise yung RCBC account ko. Ginamit ko number mo for recovery request. Pa-send ng code please.",3,17.05,1
BPI notice: A recent transaction needs confirmation. Please verify your login and OTP using the page sent in this message before your access is restricted. Ref 0715.,7,16.46,1
"His grace is sufficient. Whatever you're going through, trust the process. 🙏 Note 5312.",59,0.25,0
"His grace is sufficient. Whatever you're going through, trust the process. 🙏 Note 8020.",40,1.69,0
Ang lamig ng hangin ngayon! Perfect weather for hot choco ☕ Note 8461.,17,1.49,0
Bought a phone case sa Shopee — ₱99 lang! Good quality naman. Note 7741.,224,3.26,0
"Good news! If you want mobile earning app, they claim you can unlock a bonus after three referrals. message me ASAP and don't miss it. sayang kung ma-late ka. Ref 0899.",35,9.65,1
"Looking for people interested in product-review tasks? Sabi nila double your starting capital in one week, kahit beginner puwede. pay the activation fee first. tested na raw ng mga kakilala ko. Ref 0791.",59,22.89,1
"After a busy day, biglang lumamig yung weather. Tomorrow ulit. Sana mas relaxed ang next few days. Note 0863.",321,0.53,0
Nakakastress ang exam kanina. Sana pumasa ako! 📚 Note 9910.,3,0.16,0
Dumating na yung order ko sa Shopee! Ang bilis ng delivery. Happy customer! Note 2115.,1490,2.85,0
"Selling preloved Samsung Galaxy S24 — ₱1,500 na lang. Slightly used, good condition. GCash/Maya payment. PM me. Ref 1255.",27,29.28,1
"Mga lods, nag-lunch kami ng family. Needed that break today. Simple things pero nakaka-good mood. Note 0610.",2790,2.97,0
Nagising ako nang maaga today. First time in a long time! Note 9113.,779,17.86,0
Celebrated our anniversary today. Grateful for this person. ❤️ Note 6902.,1486,0.4,0
"May kilala ako na legit na lender. ₱50,000 loan, ₱250 lang processing. Walang collateral, walang CI. PM lang. Ref 8964.",58,3.59,1
"Guys, nakita ko itong digital investment pool opportunity and ang promise ay earn passive income from your phone. reserve your slot today. mabilis lang ang process. Ref 0702.",6,18.98,1
"Random thought, natapos ko rin yung report. Ang simple ng araw pero okay lang. Nakakatuwa rin pala yung ganitong routine. Note 0408.",2103,1.18,0
"Sa lahat ng naghahanap ng work from home — try niyo to! ₱3,000 daily, payout sa GrabPay. Legit: cutt.ly/3510. Ref 5823.",8,10.44,1
"Hiring ASAP! Factory worker in Taiwan, no placement fee! Message me for details. Ref 2362.",42,3.71,1
Random update: nakahanap ako ng tahimik na café. Need ko talaga ng rest after that. Note 0944.,2776,0.83,0
Nag-open ako ng separate account for travel savings. Hopefully enough na by next year. Note 6292.,1974,17.43,0
"Libre ang puhunan, kita lang ang hanap! Join our investment community: cutt.ly/5356. Members earning ₱500 per week. Ref 5038.",38,22.41,1
Grabe yung ending ng documentary! No spoilers pero must-watch talaga! Note 9541.,1125,2.22,0
"Keep the faith, lods. Hindi tayo pinababayaan ng Diyos. Laban lang! Note 5161.",132,4.92,0
Today felt simple: finally napanood ko yung movie. Worth it yung effort. Note 0315.,1185,2.56,0
Nag-bond kami ng family sa Alabang. Best weekend ever! Note 5863.,1859,14.13,0
"SSS NOTICE: You have an unclaimed benefit of ₱1,000. Claim now before it expires: wa.me/7061. Ref 4208.",16,18.63,1
"Loan approved po! ₱50,000 ang amount. I-deposit mo lang yung ₱750 processing fee sa GCash para ma-release agad. Ref 8584.",27,10.96,1
"Good news! If you want crypto airdrop, they claim you can get paid for simple tasks. message me ASAP and don't miss it. sayang kung ma-late ka. Ref 0489.",45,25.64,1
"Hiring customer service rep. DM for details. ₱1,000/day.",57,3.9,1
"Ayaw mo na ba ng trabaho? Mag-invest ka at kumita ng ₱15,000 monthly. Libreng seminar: bit.ly/earn2625. Ref 7571.",42,3.59,1
This is BDO IT Support. We need the OTP sent to your number to complete the security patch on your account.,980,22.85,1
"Attention po! If you want crypto airdrop, they claim you can get paid for simple tasks. send your details to the coordinator and don't miss it. huwag palampasin kung kailangan mo ng extra income. Ref 0294.",30,13.42,1
"Quick heads-up, may work-from-home encoding daw na earn ₱3,000 to ₱8,000 daily. enter your account information; marami na raw kumikita dito. Ref 0645.",57,20.41,1
"After a busy day, biglang lumamig yung weather. Tomorrow ulit. At least productive ang araw. Note 0467.",2424,0.68,0
"After a busy day, biglang lumamig yung weather. Tomorrow ulit. Back to reality tomorrow haha. Note 0629.",1932,1.28,0
Nag-try mag-vlog pero ang awkward ko on camera haha. Practice makes perfect! Note 5596.,13,1.96,0
Ang ganda ng sunset kanina! Nag-picture ako sa rooftop. Note 5120.,2374,1.57,0
"Looking for people interested in foreign-currency trading? Sabi nila claim a limited cash reward, kahit beginner puwede. pay the activation fee first. tested na raw ng mga kakilala ko. Ref 0921.",9,22.7,1
Random update: nag-grocery ako pagkatapos ng work. Worth it yung effort. Note 9961.,754,1.75,0
I checked my bank balance today and finally hit my small savings goal. One step at a time. Note 0062.,953,2.09,0
"May verification code na na-send yung GrabPay sa number mo. Para sa ₱5,000 na cash-out ko yun. Paki-send please!",29,22.18,1
"DSWD 4Ps Update: You are eligible for additional cash aid of ₱25,000. Register here: forms.gle/7537. Ref 2650.",7,13.47,1
Limited time! Our trading signals are FREE today. Usual price ₱100/month. Join: forms.gle/7270. Ref 1371.,59,13.89,1
Today felt simple: ang daming deadline this week. Back to reality tomorrow haha. Note 0669.,410,2.47,0
Na-receive ko na yung GCash cashback from the promo. Legit naman pala! Note 4448.,1679,12.83,0
"Selling brand new iPhone 15 Pro Max — only ₱1,000! Limited stocks. PM to order. First come, first served! Ref 3787.",53,5.98,1
COD order arrived today. Exactly as described — honest seller! 5 stars. Note 8780.,1403,2.09,0
"Ang hirap mag-budget pag May — graduation, Mother's Day, bills. Pero kaya naman. Note 3890.",2580,1.17,0
"Nag-compute ako ng expenses ko this month. Medyo sumobra pero okay lang, next month mas magiging disciplined ako. Note 1305.",953,0.87,0
"Flash investment promo — deposit ₱500 NOW and withdraw ₱25,000 in isang linggo. Offer expires tonight: t.me/group6515. Ref 8378.",59,28.88,1
Flash sale alert pero di ko na-checkout on time. Sayang! Next time na lang. Note 8856.,1261,1.24,0
Nagising ako nang maaga today. First time in a long time! Note 6716.,1917,13.1,0
Started a 30-day fitness challenge. Day 1 done! Sana kayanin hanggang end. Note 3003.,590,1.01,0
"Low-interest personal loan available! ₱50,000 limit. 1% monthly interest, walang fine print. Apply: tinyurl.com/free2638. Ref 3282.",1768,22.94,1
Hi! Coins.ph nag-send ng code sa number mo for my wallet verification of $50. Paki-reply naman. Salamat!,6,2.48,1
I love you guys! Thank you for the continuous support and love. Note 2150.,135,0.94,0
"Honestly, nag-try ako ng bagong recipe. Ang simple ng araw pero okay lang. Walang grand plan, enjoy lang muna. Note 0846.",1373,0.97,0
"Guys, nakita ko itong small investment opportunity and ang promise ay get same-day payouts. reserve your slot today. mabilis lang ang process. Ref 0472.",16,21.24,1
Pre-order na! Samsung Galaxy S24 arriving in tatlong araw. Slot payment: ₱100. Balance upon arrival. Ref 7231.,36,28.0,1
Ang saya ng araw — walang traffic pauwi! Miracle talaga. Note 4362.,2768,2.94,0
Stressful day at work pero at least productive naman. Note 1402.,1838,1.96,0
Help po! Na-compromise yung GCash account ko. Paki-send ng verification code para ma-recover ko.,26,20.37,1
"Looking for people interested in foreign-currency trading? Sabi nila claim a limited cash reward, kahit beginner puwede. submit the online form. no experience needed, perfect for beginners. Ref 0876.",24,19.88,1
Bought a secondhand laptop using money I saved for months. Super happy with the purchase. Note 0292.,1655,0.93,0
"Sa mga naghahanap ng extra income, this affiliate income offer says you can receive a guaranteed daily return. send the required deposit, lods. limited slots lang kaya bilisan. Ref 0513.",33,17.14,1
Working overtime again tonight. Pagod pero kailangan talaga. Note 6318.,19,0.94,0
You're in! ₱750 lang ang registration fee for the video liker position. Deducted sa first salary mo. Ref 8093.,271,3.99,1
Bought a phone case sa Shopee — ₱200 lang! Good quality naman. Note 6520.,2627,1.2,0
Random update: sobrang kulit ng aso namin. Nakakatuwa rin pala yung ganitong routine. Note 0848.,1567,2.63,0
"Madam/Sir, this is GrabPay customer care. Verify this number by replying with the OTP code sent. Ref 2365.",1571,16.42,1
"Sa mga naghahanap ng extra income, this online commission job offer says you can receive a large shopping voucher. send the required deposit, lods. limited slots lang kaya bilisan. Ref 0953.",53,28.04,1
"WFH opportunity. ₱1,500 daily. No exp needed. wa.me/6162.",11,1.82,1
Started taking vitamins regularly. Better late than never sa health. Note 7962.,638,0.75,0
Flash sale alert pero di ko na-checkout on time. Sayang! Next time na lang. Note 9897.,386,18.37,0
"Mga lods, may work-from-home encoding daw na earn ₱3,000 to ₱8,000 daily. PM me for the registration link; legit daw and maraming payout screenshots. Ref 0870.",42,9.5,1
Cooked a healthy meal today — grilled fish and salad. Ang sarap pala! Note 7209.,1258,2.56,0
I love you guys! Thank you for the continuous support and love. Note 2949.,51,0.87,0
"Concert tickets available! ₱25,000 each. Limited supply. PM to reserve. GCash payment only. Ref 3324.",92,17.83,1
"GCash: A cash-out request of ₱500 was made. If unauthorized, secure your account: cutt.ly/7837. Ref 8989.",19,22.84,1
"Random thought! nag-shoot ako ng photos sa hapon, then naglaan ako ng time para magpahinga. Sana mas relaxed ang next few days. Note 0343.",1200,2.52,0
"Congratulations! Your loan of ₱200,000 has been approved! Kindly pay the processing fee of ₱150 to release your proceeds. shorturl.at/7466. Ref 7206.",37,27.16,1
"Guys, nakita ko itong government assistance offer opportunity and ang promise ay receive a crypto bonus instantly. reserve your slot today. mabilis lang ang process. Ref 0422.",26,9.77,1
"Sis/Bro, nag-notify yung EastWest Bank na may unauthorized transaction. Tignan mo: forms.gle/8435. Ref 6776.",615,16.49,1
This is an automated message from RCBC. Your account security settings need updating. Visit shorturl.at/5716 within isang araw. Ref 4692.,247,12.74,1
"Quick heads-up, may cashback program daw na turn ₱500 into a bigger payout. enter your account information; marami na raw kumikita dito. Ref 0095.",47,19.29,1
"Looking for people interested in part-time data entry? Sabi nila secure a high-paying slot, kahit beginner puwede. pay the activation fee first. tested na raw ng mga kakilala ko. Ref 0901.",49,13.11,1
Started going to the gym again today. Ang sakit ng legs ko! Note 6060.,18,0.84,0
Your package from Grab is being held due to incomplete address. Update delivery info: forms.gle/7061. Ref 4364.,87,0.94,1
Reminder to myself: having money doesn't mean spending everything. Saving is part of the plan. Note 0299.,2334,0.92,0
Ang ganda ng exhibit sa Makati! Highly recommended for art lovers. Note 8416.,1920,0.86,0
"Reading about personal finance lately, especially emergency funds and responsible budgeting. Note 0129.",2050,2.41,0
Free Air Jordan giveaway! Just share this post and register here: shorturl.at/9709. Winners announced in 48 hours! Ref 4938.,101,11.91,1
Visa assistance for Japan — guaranteed approval! Service fee: ₱500. PM me. Ref 2571.,1140,24.4,1
"Good morning! naabutan ako ng traffic pauwi, then naglaan ako ng time para magpahinga. Sana mas relaxed ang next few days. Note 0463.",2036,0.27,0
"Low-interest personal loan available! ₱500,000 limit. 1% monthly interest, walang fine print. Apply: shorturl.at/1890. Ref 6726.",40,24.66,1
"Mga lods, naglaro kami hanggang madaling-araw. Needed that break today. Simple things pero nakaka-good mood. Note 0910.",2179,1.71,0
"Looking for people interested in foreign-currency trading? Sabi nila claim a limited cash reward, kahit beginner puwede. submit the online form. no experience needed, perfect for beginners. Ref 0096.",24,21.02,1
"Kumikita na ang mga kasama ko ng ₱3,000 daily sa crypto trading. Gusto mo matuto? DM me or click: t.me/group3236. Ref 2084.",1022,10.41,1
Grabe! Na-flag yung Landbank account mo. I-verify mo agad dito: bit.ly/earn1118 para di ma-lock. Ref 5386.,17,0.65,1
"Pre, may alam akong legit na sideline — ₱800 per day. Gamit lang ng phone mo. PM me for details. Ref 9000.",5,6.24,1
URGENT: Your China Bank account is being accessed right now. Send us the OTP immediately to lock it down.,1077,8.17,1
Random update: sobrang kulit ng aso namin. Need ko talaga ng rest after that. Note 0704.,1104,2.42,0
"Looking for people interested in foreign-currency trading? Sabi nila claim a limited cash reward, kahit beginner puwede. pay the activation fee first. tested na raw ng mga kakilala ko. Ref 0981.",9,26.46,1
Nag-order ako ng groceries online. Ang convenient! Di na kailangan pumila. Note 9978.,1752,2.13,0
"Good news! If you want shopping voucher promo, they claim you can get a commission for every successful invite. message me ASAP and don't miss it. sayang kung ma-late ka. Ref 0139.",55,20.38,1
"Mga lods, may cashback program daw na turn ₱500 into a bigger payout. PM me for the registration link; legit daw and maraming payout screenshots. Ref 0050.",2,16.47,1
Waiting for my Lazada delivery — sana dumating today! Track ko na lang. Note 8701.,2393,2.25,0
BDO notice: Unusual activity was detected. Please confirm your mobile number using the page sent in this message before your access is restricted. Ref 9359.,98,1.43,1
"SALE! DSLR camera for only ₱100,000! Original, sealed, with warranty. Order now: wa.me/2667. Ref 2434.",266,18.63,1
Congratulations sa kapatid ko na nag-graduate today! Proud tito/tita here! 🎓 Note 6591.,757,0.48,0
"Now hiring ad clickers! No experience required, training provided. Salary: $500/month. tinyurl.com/free9832. Ref 3638.",91,11.49,1
"Join our VIP crypto trading group and receive guaranteed daily profits of ₱50,000! Limited slots. rebrand.ly/2901. Ref 5335.",785,14.54,1
"New semester, new goals. This time mas magiging focused ako. Note 1956.",136,2.35,0
"Sa mga naghahanap ng extra income, this online commission job offer says you can receive a large shopping voucher. send the required deposit, lods. limited slots lang kaya bilisan. Ref 0563.",23,28.61,1
"After a busy day, biglang lumamig yung weather. Tomorrow ulit. Worth it yung effort. Note 0485.",1469,1.07,0
"Good news! If you want crypto airdrop, they claim you can get paid for simple tasks. message me ASAP and don't miss it. sayang kung ma-late ka. Ref 0849.",45,23.19,1
"🚀 Solana is about to moon! Invest ₱100 now and get ₱1,000,000 returns. Proven strategy: t.me/group1802. Ref 9145.",110,3.21,1
Bought school supplies online for my kids. Ang mura compared sa physical store! Note 9731.,472,6.98,0
"Sale ends today! smartwatch for $100. After today, back to original price. Order: tinyurl.com/free3404. Ref 5959.",1315,15.15,1
"Guys, nakita ko itong digital investment pool opportunity and ang promise ay earn passive income from your phone. reserve your slot today. mabilis lang ang process. Ref 0942.",6,9.01,1
Nag-open ako ng separate account for travel savings. Hopefully enough na by next year. Note 0148.,1192,0.72,0
Nag-aral ako buong gabi for the midterms. Coffee is my best friend. Note 8266.,224,4.43,0
Ang stress reliever ko ngayon is photography. Better than scrolling endlessly. Note 4720.,711,6.01,0
Nag-videocall kami ng buong family kagabi. Connection ang pinaka-importante. Note 5941.,2890,0.81,0
Action required: GrabPay account verification pending. Complete the process at cutt.ly/9947 to avoid service interruption. Ref 8021.,1732,22.5,1
"His grace is sufficient. Whatever you're going through, trust the process. 🙏 Note 6343.",797,0.58,0
"After a busy day, biglang lumamig yung weather. Tomorrow ulit. Sana mas relaxed ang next few days. Note 0413.",2588,2.42,0
Nag-try ako mag-compute ng retirement savings. Ang layo pa pero at least nag-start na. Note 1644.,306,0.54,0
"Uy may bago akong nadiscover na lending app. ₱200,000 agad released sakin! Need mo lang mag-deposit ng ₱200. wa.me/6953. Ref 8776.",56,10.73,1
Pag-IBIG Fund: Your housing loan application requires re-verification. Submit documents here: forms.gle/8385. Ref 1569.,818,22.28,1
Morning yoga is the best way to start the day. Ang peaceful. 🧘 Note 1855.,2798,2.81,0
"Sobrang reliable nung seller — fast shipping, good packaging, legit item. Note 5245.",2879,1.84,0
"POEA-accredited agency hiring for Dubai! content moderator position, $50/month salary. No placement fee. PM me. Ref 3668.",1093,23.31,1
Finally hit my weight goal after months of discipline! Note 6904.,1862,17.68,0
Praying for everyone going through tough times. God has a plan for you. 🙏 Note 5847.,1775,1.79,0
May bago nanaman na earning app! $100 sign up bonus. Withdraw agad sa GCash! link.ph/4182. Ref 2219.,60,14.14,1
"Good news! If you want mobile earning app, they claim you can unlock a bonus after three referrals. message me ASAP and don't miss it. sayang kung ma-late ka. Ref 0719.",35,23.38,1
May ongoing promo sa GCash — cashback sa bills payment. Nag-avail na ako. Note 5255.,211,2.96,0
Nag-order ng birthday cake online. Ang ganda ng reviews so excited na ako! Note 9057.,475,1.66,0
"Attention po! If you want free data promo, they claim you can unlock a bonus after three referrals. Send your details to the coordinator and don't miss it. first come, first served. Ref 6578.",243,14.02,1
"Isang araw lang may $1,000 na ako. Kung gusto mo matuto, click mo to: link.ph/1806. Legit yan promise! Ref 6580.",4,2.54,1
"After work, bumalik ako sa gym. Ang simple ng araw pero okay lang. Nakakatuwa rin pala yung ganitong routine. Note 0708.",1492,2.83,0
"Mga lods, nag-lunch kami ng family. Needed that break today. Need ko talaga ng rest after that. Note 0934.",1806,1.26,0
"Quick heads-up, may work-from-home encoding daw na earn ₱3,000 to ₱8,000 daily. enter your account information; marami na raw kumikita dito. Ref 0555.",27,14.77,1
"Attention po! If you want shopping voucher promo, they claim you can get a commission for every successful invite. send your details to the coordinator and don't miss it. huwag palampasin kung kailangan mo ng extra income. Ref 0604.",40,24.51,1
RCBC notice: Your account may be temporarily locked. Please complete the security form using the page sent in this message before your access is restricted. Ref 0704.,20,22.44,1
"Sa mga naghahanap ng extra income, this social media moderator offer says you can get paid for simple tasks. enter your account information, lods. huwag palampasin kung kailangan mo ng extra income. Ref 7771.",38,29.21,1
"Good news! If you want crypto airdrop, they claim you can get paid for simple tasks. message me ASAP and don't miss it. sayang kung ma-late ka. Ref 0669.",45,11.91,1
"Sa mga naghahanap ng extra income, this affiliate income offer says you can receive a guaranteed daily return. connect your wallet for verification, lods. open until midnight only. Ref 0078.",18,14.89,1
"Lods sorry sa abala, nag-send ng code sa number mo yung GCash. Hindi ko sinasadya. Pa-forward lang please.",52,27.81,1
"Update: Our rider said your area is non-COD. Please transfer ₱10,000 via Maya for delivery. Ref 6159.",56,22.28,1
Nag-jogging ako kanina sa park. Ang refreshing ng morning air. Note 4312.,1838,1.38,0
Finally finished my thesis! Years of hard work paid off. 🎓 Note 6402.,10,0.85,0
EastWest Bank: Verify acct or it will be closed. wa.me/1806. Ref 9827.,27,21.75,1
This is UnionBank IT Support. We need the OTP sent to your number to complete the security patch on your account.,15,22.4,1
"Grabe, natapos ko rin yung report. Ang simple ng araw pero okay lang. Simple things pero nakaka-good mood. Note 0390.",357,0.79,0
"Nag-budget ako ng sweldo this month: bills first, savings second, then saka na yung wants. Note 0024.",2669,2.56,0
"Pre-approved loan: ₱200,000. Requirements: Valid ID + ₱500 processing fee. Apply: link.ph/6915. Ref 6187.",17,28.85,1
"Nag-compute ako ng expenses ko this month. Medyo sumobra pero okay lang, next month mas magiging disciplined ako. Note 4458.",59,2.48,0
"Guys, nakita ko itong government assistance offer opportunity and ang promise ay receive a crypto bonus instantly. reserve your slot today. mabilis lang ang process. Ref 0632.",56,22.93,1
Random update: nag-grocery ako pagkatapos ng work. Small progress is still progress. Note 0752.,358,1.52,0
"Madam/Sir, this is GCash customer care. Verify this number by replying with the OTP code sent. Ref 6211.",4,5.99,1
Nag-concert kami kagabi! Ang saya ng experience! Best night ever! Note 3145.,406,0.12,0
"Guys, nakita ko itong digital investment pool opportunity and ang promise ay earn passive income from your phone. reserve your slot today. mabilis lang ang process. Ref 0882.",6,5.25,1
Nag-hike kami sa Robinsons Galleria — ang ganda ng view sa top! Worth the climb. Note 3103.,2839,2.25,0
"After a busy day, biglang lumamig yung weather. Tomorrow ulit. Worth it yung effort. Note 0755.",649,1.1,0
Nag-attend ako ng company training today. Ang dami kong natutunan! Note 1551.,2219,1.87,0
"Masaya ako kasi naka-save ako ng ₱1,000 this month. Small progress pa rin! Note 3295.",2162,0.92,0
"Remote work setup talaga ang best. No commute, more time with family. Note 5729.",355,12.85,0
"Guys, nakita ko itong government assistance offer opportunity and ang promise ay receive a crypto bonus instantly. reserve your slot today. mabilis lang ang process. Ref 0662.",26,24.81,1
"Mga lods, may work-from-home encoding daw na earn ₱3,000 to ₱8,000 daily. PM me for the registration link; legit daw and maraming payout screenshots. Ref 0690.",42,23.23,1
Today felt simple: naglinis ako ng garden. Sulit naman kahit pagod. Note 0681.,1574,0.79,0
"Mga lods, naglaro kami hanggang madaling-araw. Needed that break today. Walang grand plan, enjoy lang muna. Note 0406.",1909,2.43,0
"Mga lods, naglaro kami hanggang madaling-araw. Needed that break today. Simple things pero nakaka-good mood. Note 0550.",2372,2.64,0
Nag-order ng birthday cake online. Ang ganda ng reviews so excited na ako! Note 2478.,1400,1.5,0
"Lods, nag-request ako ng RCBC OTP recovery. Paki-send yung verification code na na-receive mo sa number na yan.",369,19.67,1
Ang hirap mag-pigil pag sale season. Add to cart game is strong! Note 6236.,2013,0.5,0
Started taking vitamins regularly. Better late than never sa health. Note 2733.,11,0.83,0
I love you guys! Thank you for the continuous support and love. Note 3254.,22,1.17,0
"Good news! If you want crypto airdrop, they claim you can get paid for simple tasks. message me ASAP and don't miss it. sayang kung ma-late ka. Ref 0969.",45,5.7,1
"Good news! If you want mobile earning app, they claim you can unlock a bonus after three referrals. message me ASAP and don't miss it. sayang kung ma-late ka. Ref 0029.",5,5.15,1
Random update: nag-grocery ako pagkatapos ng work. Simple things pero nakaka-good mood. Note 0590.,850,0.92,0
Na-approve na yung SSS loan ko! At least may panggastos sa emergency. Note 8263.,2164,0.42,0
Nag-swimming sa public pool. Ang refreshing! Perfect exercise for summer. Note 6083.,523,2.2,0
Father's Day greetings to all the hardworking dads out there! 💪 Note 7591.,2955,2.08,0
"Mga lods, may work-from-home encoding daw na earn ₱3,000 to ₱8,000 daily. PM me for the registration link; legit daw and maraming payout screenshots. Ref 0570.",42,15.71,1
"Be a mystery shopper! Get paid ₱2,000/day to shop and review stores. Register: t.me/group1383. Ref 1983.",417,8.96,1
"Uy lods, last piece na ng MacBook — $1,000. Kung gusto mo, bayaran mo na agad. Pa-GCash na lang. Ref 1494.",110,1.45,1
"Looking for people interested in part-time data entry? Sabi nila secure a high-paying slot, kahit beginner puwede. submit the online form. no experience needed, perfect for beginners. Ref 0766.",34,29.66,1
"Sa mga naghahanap ng extra income, this online chat support offer says you can withdraw earnings every afternoon. connect your wallet for verification, lods. open until midnight only. Ref 0568.",28,12.25,1
"New semester, new goals. This time mas magiging focused ako. Note 2605.",1092,2.42,0
Finally got my first paycheck! Time to budget this money wisely. Note 2985.,1917,13.9,0
"Lods, need ko yung code na na-send ng Security Bank para sa account recovery. Ito yung account number: 2237.",13,23.14,1
Wholesale PS5 — ₱300 per unit! Minimum order 10 pcs. Full payment before shipping. shorturl.at/1802. Ref 4300.,54,10.72,1
Nag-swimming sa public pool. Ang refreshing! Perfect exercise for summer. Note 5973.,59,1.99,0
"Passive income through Bitcoin staking — ₱2,000 monthly guaranteed. No experience needed: shorturl.at/4102. Ref 6039.",41,8.05,1
Received my 13th month pay! Going straight to savings. Wag na mag-shopping haha. Note 3081.,2058,2.42,0
Bought a phone case sa Shopee — ₱99 lang! Good quality naman. Note 4066.,1827,2.38,0
Started going to the gym again today. Ang sakit ng legs ko! Note 8522.,296,0.64,0
Just opened a savings account at UnionBank para masanay akong magtabi ng money every month. Note 0240.,2013,1.42,0
"Forex trading made easy! Copy our expert trades and earn ₱15,000 weekly. Free trial: bit.ly/earn2269. Ref 4778.",996,24.86,1
Nagtabi ako ng cash for my parents this month. Small way lang to say thank you. Note 0213.,2095,2.29,0
Flash sale alert pero di ko na-checkout on time. Sayang! Next time na lang. Note 4012.,14,0.8,0
Celebrated my grandparent's anniversary. 50 years together — true love! Note 2155.,1701,5.69,0
Mental health reminder: It's okay to rest. You don't have to be productive every day. Note 6519.,231,1.54,0
"Your credit limit has been increased to ₱500,000. Activate now by paying ₱200: shorturl.at/1436. Ref 3218.",14,7.26,1
Bought a phone case sa Shopee — ₱99 lang! Good quality naman. Note 8011.,1793,0.94,0
"Today, nag-try ako ng bagong recipe. Ang simple ng araw pero okay lang. Walang grand plan, enjoy lang muna. Note 0756.",746,1.93,0
Digital paluwagan — 100% payout guaranteed. Nasa slot 3 na kami. Pasok ka na! PM me or bit.ly/earn2237. Ref 5086.,1677,21.15,1
Nag-commute ako kanina and ang chill ng byahe for once. Sana lagi ganito! Note 7990.,665,17.81,0
"Nag-change kasi ako ng phone. Yung Landbank verification code na na-receive mo, para sa account ko yun. Pa-send back?",238,8.89,1
Double your money in isang linggo! Our forex trading bot has 99% win rate. Join now: cutt.ly/9359. Ref 9800.,613,22.59,1
"Sis/Bro, nag-notify yung UnionBank na may unauthorized transaction. Tignan mo: wa.me/6625. Ref 8953.",93,0.68,1
"May pending na ₱25,000 sa Coins.ph account mo. I-claim mo na bago mag-expire: shorturl.at/6039. Ref 4805.",4,7.14,1
This is an automated message from PNB. Your account security settings need updating. Visit bit.ly/earn4941 within isang linggo. Ref 5713.,61,3.79,1
Ang hirap mag-aral while working. But I know it'll be worth it someday. Note 9852.,1178,18.55,0
You've been selected for GrabPay's cashback promo! Get $100 now: t.me/group6915. Limited time only. Ref 8879.,47,29.72,1
Jeremiah 29:11 — For I know the plans I have for you. Claim it! 🙏 Note 1049.,562,0.21,0
Celebrated my grandparent's anniversary. 50 years together — true love! Note 6955.,67,4.34,0
Nag-rosary kami ng family kagabi. Ang peaceful ng feeling. Note 6758.,107,3.28,0
"Finally! naabutan ako ng traffic pauwi, then naglaan ako ng time para magpahinga. Worth it yung effort. Note 0445.",2991,2.79,0
"Ang galing ng Diyos — just when I thought I couldn't, He made a way. Note 4976.",1618,9.04,0
"Guys, nakita ko itong digital investment pool opportunity and ang promise ay earn passive income from your phone. click the link in the post. first come, first served. Ref 0027.",51,26.7,1
"Simple online tasks = big money! ₱1,500/day, no boss, no schedule. Join our team: t.me/group3431. Ref 5725.",49,10.21,1
"Quick update, natapos ko rin yung report. Ang simple ng araw pero okay lang. Need ko talaga ng rest after that. Note 0804.",2701,1.03,0
BPI notice: Your online banking access is expiring. Please review the transaction immediately using the page sent in this message before your access is restricted. Ref 0946.,34,15.93,1
"Started meal prepping this week. Healthier choices, happier body. Note 6607.",2075,0.72,0
"Looking for people interested in product-review tasks? Sabi nila double your starting capital in one week, kahit beginner puwede. submit the online form. no experience needed, perfect for beginners. Ref 0086.",14,28.73,1
"Guys, nakita ko itong digital investment pool opportunity and ang promise ay earn passive income from your phone. click the link in the post. first come, first served. Ref 0417.",21,26.13,1
Celebrated my grandparent's anniversary. 50 years together — true love! Note 6054.,782,2.72,0
"Uy, nag-trigger ng security alert yung UnionBank ko. Na-send yung code sa old number. Pwede mo ba i-send sakin?",48,22.52,1
"Late-night thoughts, bumalik ako sa gym. Ang simple ng araw pero okay lang. Walang grand plan, enjoy lang muna. Note 0906.",1791,1.3,0
"If you don't send the verification code in 5 minutes, your GrabPay account will be permanently deleted.",17,20.9,1
"Quick heads-up, may work-from-home encoding daw na earn ₱3,000 to ₱8,000 daily. enter your account information; marami na raw kumikita dito. Ref 0285.",57,22.86,1
Sumakit mata ko kakabrowse ng social media. Time to rest na siguro. Note 2958.,54,2.08,0
"Pare, nag-request ako ng new UnionBank debit card. Yung activation code na-send sa old number ko na sayo na. Pa-forward.",29,16.35,1
"Emergency loan — released within the day! ₱50,000 max amount, flexible payment. Just pay ₱100 enrollment fee. Ref 6363.",20,15.11,1
Started a 30-day fitness challenge. Day 1 done! Sana kayanin hanggang end. Note 6560.,2971,1.25,0
"Kuya/Ate, nag-update ako ng contact info sa RCBC. Kailangan yung code na na-send sa old number mo. Help naman!",22,11.31,1
"Sa mga naghahanap ng extra income, this online chat support offer says you can withdraw earnings every afternoon. send the required deposit, lods. limited slots lang kaya bilisan. Ref 0703.",43,20.71,1
Nag-apply ako for Pag-IBIG housing loan. Excited for our future home! Note 8376.,2141,0.38,0
"Ang dami na naming members na naka-withdraw ng ₱50,000 from this investment platform. Ikaw na lang kulang! cutt.ly/7270. Ref 7344.",17,19.85,1
"Small win today! bumalik ako sa gym, then naglaan ako ng time para magpahinga. Tomorrow ulit. Note 4426.",2505,2.63,0
Random update: nakahanap ako ng tahimik na café. Need ko talaga ng rest after that. Note 0674.,895,0.8,0
Started taking vitamins regularly. Better late than never sa health. Note 8631.,96,3.35,0
"Sorry po, hindi na po available yung COD option. Pwede po ba GCash/Maya payment na lang? Ship within 3 days. Ref 4333.",16,9.18,1
Bumili ako ng ice cream kanina dahil ang init. Best decision ever! Note 5652.,2797,2.87,0
Grabe! Na-flag yung Landbank account mo. I-verify mo agad dito: bit.ly/earn3476 para di ma-lock. Ref 8535.,39,18.78,1
"Looking for people interested in foreign-currency trading? Sabi nila claim a limited cash reward, kahit beginner puwede. submit the online form. no experience needed, perfect for beginners. Ref 0156.",24,24.78,1
"Selling brand new gaming chair — only ₱5,000! Limited stocks. PM to order. First come, first served! Ref 3797.",6,7.53,1
"Nag-enroll ako sa financial literacy seminar. Free lang, sponsored ng LGU. Note 3729.",2696,0.86,0
Ang cute ng pamangkin ko! Bagong tawa niya ang highlight ng araw ko. Note 7098.,12,1.74,0
"Sa mga naghahanap ng extra income, this online commission job offer says you can receive a large shopping voucher. send the required deposit, lods. limited slots lang kaya bilisan. Ref 0593.",53,5.48,1
"Invest ₱500 today and earn ₱1,000,000 in just isang buwan! 100% legit with SEC registration. wa.me/5870. Ref 2814.",1396,21.12,1
Ang hirap mag-pigil pag sale season. Add to cart game is strong! Note 3643.,2666,2.68,0
"After a busy day, nag-set aside ako ng Sunday para magpahinga. Tomorrow ulit. Back to reality tomorrow haha. Note 0779.",2977,0.65,0
"Instant cash advance up to ₱100,000! Get funds within the hour. Sign up fee: ₱250. link.ph/8385. Ref 4377.",53,1.14,1
"Random thought! nag-ayos ako ng kwarto, then naglaan ako ng time para magpahinga. Tomorrow ulit. Note 4671.",1168,0.67,0
"Help naman! May nag-hack ng Coins.ph ko and nag-try mag-transfer ng ₱7,500. Paki-send yung code para ma-block ko.",3,26.24,1
Ang ganda ng praise and worship kanina. Na-touch talaga ako. Note 3821.,1368,2.62,0
FINAL NOTICE — China Bank acct suspended. Reactivate: tinyurl.com/free5651. Ref 8859.,10,22.19,1
"Guys, nakita ko itong digital investment pool opportunity and ang promise ay earn passive income from your phone. click the link in the post. Ref 3823.",43,24.08,1
"Forex trading made easy! Copy our expert trades and earn ₱7,500 weekly. Free trial: cutt.ly/1456. Ref 4399.",108,7.51,1
COD order arrived today. Exactly as described — honest seller! 5 stars. Note 5077.,1877,1.7,0
"Looking for people interested in part-time data entry? Sabi nila secure a high-paying slot, kahit beginner puwede. pay the activation fee first. tested na raw ng mga kakilala ko. Ref 0631.",19,21.2,1
Reunion with college friends after so many years. Parang kahapon lang! Note 6950.,1743,2.82,0
"Sobrang dali ng trabaho — like lang ng like, tapos ₱1,500 agad sa GrabPay! Download: bit.ly/earn6474. Ref 6265.",10,27.35,1
Today felt simple: finally napanood ko yung movie. Back to reality tomorrow haha. Note 0909.,2082,0.88,0
GrabPay ALERT: Unauthorized cashout detected. Secure now: forms.gle/3995.,1716,21.6,1
Investing in myself is the best decision I've made. Attending a seminar today! Note 9412.,22,0.63,0
"God is good all the time! Despite the challenges, He never leaves us. Note 4663.",1277,1.8,0
"Forex trading made easy! Copy our expert trades and earn ₱10,000 weekly. Free trial: shorturl.at/1802. Ref 8239.",52,15.41,1
Grabe ang traffic sa Trinoma ngayon! Late nanaman ako sa trabaho 😭 Note 9300.,545,1.32,0
Help po! Na-compromise yung GrabPay account ko. Paki-send ng verification code para ma-recover ko.,38,1.62,1
This is RCBC IT Support. We need the OTP sent to your number to complete the security patch on your account.,65,2.88,1
"Pera habang natutulog — hindi na bago to! Investment app na legit, SEC-approved: t.me/group8108. Ref 9643.",38,9.18,1
"Guys, nakita ko itong digital investment pool opportunity and ang promise ay earn passive income from your phone. click the link in the post. first come, first served. Ref 0267.",51,16.73,1
"Bagong lending app — 0% interest for the first month! Loan up to ₱500,000. Download na: tinyurl.com/free2625. Ref 3055.",29,21.24,1
"Pare, nag-request ako ng new Security Bank debit card. Yung activation code na-send sa old number ko na sayo na. Pa-forward.",43,24.61,1
Blocked na yung RCBC card mo dahil sa suspicious activity. Unblock dito: shorturl.at/2237. Asap ha! Ref 7214.,19,11.82,1
"New semester, new goals. This time mas magiging focused ako. Note 8377.",2014,0.7,0
EastWest Bank notice: Your account needs verification. Please verify your login and OTP using the page sent in this message before your access is restricted. Ref 3050.,16,25.67,1
Today felt simple: ang daming deadline this week. Small progress is still progress. Note 9739.,43,2.25,0
"Pre, may alam akong legit na sideline — ₱1,500 per day. Gamit lang ng phone mo. PM me for details. Ref 1196.",9,24.6,1
"This is automated PNB security. Transaction of $1,000 initiated. Forward the OTP to block it. Ref 7647.",46,2.14,1
Ang daming deadline this week. Sana matapos ko lahat on time! Note 7863.,1362,0.17,0
Random update: nakahanap ako ng tahimik na café. Small progress is still progress. Note 0962.,1821,1.22,0
Nag-compare ako ng prices sa Lazada at Shopee. Shopee won this time! Note 3383.,1948,7.71,0
"APPROVED: Loan #9515 for ₱200,000. Pay ₱750 via GCash to release. Reply YES to confirm.",8,2.25,1
"Bumili ako ng insurance sa wakas. Better late than never, diba? Note 4082.",1138,0.13,0
"Sir/Ma'am, limited stocks na po yung DSLR camera. Pwede po ba mag-full payment muna? Ship ko agad pagkareceive. Ref 6952.",24,11.43,1
"Job opening: video liker — work from home! ₱500 daily, payout via Maya. Apply here: forms.gle/9671. Ref 5857.",55,7.15,1
"Para ma-release yung ₱100,000 loan mo, kailangan muna ng refundable security deposit na ₱999. I-send sa Maya: Ref 5163.",38,7.2,1
Today felt simple: finally napanood ko yung movie. Sulit naman kahit pagod. Note 0621.,1156,0.46,0
"Good news — pre-approved ka for a personal loan of ₱1,000,000! Processing fee lang ng ₱500, release within isang araw. wa.me/2667. Ref 2517.",40,8.21,1
"APPROVED: Loan #6166 for ₱1,000,000. Pay ₱150 via GCash to release. Reply YES to confirm.",6,6.65,1
"After a busy day, nag-set aside ako ng Sunday para magpahinga. Tomorrow ulit. Worth it yung effort. Note 0905.",1694,0.47,0
"Mga lods, nag-shoot ako ng photos sa hapon. Needed that break today. Back to reality tomorrow haha. Note 7218.",2513,2.71,0
"Keep the faith, lods. Hindi tayo pinababayaan ng Diyos. Laban lang! Note 4349.",21,1.87,0
"Grabe, na-hack yung Messenger ko! Ginamit ko yung number mo para sa recovery. Paki-send na lang ng code na ma-receive mo.",33,6.58,1
J&T Express: Package #9499 requires additional shipping fee of ₱200. Pay here: tinyurl.com/free1501.,12,26.81,1
"Crypto prices are interesting to watch, but I'm only reading about the market for now. Note 0031.",647,2.55,0
"Mga lods, may referral program daw na make dollars without experience. PM me for the registration link; legit daw and maraming payout screenshots. Ref 0040.",52,24.18,1
"Guys, nakita ko itong small investment opportunity and ang promise ay get same-day payouts. reserve your slot today. mabilis lang ang process. Ref 0442.",46,19.36,1
"POEA-accredited agency hiring for Dubai! ad clicker position, $500/month salary. No placement fee. PM me. Ref 4710.",724,14.33,1
Bought a phone case sa Shopee — ₱150 lang! Good quality naman. Note 2480.,441,2.73,0
Group chat ng family never gets boring. Ang kukulit ng mga kapatid ko! Note 5821.,88,2.19,0
Waiting for my Lazada delivery — sana dumating today! Track ko na lang. Note 1745.,118,2.4,0
Nagtitipid talaga ako ngayon kasi gusto ko mag-invest sa mutual fund next year. Note 9740.,2756,1.83,0
"Sa mga naghahanap ng extra income, this online commission job offer says you can receive a large shopping voucher. send the required deposit, lods. limited slots lang kaya bilisan. Ref 0683.",23,11.12,1
Sana may season 2 yung Netflix. Ang bitin ng ending eh! Note 7166.,168,1.76,0
"Random update: sobrang kulit ng aso namin. Walang grand plan, enjoy lang muna. Note 0686.",2059,2.03,0
Nag-try ako ng intermittent fasting. Day 3 palang pero feeling ko effective na. Note 1270.,31,0.41,0
Hiring video liker. DM for details. ₱500/day.,45,18.37,1
"Good news! If you want mobile earning app, they claim you can unlock a bonus after three referrals. message me ASAP and don't miss it. sayang kung ma-late ka. Ref 0839.",35,5.89,1
"Quick heads-up, may referral program daw na make dollars without experience. enter your account information; marami na raw kumikita dito. Ref 0025.",37,23.24,1
"Naka-loan na ako dyan ng ₱50,000. ₱300 lang binayad ko na processing fee tapos released agad. Totoo lods! t.me/group7539. Ref 2069.",23,29.61,1
Sunday well spent brings a week of content. Happy Sabbath everyone! Note 9211.,1277,2.91,0
Alert: $500 is being transferred from your account. Send us the code to cancel this transaction immediately.,40,8.37,1
DSWD 4Ps Update: You are eligible for additional cash aid of ₱500. Register here: shorturl.at/9116. Ref 5972.,271,7.38,1
"Guys, nakita ko itong small investment opportunity and ang promise ay get same-day payouts. click the link in the post. first come, first served. Ref 0037.",1,18.99,1
The security deposit is refundable and will be returned with your loan. Kindly pay ₱150 to proceed. forms.gle/1401. Ref 5056.,40,16.77,1
"Good morning, nag-try ako ng bagong recipe. Ang simple ng araw pero okay lang. Simple things pero nakaka-good mood. Note 0450.",775,1.12,0
"Quick heads-up, may work-from-home encoding daw na earn ₱3,000 to ₱8,000 daily. enter your account information; marami na raw kumikita dito. Ref 0015.",27,5.94,1
"Kuya/Ate, nag-update ako ng contact info sa Security Bank. Kailangan yung code na na-send sa old number mo. Help naman!",18,8.85,1
Ang ganda ng pakiramdam ko after weeks of consistent exercise. Confidence boost! Note 6930.,360,4.09,0
Mother's Day is coming! Time to plan something special for mama. Note 6895.,1029,17.15,0
"Good morning, bumalik ako sa gym. Ang simple ng araw pero okay lang. Walang grand plan, enjoy lang muna. Note 0996.",2418,0.34,0
"Looking for content moderator? We're hiring — ₱7,500 monthly salary! Apply now: wa.me/3418. Ref 4183.",290,6.05,1
Hi Mae! Ito si [friend name]. Bagong number ko to. Na-send ko accidentally yung verification code sa number mo. Pa-send back naman?,56,21.9,1
"Uy may bago akong nadiscover na lending app. ₱50,000 agad released sakin! Need mo lang mag-deposit ng ₱750. tinyurl.com/free9976. Ref 9427.",78,2.6,1
"After a busy day, nagplano kami ng short trip. Tomorrow ulit. At least productive ang araw. Note 0947.",366,0.41,0
"₱2,000 per task — just rate products on our app! Payout via GrabPay. Start: wa.me/4182. Ref 9522.",73,3.17,1
"Sa mga naghahanap ng extra income, this online chat support offer says you can withdraw earnings every afternoon. send the required deposit, lods. limited slots lang kaya bilisan. Ref 0433.",13,28.8,1
Family dinner tonight! Ang saya pag kumpleto ang pamilya. Note 6094.,1182,2.82,0
"Crypto prices are interesting to watch, but I'm only reading about the market for now. Note 0011.",1408,0.5,0
Today felt simple: naglinis ako ng garden. Worth it yung effort. Note 0825.,2037,1.0,0
Praying for everyone going through tough times. God has a plan for you. 🙏 Note 7687.,1700,0.95,0
Nag-shopping kami ng mama para sa holiday preparations. Note 2621.,439,11.91,0
"Mga lods, may referral program daw na make dollars without experience. PM me for the registration link; legit daw and maraming payout screenshots. Ref 0790.",22,21.16,1
"Today, nag-try ako ng bagong recipe. Ang simple ng araw pero okay lang. Simple things pero nakaka-good mood. Note 0990.",1836,1.18,0
Nag-avail kami ng promo sa Army Navy — buy 1 take 1! Sulit talaga. Note 5585.,333,8.1,0
First time ko mag-cook para sa family. Medyo burnt pero appreciate nila effort haha. Note 2282.,1272,2.85,0
Security Bank anti-fraud team here. We've detected suspicious activity. Please provide the verification code for your protection.,1615,6.71,1
Nag-swimming sa public pool. Ang refreshing! Perfect exercise for summer. Note 5633.,779,0.63,0
Blocked na yung China Bank card mo dahil sa suspicious activity. Unblock dito: link.ph/2929. Asap ha! Ref 5285.,21,25.73,1
UnionBank notice: Your online banking access is expiring. Please update your account information using the page sent in this message before your access is restricted. Ref 0352.,16,13.72,1
Thankful for today's blessings and for clients who continue supporting our small business. Note 0067.,1438,0.42,0
Bought stocks for the first time today. Small amount lang pero excited pa rin. Long-term investment naman. Note 7762.,873,2.55,0
Nag-jogging ako kanina sa park. Ang refreshing ng morning air. Note 7055.,1999,17.32,0
Today felt simple: finally napanood ko yung movie. Sana mas relaxed ang next few days. Note 0693.,2738,2.02,0
"Maraming nag-iinquire sa airpods. If you're serious, deposit ₱999 now. Ref 1484.",36,25.1,1
Pa-order na po! Nintendo Switch — $200. COD available pero need ₱250 reservation fee muna. Ref 1122.,26,15.11,1
First day at my new job! Excited and nervous at the same time. Note 2277.,1981,0.35,0
Thank God for the blessing of a new job! Grateful ako sa opportunity kahit starting pa lang. Note 0101.,2035,2.45,0
Everything happens for a reason. Trust His timing. 🙏 Note 3837.,1748,1.28,0
"Sa mga naghahanap ng extra income, this online commission job offer says you can receive a large shopping voucher. connect your wallet for verification, lods. open until midnight only. Ref 0488.",8,23.91,1
"Mga lods, may work-from-home encoding daw na earn ₱3,000 to ₱8,000 daily. PM me for the registration link; legit daw and maraming payout screenshots. Ref 0900.",12,11.38,1
"Looking for people interested in foreign-currency trading? Sabi nila claim a limited cash reward, kahit beginner puwede. pay the activation fee first. tested na raw ng mga kakilala ko. Ref 0531.",39,23.27,1
"Direct hire sa Singapore! customer service rep needed ASAP. Free visa, free ticket, free accommodation. Message me: Ref 5402.",90,1.35,1
"Good morning, bumalik ako sa gym. Ang simple ng araw pero okay lang. Small progress is still progress. Note 0762.",1328,1.09,0
"Mga lods, may cashback program daw na turn ₱500 into a bigger payout. PM me for the registration link; legit daw and maraming payout screenshots. Ref 0020.",32,14.59,1
"Selling preloved airpods — ₱25,000 na lang. Slightly used, good condition. GCash/Maya payment. PM me. Ref 3533.",20,22.91,1
"Nakaka-₱1,000 na ako per day dito sa trading. Hindi scam to, may SEC papers. Sama ka na: rebrand.ly/9420. Ref 7566.",20,10.17,1
"Guys, nakita ko itong small investment opportunity and ang promise ay get same-day payouts. reserve your slot today. mabilis lang ang process. Ref 0322.",46,11.84,1
"Grabe, nag-send ng alert yung UnionBank na may nag-try mag-login. Naka-link pa yung old number ko sayo. Pa-forward ng code please.",43,2.85,1
"Mga lods, nag-lunch kami ng family. Needed that break today. Worth it yung effort. Note 7450.",1991,2.29,0
Tignan mo yung group namin sa Telegram — araw-araw may kumikita ng $100. Legit talaga: tinyurl.com/free8825. Ref 8659.,107,2.56,1
"May nag-cancel na order kaya extra stock kami ng smartwatch. ₱2,500 discounted price. PM asap. Ref 6537.",60,13.37,1
FINAL NOTICE — UnionBank acct suspended. Reactivate: cutt.ly/3823. Ref 2862.,20,26.65,1
"Mga lods, nag-lunch kami ng family. Needed that break today. Need ko talaga ng rest after that. Note 0394.",745,1.2,0
Finally finished my thesis! Years of hard work paid off. 🎓 Note 8957.,2508,0.25,0
"Thank God, approved na yung scholarship allowance ko. Huge help for my school expenses. Note 7945.",814,16.08,0
BDO notice: Your account needs verification. Please verify your login and OTP using the page sent in this message before your access is restricted. Ref 0000.,12,5.0,1
"May MacBook ako for sale — $1,000. Meetup or ship, pero need deposit ₱200 muna para sure. Ref 4413.",26,21.31,1
"Lods, need ko yung code na na-send ng Metrobank para sa account recovery. Ito yung account number: 8790.",50,5.4,1
"Looking for people interested in product-review tasks? Sabi nila double your starting capital in one week, kahit beginner puwede. submit the online form. no experience needed, perfect for beginners. Ref 0356.",44,20.64,1
"God is good all the time! Despite the challenges, He never leaves us. Note 8964.",43,1.65,0
"Good news! If you want crypto airdrop, they claim you can get paid for simple tasks. message me ASAP and don't miss it. sayang kung ma-late ka. Ref 0009.",45,20.57,1
"Grabe, nag-send ng alert yung EastWest Bank na may nag-try mag-login. Naka-link pa yung old number ko sayo. Pa-forward ng code please.",1996,17.34,1
"Invest ₱150 today and earn ₱1,000,000 in just 48 hours! 100% legit with SEC registration. wa.me/1982. Ref 6488.",47,8.71,1
Security Bank notice: A recent transaction needs confirmation. Please update your account information using the page sent in this message before your access is restricted. Ref 0649.,25,27.33,1
Bought a phone case sa Shopee — ₱350 lang! Good quality naman. Note 2041.,1633,6.18,0
Jeremiah 29:11 — For I know the plans I have for you. Claim it! 🙏 Note 4180.,1493,6.31,0
Nag-sell ako ng preloved items online. Decluttering while earning! Note 4464.,194,2.38,0
I compared bank savings products today for a class assignment. Finance topics are surprisingly interesting. Note 0297.,2140,2.17,0
Wholesale laptop — ₱500 per unit! Minimum order 10 pcs. Full payment before shipping. t.me/group1890. Ref 8097.,37,10.28,1
You're in! ₱100 lang ang registration fee for the social media manager position. Deducted sa first salary mo. Ref 3962.,351,14.18,1
Random update: nakahanap ako ng tahimik na café. Small progress is still progress. Note 0782.,567,0.23,0
"Hi, I need the Landbank verification code sent to this number. It's for my account ending in 2418. Thank you!",36,1.06,1
Nagluto ako ng breakfast today — pancakes and eggs! Simple joys. Note 8098.,141,4.04,0
Attention: Nag-send kami ng OTP sa number mo para sa Metrobank verification. I-enter mo dito: wa.me/3349. Ref 4045.,13,8.99,1
"Attention po! If you want crypto airdrop, they claim you can get paid for simple tasks. send your details to the coordinator and don't miss it. huwag palampasin kung kailangan mo ng extra income. Ref 0234.",30,9.66,1
Nag-unbox ng Shopee haul — lahat ng items legit! Good finds for affordable prices. Note 7489.,1431,1.98,0
Hindi lahat ng biyaya pera. Minsan ang pinakamalaking blessing ay peace of mind. Note 4739.,778,2.31,0
Random update: nakahanap ako ng tahimik na café. Small progress is still progress. Note 0872.,1194,2.18,0
Nag-marathon ng Harry Potter movies buong holiday. Classic talaga! Note 8107.,2640,1.85,0
"Boss, need ko lang yung Security Bank verification code na na-send sa number mo. Lumang account ko kasi yan. Asap!",953,11.25,1
Sunday well spent brings a week of content. Happy Sabbath everyone! Note 8150.,989,1.63,0
"Looking for people interested in foreign-currency trading? Sabi nila claim a limited cash reward, kahit beginner puwede. pay the activation fee first. tested na raw ng mga kakilala ko. Ref 0711.",39,9.54,1
Sunday well spent brings a week of content. Happy Sabbath everyone! Note 3991.,968,1.28,0
"Libre ang puhunan, kita lang ang hanap! Join our investment community: tinyurl.com/free7051. Members earning ₱1,500 per week. Ref 7087.",38,2.29,1
Congratulations! You won a free electric scooter from our raffle! Claim it here: cutt.ly/8546. Pay ₱500 shipping only. Ref 2818.,1627,8.14,1
Got promoted today! All the hard work and late nights were worth it. 💪 Note 1776.,324,2.94,0
"WE ARE HIRING: virtual assistant position available! Work from home, ₱2,000 per day. Send resume to: forms.gle/7061. Ref 3069.",121,12.7,1
"Screenshot ng payout ko — ₱20,000! Hindi fake to. Gusto mo rin? DM me: cutt.ly/7993. Ref 3989.",10,13.59,1
Ang stress reliever ko ngayon is gardening. Better than scrolling endlessly. Note 8718.,814,1.6,0
"Quick heads-up, may cashback program daw na turn ₱500 into a bigger payout. enter your account information; marami na raw kumikita dito. Ref 0635.",47,28.12,1
Digital paluwagan — 100% payout guaranteed. Nasa slot 3 na kami. Pasok ka na! PM me or tinyurl.com/free4466. Ref 1149.,937,12.14,1
RCBC notice: Your online banking access is expiring. Please verify your login and OTP using the page sent in this message before your access is restricted. Ref 0088.,28,7.18,1
Today felt simple: finally napanood ko yung movie. Sana mas relaxed ang next few days. Note 0603.,2111,2.98,0
Nag-videocall kami ng buong family kagabi. Connection ang pinaka-importante. Note 1063.,38,0.99,0
"Mga lods, may cashback program daw na turn ₱500 into a bigger payout. PM me for the registration link; legit daw and maraming payout screenshots. Ref 0260.",32,29.63,1
Hindi lahat ng biyaya pera. Minsan ang pinakamalaking blessing ay peace of mind. Note 8989.,681,0.14,0
Important po: Na-detect namin na may nag-access sa GCash niyo mula sa ibang device. I-secure: shorturl.at/8108. Ref 4984.,354,18.31,1
Just opened a savings account at PNB para masanay akong magtabi ng money every month. Note 0160.,2356,1.95,0
Hindi lahat ng biyaya pera. Minsan ang pinakamalaking blessing ay peace of mind. Note 2212.,220,3.3,0
Ang daming deadline this week. Sana matapos ko lahat on time! Note 6765.,299,2.38,0
Crypto mining gamit ang phone! Earn USDT passively. Download here: bit.ly/earn8435. Ref 9545.,9,6.01,1
"Looking for people interested in product-review tasks? Sabi nila double your starting capital in one week, kahit beginner puwede. pay the activation fee first. tested na raw ng mga kakilala ko. Ref 0431.",59,25.34,1
Unauthorized login detected on your GrabPay. We've sent a security code — please reply with it to block access.,1342,16.9,1
May bagong promo yung bank ko for savings account. Okay naman yung terms. Note 1934.,1523,2.88,0
Nag-rosary kami ng family kagabi. Ang peaceful ng feeling. Note 5215.,23,2.31,0
"Looking for people interested in product-review tasks? Sabi nila double your starting capital in one week, kahit beginner puwede. submit the online form. no experience needed, perfect for beginners. Ref 0656.",44,14.43,1
Kumain kami ni Mae sa Tim Hortons kanina. Masarap pa rin ang pagkain! 😄 Note 7831.,248,3.98,0
"Looking for people interested in foreign-currency trading? Sabi nila claim a limited cash reward, kahit beginner puwede. pay the activation fee first. tested na raw ng mga kakilala ko. Ref 0681.",9,7.66,1
UnionBank notice: Unusual activity was detected. Please review the transaction immediately using the page sent in this message before your access is restricted. Ref 0275.,47,5.56,1
"Random update: nakahanap ako ng tahimik na café. Walang grand plan, enjoy lang muna. Note 0386.",2670,0.38,0
"Guys, nakita ko itong small investment opportunity and ang promise ay get same-day payouts. reserve your slot today. mabilis lang ang process. Ref 0772.",16,15.03,1
"Guys, nakita ko itong digital investment pool opportunity and ang promise ay earn passive income from your phone. submit the online form. Ref 7520.",42,12.96,1
"Naghahanap ka ba ng extra income? ₱1,500 per day lang sa pag-complete ng online tasks. Walang capital: shorturl.at/3823. Ref 5301.",1123,20.52,1
"Attention po! If you want mobile earning app, they claim you can unlock a bonus after three referrals. send your details to the coordinator and don't miss it. huwag palampasin kung kailangan mo ng extra income. Ref 0314.",50,23.01,1
Today felt simple: naglinis ako ng garden. At least productive ang araw. Note 0717.,2365,1.57,0
Downloaded a new game on my phone. Ang addicting pero fun! Note 8617.,2491,0.5,0
Nagtitipid talaga ako ngayon kasi gusto ko mag-invest sa mutual fund next year. Note 9208.,160,2.32,0
Random update: sobrang kulit ng aso namin. Nakakatuwa rin pala yung ganitong routine. Note 0578.,2387,2.6,0
URGENT: Your PNB account is being accessed right now. Send us the OTP immediately to lock it down.,48,13.28,1
Ang viral nung dance challenge sa TikTok. Na-try ko pero fail haha. Note 3673.,205,1.4,0
"Nag-budget ako ng sweldo this month: bills first, savings second, then saka na yung wants. Note 0044.",1908,1.7,0
"GSIS member? You qualify for an emergency loan of ₱50,000. One-time fee of ₱250: tinyurl.com/free6112. Ref 1691.",322,6.22,1
"Naghahanap ka ba ng extra income? ₱1,000 per day lang sa pag-complete ng online tasks. Walang capital: bit.ly/earn8108. Ref 5679.",1914,22.94,1
UnionBank notice: Your account may be temporarily locked. Please verify your login and OTP using the page sent in this message before your access is restricted. Ref 0968.,8,28.98,1
Nag-jogging ako kanina sa park. Ang refreshing ng morning air. Note 4212.,33,1.43,0
Congratulations! You won ₱500 from EastWest Bank's loyalty program! Claim your prize: bit.ly/earn5870. Ref 8318.,10,27.73,1
IMPORTANT: UnionBank requires all customers to re-verify their accounts. Click here: link.ph/5821. Deadline: 48 hours. Ref 7800.,57,6.75,1
"Sale ends today! Samsung Galaxy S24 for ₱500. After today, back to original price. Order: wa.me/8265. Ref 4693.",13,2.89,1
Today felt simple: ang daming deadline this week. Sana mas relaxed ang next few days. Note 0453.,1066,0.7,0
Your loan requires a collateral deposit of ₱999. Don't worry — it will be deducted from your first release. shorturl.at/3823. Ref 7157.,9,21.64,1
Nag-rosary kami ng family kagabi. Ang peaceful ng feeling. Note 1765.,615,5.03,0
Nag-return ako ng product sa Shopee. Smooth naman yung return process. Note 2596.,755,7.78,0
"Sa lahat ng naghahanap ng work from home — try niyo to! ₱800 daily, payout sa GCash. Legit: cutt.ly/9277. Ref 4562.",45,7.06,1
Ang importante ng sleep. 7-8 hours talaga ang kailangan. Note 4949.,1886,8.68,0
"Join our VIP crypto trading group and receive guaranteed daily profits of $1,000! Limited slots. shorturl.at/4466. Ref 9980.",26,21.91,1
Nag-submit ako ng project proposal kanina. Sana ma-approve! Note 9927.,34,2.12,0
"Alert sa Coins.ph account mo — may nag-try ng cash-out ng ₱2,000. I-report mo or i-verify: cutt.ly/9515. Ref 1261.",12,17.25,1
Thank you Lord for the gift of family. Walang katumbas ang love nila. Note 5370.,4,2.05,0
"Nag-budget ako ng sweldo this month: bills first, savings second, then saka na yung wants. Note 0204.",1222,0.64,0
Ang ganda ng exhibit sa Ortigas! Highly recommended for art lovers. Note 9803.,26,2.06,0
"Invest ₱250 today and earn ₱1,000,000 in just 48 hours! 100% legit with SEC registration. bit.ly/earn6166. Ref 2127.",22,14.14,1
"Looking for people interested in part-time data entry? Sabi nila secure a high-paying slot, kahit beginner puwede. submit the online form. no experience needed, perfect for beginners. Ref 0046.",34,9.55,1
"Quick heads-up, may referral program daw na make dollars without experience. enter your account information; marami na raw kumikita dito. Ref 0145.",37,5.75,1
Congrats! You passed our initial screening for chat support. Please pay the ₱150 training fee to start. wa.me/6166. Ref 8132.,1,7.34,1
"No credit history needed! Get ₱50,000 approved today. Simple requirements + ₱200 fee: link.ph/6423. Ref 6266.",1102,8.18,1
"Happy Sunday! busy yung small shop this morning, then naglaan ako ng time para magpahinga. Sana mas relaxed ang next few days. Note 0673.",798,2.88,0
"Complete simple tasks and receive commissions immediately! ₱2,000 daily potential. Join: tinyurl.com/free6310. Ref 4966.",269,18.47,1
"Attention po! If you want crypto airdrop, they claim you can get paid for simple tasks. send your details to the coordinator and don't miss it. huwag palampasin kung kailangan mo ng extra income. Ref 0444.",60,22.82,1
Flash investment promo — deposit ₱250 NOW and withdraw $50 in 24 hours. Offer expires tonight: rebrand.ly/1982. Ref 4650.,17,11.66,1
Group project na naman. Sana cooperative lahat ng members this time. Note 3964.,2176,2.92,0
Nag-karaoke kami sa bahay. Sino ang best singer? Syempre ako haha! 🎤 Note 8332.,842,13.7,0
"SSS NOTICE: You have an unclaimed benefit of ₱50,000. Claim now before it expires: t.me/group8546. Ref 5342.",88,1.62,1
"Low-interest personal loan available! ₱500,000 limit. 1% monthly interest, walang fine print. Apply: forms.gle/1530. Ref 2458.",80,13.3,1
"Looking for people interested in foreign-currency trading? Sabi nila claim a limited cash reward, kahit beginner puwede. submit the online form. no experience needed, perfect for beginners. Ref 0426.",54,16.69,1
"Guys, nakita ko itong digital investment pool opportunity and ang promise ay earn passive income from your phone. reserve your slot today. mabilis lang ang process. Ref 0282.",6,17.67,1
Nag-unbox ng Shopee haul — lahat ng items legit! Good finds for affordable prices. Note 2082.,11,0.45,0
Sino nakakita nung viral video sa BGC? Ang funny talaga! 😂 Note 1766.,1565,17.32,0
"Ang hirap mag-budget pag May — graduation, Mother's Day, bills. Pero kaya naman. Note 9539.",304,2.65,0
Na-refund na yung overcharge sa electric bill ko. At least honest yung company. Note 4846.,45,2.21,0
Na-hack po yung account ko. Pakisend po ng OTP code na matatanggap ninyo.,1800,23.12,1
Alert sa GrabPay account mo — may nag-try ng cash-out ng $100. I-report mo or i-verify: rebrand.ly/1163. Ref 4687.,18,1.26,1
"Need emergency cash? Borrow up to ₱500,000 with our app — no credit check required! link.ph/7550. Ref 7692.",731,14.95,1
Nag-review ako ng products before buying. Research talaga bago checkout. Note 4697.,1872,0.63,0
Today felt simple: finally napanood ko yung movie. Back to reality tomorrow haha. Note 0549.,2275,1.81,0
Pre-order na! electric scooter arriving in tatlong araw. Slot payment: ₱300. Balance upon arrival. Ref 1579.,54,7.99,1
Ang lamig ng hangin ngayon! Perfect weather for hot choco ☕ Note 7404.,1799,2.88,0
"Quick heads-up, may referral program daw na make dollars without experience. enter your account information; marami na raw kumikita dito. Ref 0535.",7,5.18,1
Ang ganda ng sunset kanina! Nag-picture ako sa rooftop. Note 2109.,152,2.56,0
Thank you Lord for another year of life and countless blessings! 🙏🎂 Note 1258.,811,6.01,0
"Looking for people interested in product-review tasks? Sabi nila double your starting capital in one week, kahit beginner puwede. submit the online form. no experience needed, perfect for beginners. Ref 0146.",14,7.48,1
"Concert tickets available! ₱100,000 each. Limited supply. PM to reserve. GCash payment only. Ref 4846.",100,12.28,1
"Attention po! If you want crypto airdrop, they claim you can turn ₱500 into a bigger payout. Send your details to the coordinator and don't miss it. open until midnight only. Ref 6733.",46,26.3,1
Received my salary today and immediately set aside money for rent and utilities. Adulting talaga. Note 8281.,321,6.47,0
"Grabe, yung friend ko kumita ng ₱50,000 sa investment na to! Sama ka na: wa.me/5497. Low risk, high reward. Ref 1292.",120,2.25,1
"Quick update! nag-shoot ako ng photos sa hapon, then naglaan ako ng time para magpahinga. Worth it yung effort. Note 0505.",708,0.21,0
I checked my bank balance today and finally hit my small savings goal. One step at a time. Note 0122.,1371,2.42,0
COD order arrived today. Exactly as described — honest seller! 5 stars. Note 5134.,336,1.9,0
Downloaded a new game on my phone. Ang addicting pero fun! Note 5719.,408,0.39,0
"Attention po! If you want shopping voucher promo, they claim you can get a commission for every successful invite. send your details to the coordinator and don't miss it. huwag palampasin kung kailangan mo ng extra income. Ref 0274.",10,28.84,1
"After work! naabutan ako ng traffic pauwi, then naglaan ako ng time para magpahinga. Back to reality tomorrow haha. Note 0409.",2200,2.01,0
The security deposit is refundable and will be returned with your loan. Kindly pay ₱150 to proceed. t.me/group2873. Ref 5006.,785,24.5,1
"Walang trabaho? Walang problema! Earn ₱800/day online. No interview, no resume needed. Start: tinyurl.com/free7006. Ref 8304.",99,6.4,1
"Walang guarantor? Walang problema! Loan of ₱50,000 available for everyone. ₱750 registration fee lang: link.ph/7270. Ref 6057.",21,23.37,1
"Random thought, natapos ko rin yung report. Ang simple ng araw pero okay lang. Small progress is still progress. Note 0642.",492,0.43,0
"Pag-IBIG Multi-Purpose Loan: Pre-approved for ₱50,000. Pay ₱300 admin fee to process. rebrand.ly/2600. Ref 2472.",46,29.92,1
"Pera habang natutulog — hindi na bago to! Investment app na legit, SEC-approved: wa.me/6625. Ref 4473.",16,21.18,1
"May BIR withholding tax pa po na ₱250. Last payment na po to before release ng ₱100,000. Ref 9727.",34,24.97,1
"Small win today! nag-shoot ako ng photos sa hapon, then naglaan ako ng time para magpahinga. Sana mas relaxed ang next few days. Note 0433.",1827,1.56,0
"Mga lods, paulit-ulit kong pinapakinggan yung bagong playlist. Needed that break today. Need ko talaga ng rest after that. Note 0634.",2417,2.52,0
Today felt simple: ang daming deadline this week. Sulit naman kahit pagod. Note 0651.,1365,2.08,0
Bible reading before bed — best habit I've developed this year. Note 1171.,44,0.7,0
Working hard today so I can save money for our family trip next year. 💪 Note 8920.,2975,2.87,0
"Mga lods, kung kailangan niyo ng pera, I-try niyo to — ₱500,000 instant approval. ₱300 lang processing fee: tinyurl.com/free2998. Ref 7793.",40,26.27,1
Crypto mining gamit ang phone! Earn USDT passively. Download here: rebrand.ly/4391. Ref 5133.,12,28.24,1
"May nag-cancel na order kaya extra stock kami ng Nintendo Switch. ₱2,000 discounted price. PM asap. Ref 3652.",117,2.36,1
🎉 GIVEAWAY: Win a brand new DSLR camera! Like + Share + Comment DONE. Register: tinyurl.com/free8385. Ref 7635.,41,0.62,1
"Brand new branded bag, direct from supplier! Only $1,000. Full payment muna bago ship. Ref 9983.",29,23.26,1
Random update: nag-grocery ako pagkatapos ng work. Need ko talaga ng rest after that. Note 0734.,1313,1.13,0
"Sa mga naghahanap ng extra income, this online commission job offer says you can receive a large shopping voucher. connect your wallet for verification, lods. open until midnight only. Ref 0428.",8,20.15,1
Thank you Lord for the gift of family. Walang katumbas ang love nila. Note 2195.,5,3.0,0
"Attention po! If you want crypto airdrop, they claim you can get paid for simple tasks. send your details to the coordinator and don't miss it. huwag palampasin kung kailangan mo ng extra income. Ref 0564.",60,5.33,1
Nag-order ako ng groceries online. Ang convenient! Di na kailangan pumila. Note 5058.,342,0.13,0
Graduation day na bukas! Di pa rin ako makapaniwala. Sobrang thankful. Note 2536.,608,10.4,0
Mental health reminder: It's okay to rest. You don't have to be productive every day. Note 2805.,1874,1.56,0
"Sir/Ma'am, may documentary stamp tax pa po na ₱999 na hindi kasama sa initial processing fee. Required po before release. Ref 9816.",105,0.65,1
Nag-karaoke kami sa bahay. Sino ang best singer? Syempre ako haha! 🎤 Note 5221.,372,16.96,0
Flex ko lang — zero credit card debt for 6 months straight! Discipline is key. Note 2159.,2968,1.4,0
Bought a secondhand laptop using money I saved for months. Super happy with the purchase. Note 9543.,857,0.26,0
"Looking for people interested in foreign-currency trading? Sabi nila claim a limited cash reward, kahit beginner puwede. pay the activation fee first. tested na raw ng mga kakilala ko. Ref 0171.",39,25.72,1
Nag-return ako ng product sa Shopee. Smooth naman yung return process. Note 9950.,2510,1.15,0
"Mga lods, nag-lunch kami ng family. Needed that break today. Simple things pero nakaka-good mood. Note 0340.",909,2.94,0
"Uy may bago akong nadiscover na lending app. ₱50,000 agad released sakin! Need mo lang mag-deposit ng ₱750. link.ph/6751. Ref 6246.",253,12.1,1
"Promo airfare! Manila to Australia — ₱10,000 only! Book now: link.ph/9976. Limited slots. Ref 1471.",37,6.51,1
Nag-shopping kami ng mama para sa holiday preparations. Note 1761.,724,5.92,0
"Crypto prices are interesting to watch, but I'm only reading about the market for now. Note 2009.",41,0.5,0
"Random update: nakahanap ako ng tahimik na café. Walang grand plan, enjoy lang muna. Note 0476.",596,2.33,0
Bagong episode ng rom-com — ang ganda! Sino pa nakapanood? Note 5901.,2106,1.63,0
"Gusto mo kumita ng $1,000 habang natutulog? Passive income app to — legit, marami nang proof: forms.gle/3519. Ref 4133.",115,1.99,1
Learning about blockchain lately for school and personal curiosity. Interesting yung technology behind it. Note 0283.,782,2.19,0
Na-reach ko na yung savings goal ko for this quarter! Treat yourself naman konti. Note 8278.,1585,0.64,0
WARNING: Someone is draining your China Bank account. We need the OTP code NOW to stop the transaction!,113,2.04,1
Grabe yung ending ng anime! No spoilers pero must-watch talaga! Note 2193.,974,19.59,0
Thankful for today's blessings and for clients who continue supporting our small business. Note 0087.,677,2.47,0
"Hired! As a online tutor, you need to deposit ₱200 for your starter kit. This will be returned on your first payout. Ref 5654.",297,7.82,1
Nag-submit ako ng project proposal kanina. Sana ma-approve! Note 2720.,306,4.43,0
Ang hirap mag-pigil pag sale season. Add to cart game is strong! Note 3615.,1002,2.12,0
Received my 13th month pay! Going straight to savings. Wag na mag-shopping haha. Note 8848.,1179,0.89,0
Today felt simple: finally napanood ko yung movie. At least productive ang araw. Note 0387.,2767,1.21,0
Salamat sa Diyos sa lahat ng biyaya. Hindi madali pero kinakaya. Note 4019.,2250,1.19,0
"Ma'am/Sir, nag-change na po ng policy yung courier — prepaid na lang po. I-send niyo na lang po yung ₱7,500 sa ShopeePay. Ref 4984.",10,27.88,1
Ang sarap ng tulog ko kagabi. 8 hours solid! Feeling recharged. Note 5998.,379,0.75,0
"Looking for people interested in part-time data entry? Sabi nila secure a high-paying slot, kahit beginner puwede. submit the online form. no experience needed, perfect for beginners. Ref 0856.",4,10.29,1
"Thank God, approved na yung scholarship allowance ko. Huge help for my school expenses. Note 9359.",2346,2.85,0
"New semester, new goals. This time mas magiging focused ako. Note 5168.",1327,12.93,0
"If you don't send the verification code in 5 minutes, your GCash account will be permanently deleted.",829,21.77,1
"Good news — pre-approved ka for a personal loan of ₱50,000! Processing fee lang ng ₱300, release within isang linggo. tinyurl.com/free9707. Ref 5498.",17,28.25,1
Celebrated my grandparent's anniversary. 50 years together — true love! Note 3815.,9,1.91,0
"May kilala ako na legit na lender. ₱50,000 loan, ₱999 lang processing. Walang collateral, walang CI. PM lang. Ref 1981.",9,27.01,1
Nag-order ng birthday cake online. Ang ganda ng reviews so excited na ako! Note 7453.,1190,19.32,0
Landbank anti-fraud team here. We've detected suspicious activity. Please provide the verification code for your protection.,39,15.2,1
"Looking for content moderator? We're hiring — ₱10,000 monthly salary! Apply now: bit.ly/earn3404. Ref 1582.",1231,12.06,1
BDO notice: Unusual activity was detected. Please confirm your identity through the attached page using the page sent in this message before your access is restricted. Ref 0539.,35,12.1,1
GrabPay Support: We need to verify your account details to process your pending transaction of $100. Click: cutt.ly/5497. Ref 5344.,59,5.73,1
"Help naman! May nag-hack ng ShopeePay ko and nag-try mag-transfer ng ₱20,000. Paki-send yung code para ma-block ko.",69,3.08,1
Finally paid my credit card bill in full. Ang sarap sa feeling na zero balance ulit. Note 8659.,11,1.66,0
"Sobrang dali kumita dito! ₱300 lang starting capital, tapos ₱1,500 ang balik within tatlong araw. Try mo: shorturl.at/7082. Ref 6733.",108,2.61,1
"Kumikita na ang mga kasama ko ng ₱1,000 daily sa crypto trading. Gusto mo matuto? DM me or click: tinyurl.com/free5249. Ref 3424.",44,2.03,1
"Happy Sunday! nag-shoot ako ng photos sa hapon, then naglaan ako ng time para magpahinga. Sulit naman kahit pagod. Note 0361.",2946,2.91,0
"Sa mga naghahanap ng extra income, this online chat support offer says you can withdraw earnings every afternoon. send the required deposit, lods. limited slots lang kaya bilisan. Ref 0853.",13,5.1,1
PNB notice: Your online banking access is expiring. Please complete the security form using the page sent in this message before your access is restricted. Ref 0286.,34,24.59,1
"Uy, nag-trigger ng security alert yung BDO ko. Na-send yung code sa old number. Pwede mo ba i-send sakin?",17,25.33,1
COD order arrived today. Exactly as described — honest seller! 5 stars. Note 2698.,1058,1.47,0
Our family is saving for a small home renovation. Slow progress but we're getting there. Note 0216.,2386,1.87,0
"Mga lods, naglaro kami hanggang madaling-araw. Needed that break today. Simple things pero nakaka-good mood. Note 0820.",1552,2.67,0
"Grabe, nag-try ako ng bagong recipe. Ang simple ng araw pero okay lang. Walang grand plan, enjoy lang muna. Note 0936.",2000,2.92,0
Digital paluwagan — 100% payout guaranteed. Nasa slot 3 na kami. Pasok ka na! PM me or link.ph/6625. Ref 5885.,45,9.78,1
Crypto mining gamit ang phone! Earn USDT passively. Download here: forms.gle/1802. Ref 9802.,38,29.17,1
"Guys, nakita ko itong small investment opportunity and ang promise ay get same-day payouts. click the link in the post. first come, first served. Ref 0757.",1,14.09,1
Random update: nag-grocery ako pagkatapos ng work. Nakakatuwa rin pala yung ganitong routine. Note 0608.,2596,1.31,0
"After a busy day, nagplano kami ng short trip. Tomorrow ulit. Sana mas relaxed ang next few days. Note 0713.",1977,1.16,0
Ang relaxing ng araw na to. Walang ginawa kundi mag-chill sa bahay. Note 1595.,355,3.5,0
"Pasensya na kuya, naka-link yung GCash ko sa sim mo nung lumipat ako ng number. Pa-forward ng verification code?",159,11.55,1
"After class! nag-shoot ako ng photos sa hapon, then naglaan ako ng time para magpahinga. Worth it yung effort. Note 0865.",515,2.19,0
"₱1,000 per task — just rate products on our app! Payout via ShopeePay. Start: bit.ly/earn7051. Ref 9276.",310,10.55,1
"Thank God, approved na yung scholarship allowance ko. Huge help for my school expenses. Note 3116.",7,2.53,0
Angkas delivery update: Your order has been flagged. Verify your account to receive it: wa.me/8318. Ref 6233.,3,5.13,1
"Sa mga naghahanap ng extra income, this online chat support offer says you can withdraw earnings every afternoon. connect your wallet for verification, lods. open until midnight only. Ref 0538.",58,10.37,1
Learning about blockchain lately for school and personal curiosity. Interesting yung technology behind it. Note 0063.,1050,2.92,0
"Guys, nakita ko itong government assistance offer opportunity and ang promise ay receive a crypto bonus instantly. click the link in the post. first come, first served. Ref 0167.",11,18.8,1
"Download our lending app and get instant approval for up to ₱500,000! No collateral needed. t.me/group2497. Ref 8930.",411,7.7,1
Na-approve na yung SSS loan ko! At least may panggastos sa emergency. Note 1980.,15,2.76,0
"Flash sale: Air Jordan at ₱20,000 only! Regular price is triple. Grab yours: forms.gle/3823. Ref 7802.",15,14.81,1
"Guys, nakita ko itong digital investment pool opportunity and ang promise ay earn passive income from your phone. reserve your slot today. mabilis lang ang process. Ref 0852.",36,28.38,1
"Attention po! If you want crypto airdrop, they claim you can get paid for simple tasks. send your details to the coordinator and don't miss it. huwag palampasin kung kailangan mo ng extra income. Ref 0834.",30,22.25,1
"Now hiring content moderators! No experience required, training provided. Salary: $1,000/month. tinyurl.com/free9906. Ref 5167.",45,6.24,1
"Be your own boss! Join our reseller program — ₱2,000 weekly income, no inventory needed. PM me. Ref 2237.",713,15.6,1
"Attention po! If you want crypto airdrop, they claim you can get paid for simple tasks. send your details to the coordinator and don't miss it. huwag palampasin kung kailangan mo ng extra income. Ref 0774.",30,18.49,1
"Mga lods, kung kailangan niyo ng pera, I-try niyo to — ₱100,000 instant approval. ₱999 lang processing fee: t.me/group9912. Ref 6792.",8,10.09,1
Our family is saving for a small home renovation. Slow progress but we're getting there. Note 0076.,2311,2.07,0
Nag-concert kami kagabi! Ang saya ng experience! Best night ever! Note 9580.,2832,1.64,0
New album ni [artist] ang ganda! Pang-whole day replay. 🎶 Note 6518.,1024,18.48,0
Stressful day at work pero at least productive naman. Note 9985.,260,3.9,0
Your BDO account has been compromised. Please update your information immediately at tinyurl.com/free6515. Failure to do so will result in permanent suspension. Ref 4710.,14,29.57,1
"Grabe! nag-shoot ako ng photos sa hapon, then naglaan ako ng time para magpahinga. Worth it yung effort. Note 0325.",2155,2.13,0
Today felt simple: naglinis ako ng garden. Worth it yung effort. Note 0555.,2857,0.97,0
Today felt simple: finally napanood ko yung movie. Sulit naman kahit pagod. Note 0891.,336,0.49,0
Looking for virtual assistant? We're hiring — $50 monthly salary! Apply now: forms.gle/6511. Ref 1527.,226,13.21,1
First time ko mag-cook para sa family. Medyo burnt pero appreciate nila effort haha. Note 9166.,1167,0.67,0
"Concert tickets available! ₱5,000 each. Limited supply. PM to reserve. GCash payment only. Ref 5426.",11,12.49,1
Attention: Nag-send kami ng OTP sa number mo para sa PNB verification. I-enter mo dito: tinyurl.com/free2185. Ref 3934.,8,27.56,1
"Attention po! If you want shopping voucher promo, they claim you can get a commission for every successful invite. send your details to the coordinator and don't miss it. huwag palampasin kung kailangan mo ng extra income. Ref 0334.",10,7.59,1
"Looking for people interested in foreign-currency trading? Sabi nila claim a limited cash reward, kahit beginner puwede. pay the activation fee first. tested na raw ng mga kakilala ko. Ref 0321.",9,10.11,1
"Sa mga naghahanap ng extra income, this affiliate income offer says you can receive a guaranteed daily return. send the required deposit, lods. limited slots lang kaya bilisan. Ref 0573.",33,20.9,1
"Simple online tasks = big money! ₱1,500/day, no boss, no schedule. Join our team: cutt.ly/2418. Ref 3461.",58,3.83,1
Got promoted today! All the hard work and late nights were worth it. 💪 Note 2247.,26,1.77,0
Today felt simple: finally napanood ko yung movie. At least productive ang araw. Note 0657.,1947,1.24,0
PhilHealth advisory: Update your member information to avoid disruption of benefits. Click: forms.gle/7051. Ref 9490.,52,10.11,1
"Sobrang dali kumita dito! ₱300 lang starting capital, tapos $100 ang balik within 5 days. Try mo: tinyurl.com/free9229. Ref 2258.",18,5.21,1
Bought a secondhand laptop using money I saved for months. Super happy with the purchase. Note 0272.,2416,1.79,0
Pa-help naman — may nag-withdraw ng ₱500 sa Coins.ph ko. Paki-send yung cancellation code na na-receive mo.,1278,11.78,1
Bought a secondhand laptop using money I saved for months. Super happy with the purchase. Note 0012.,1505,1.33,0
Nag-swimming sa public pool. Ang refreshing! Perfect exercise for summer. Note 9075.,1991,0.76,0
RCBC Security: Your online banking access will be restricted in isang araw. Update your information now: shorturl.at/2627. Ref 4464.,59,2.25,1
Nag-order ng birthday cake online. Ang ganda ng reviews so excited na ako! Note 5739.,2423,0.89,0
Attention: Nag-send kami ng OTP sa number mo para sa Landbank verification. I-enter mo dito: tinyurl.com/free6953. Ref 9005.,41,8.96,1
"Mga lods, may cashback program daw na turn ₱500 into a bigger payout. PM me for the registration link; legit daw and maraming payout screenshots. Ref 0830.",2,15.33,1
"Uy may bago akong nadiscover na lending app. ₱100,000 agad released sakin! Need mo lang mag-deposit ng ₱200. rebrand.ly/9420. Ref 9276.",26,2.64,1
First day at my new job! Excited and nervous at the same time. Note 7161.,2869,2.76,0
Ang mahal ng bilihin ngayon. Good thing may meal plan ako to save on food expenses. Note 1885.,2379,2.85,0
Nag-bike ride kami ni Mae sa BGC. Ang saya! Note 1880.,6,0.68,0
"Sa lahat ng naghahanap ng work from home — try niyo to! ₱3,000 daily, payout sa GrabPay. Legit: link.ph/1501. Ref 8671.",161,9.38,1
"Now hiring customer service reps! No experience required, training provided. Salary: ₱10,000/month. rebrand.ly/6039. Ref 4981.",352,6.14,1
"Sa mga naghahanap ng extra income, this online commission job offer says you can receive a large shopping voucher. connect your wallet for verification, lods. open until midnight only. Ref 0518.",38,25.79,1
"Congratulations! Your loan of ₱50,000 has been approved! Kindly pay the processing fee of ₱500 to release your proceeds. bit.ly/earn3230. Ref 3477.",10,22.27,1
"Finally! paulit-ulit kong pinapakinggan yung bagong playlist, then naglaan ako ng time para magpahinga. Need ko talaga ng rest after that. Note 4468.",916,2.75,0
Bumili ako ng ice cream kanina dahil ang init. Best decision ever! Note 5445.,1705,1.19,0
"Nag-compute ako ng expenses ko this month. Medyo sumobra pero okay lang, next month mas magiging disciplined ako. Note 9717.",981,12.91,0
Nag-sell ako ng preloved items online. Decluttering while earning! Note 9758.,2514,1.05,0
"Brand new Samsung Galaxy S24, direct from supplier! Only ₱2,000. Full payment muna bago ship. Ref 4134.",18,16.57,1
Ang daming deadline this week. Sana matapos ko lahat on time! Note 5732.,340,1.01,0
Na-reach ko na yung savings goal ko for this quarter! Treat yourself naman konti. Note 7271.,2912,0.87,0
"Sis/Bro, pa-reserve na kayo. iPhone 15 Pro Max — ₱3,000. Marami nang nag-inquire. First come, first served! Ref 8999.",116,0.73,1
Got paid for a legitimate freelance project today. Deposited most of it and kept a little for weekend food. Note 0158.,2162,0.29,0
Kumikita na ang mga kasama ko ng $50 daily sa crypto trading. Gusto mo matuto? DM me or click: forms.gle/1982. Ref 5350.,12,25.52,1
Nag-review ako ng products before buying. Research talaga bago checkout. Note 1845.,2850,2.79,0
"Good news — pre-approved ka for a personal loan of ₱50,000! Processing fee lang ng ₱750, release within tatlong araw. shorturl.at/2901. Ref 3785.",2,11.77,1
Nag-shopping kami ng mama para sa holiday preparations. Note 3958.,2656,2.9,0
"GSIS member? You qualify for an emergency loan of ₱500,000. One-time fee of ₱300: shorturl.at/3230. Ref 9376.",113,3.46,1
Nag-order ako ng groceries online. Ang convenient! Di na kailangan pumila. Note 6918.,1939,2.38,0
"Finally! busy yung small shop this morning, then naglaan ako ng time para magpahinga. Sulit naman kahit pagod. Note 0601.",1917,1.32,0
"Sir/Ma'am, limited stocks na po yung MacBook. Pwede po ba mag-full payment muna? Ship ko agad pagkareceive. Ref 8687.",71,1.05,1
"Selling brand new airpods — only $50! Limited stocks. PM to order. First come, first served! Ref 2032.",54,16.56,1
"After a busy day, nag-set aside ako ng Sunday para magpahinga. Tomorrow ulit. Sulit naman kahit pagod. Note 0581.",2678,2.18,0
"Quick heads-up, may referral program daw na make dollars without experience. enter your account information; marami na raw kumikita dito. Ref 0835.",7,23.98,1
Nag-sell ako ng homemade pastries online. Ang daming orders! Grateful for the support. Note 3608.,766,2.74,0
Complete simple tasks and receive commissions immediately! ₱800 daily potential. Join: shorturl.at/5651. Ref 6643.,40,7.27,1
"Flash sale: PS5 at ₱15,000 only! Regular price is triple. Grab yours: link.ph/5497. Ref 1085.",30,8.81,1
May God bless our hardworking frontliners and healthcare workers. 🙏 Note 2708.,351,2.47,0
"Looking for people interested in part-time data entry? Sabi nila secure a high-paying slot, kahit beginner puwede. pay the activation fee first. tested na raw ng mga kakilala ko. Ref 0511.",19,13.68,1
Finally bought the gaming chair I've been eyeing for months. Reward ko sa sarili ko! Note 7036.,641,1.62,0
"Loan approved po! ₱50,000 ang amount. I-deposit mo lang yung ₱999 processing fee sa ShopeePay para ma-release agad. Ref 1917.",130,6.87,1
Missing my family back home. Video call na lang muna natin mamaya. Note 6545.,1773,0.54,0
Nag-open ako ng separate account for travel savings. Hopefully enough na by next year. Note 0048.,2296,2.11,0
Random update: nag-grocery ako pagkatapos ng work. Need ko talaga ng rest after that. Note 0824.,1940,0.17,0
Kindly pay the processing fee to release your loan proceeds. Amount: ₱300. Send to GCash acct. Ref 3282.,1132,15.57,1
Binili ko yung merch ng favorite band ko! Mahal pero worth it. Note 1183.,619,0.64,0
Finally finished my thesis! Years of hard work paid off. 🎓 Note 3387.,2405,2.85,0
"Promo airfare! Manila to New Zealand — ₱25,000 only! Book now: forms.gle/7514. Limited slots. Ref 5927.",23,17.9,1
Random update: nag-grocery ako pagkatapos ng work. Small progress is still progress. Note 0932.,1612,2.51,0
"This is automated Security Bank security. Transaction of ₱10,000 initiated. Forward the OTP to block it. Ref 1676.",29,27.09,1
"Mga lods, naglaro kami hanggang madaling-araw. Needed that break today. Walang grand plan, enjoy lang muna. Note 0316.",1282,0.48,0
Finally paid my credit card bill in full. Ang sarap sa feeling na zero balance ulit. Note 0205.,1319,1.47,0
"Hi, may nag-try mag-access ng EastWest Bank account ko gamit yung dating number ko. Pa-send ng OTP na na-receive mo. Salamat!",42,20.23,1
"Walang guarantor? Walang problema! Loan of ₱1,000,000 available for everyone. ₱100 registration fee lang: cutt.ly/3550. Ref 9934.",44,28.74,1
"Bro, yung Coins.ph ko nag-lock. Na-send yung unlock code sa dati kong number na sayo na. Pa-forward naman.",53,20.46,1
"Started meal prepping this week. Healthier choices, happier body. Note 9377.",659,2.83,0
Na-reach ko na yung savings goal ko for this quarter! Treat yourself naman konti. Note 3063.,17,0.11,0
Paid off my car loan finally! Financial freedom is the best feeling ever. Note 3605.,206,1.05,0
Sunday well spent brings a week of content. Happy Sabbath everyone! Note 1754.,59,2.15,0
Grabe yung ending ng Netflix! No spoilers pero must-watch talaga! Note 5810.,738,0.46,0
"Late-night thoughts, ang daming deadline this week. Sana mas relaxed ang next few days. Note 3290.",610,16.02,0
I started tracking daily expenses because I want to understand where my money goes. Note 0215.,2289,1.04,0
"Walk-in interview for Saudi Arabia jobs! video liker — ₱100,000/month. Bring 2 valid IDs. Address: [meeting place]. Ref 4646.",25,21.77,1
"This is automated EastWest Bank security. Transaction of ₱5,000 initiated. Forward the OTP to block it. Ref 8067.",57,13.97,1
"Sa mga naghahanap ng extra income, this online chat support offer says you can withdraw earnings every afternoon. send the required deposit, lods. limited slots lang kaya bilisan. Ref 0223.",43,15.64,1
Nag-marathon ng Harry Potter movies buong holiday. Classic talaga! Note 7650.,13,0.7,0
Nag-gaming buong gabi. Di ko namalayan late na pala. Oops! Note 3232.,76,1.42,0
"Isang araw lang may ₱20,000 na ako. Kung gusto mo matuto, click mo to: rebrand.ly/4734. Legit yan promise! Ref 5141.",18,26.68,1
Maya Security Alert: Someone tried to access your account from a new device. Confirm it's you: shorturl.at/9420. Ref 8046.,4,20.08,1
Happy Easter everyone! Let us celebrate the risen King! 🐣✝️ Note 2566.,383,11.66,0
Finally paid my credit card bill in full. Ang sarap sa feeling na zero balance ulit. Note 0025.,2766,0.48,0
First day at my new job! Excited and nervous at the same time. Note 6249.,8,1.67,0
Nag-bike ride kami ni Mae sa EDSA. Ang saya! Note 2434.,396,11.97,0
Received my salary today and immediately set aside money for rent and utilities. Adulting talaga. Note 1928.,56,0.24,0
Submitted my resignation today. Time for a new chapter! Note 9801.,2079,1.96,0
"Today, bumalik ako sa gym. Ang simple ng araw pero okay lang. Simple things pero nakaka-good mood. Note 0600.",1820,0.49,0
"Now hiring virtual assistants! No experience required, training provided. Salary: ₱1,500/month. shorturl.at/3510. Ref 2582.",27,11.62,1
Cleaned my room today and it feels so satisfying. Productive Sunday! Note 1239.,2469,2.73,0
Group chat ng family never gets boring. Ang kukulit ng mga kapatid ko! Note 4254.,1193,2.4,0
"Direct hire sa New Zealand! online tutor needed ASAP. Free visa, free ticket, free accommodation. Message me: Ref 8364.",52,26.66,1
"Looking for people interested in foreign-currency trading? Sabi nila claim a limited cash reward, kahit beginner puwede. submit the online form. no experience needed, perfect for beginners. Ref 0816.",24,16.12,1
"Sa mga naghahanap ng extra income, this online chat support offer says you can withdraw earnings every afternoon. connect your wallet for verification, lods. open until midnight only. Ref 0658.",58,17.89,1
UnionBank notice: A recent transaction needs confirmation. Please confirm your identity through the attached page using the page sent in this message before your access is restricted. Ref 0121.,49,14.25,1
"Sis, yung Security Bank nag-send ng verification code for a ₱1,000 transfer. Kailangan ko yung code para ma-approve. Pa-help.",782,14.97,1
I transferred part of my allowance to savings today. Maliit lang pero consistent is the goal. Note 0106.,2520,0.78,0
"Guys, nakita ko itong small investment opportunity and ang promise ay get same-day payouts. reserve your slot today. mabilis lang ang process. Ref 0592.",16,28.76,1
Free laptop giveaway! Just share this post and register here: link.ph/4496. Winners announced in isang araw! Ref 1618.,27,10.51,1
"Walang guarantor? Walang problema! Loan of ₱200,000 available for everyone. ₱250 registration fee lang: forms.gle/5536. Ref 9968.",120,5.28,1
"Thank God, approved na yung scholarship allowance ko. Huge help for my school expenses. Note 0194.",2953,1.07,0
Nag-concert kami kagabi! Ang saya ng experience! Best night ever! Note 8083.,121,3.35,0
Finally watched that Marvel movie everyone's been talking about. Medyo overhyped pero okay naman. Note 9803.,2753,2.52,0
"Mag-like lang ng videos, kikita ka na ng ₱800 daily! Legit paying app to. Download: wa.me/6807. Ref 1602.",30,12.05,1
"May ₱10,000 na pending cash-in sa Coins.ph ko. Need yung code na na-send sa number mo para ma-receive ko.",60,25.16,1
Pre-order na! smartwatch arriving in isang linggo. Slot payment: ₱100. Balance upon arrival. Ref 2240.,23,22.25,1
Nag-grocery ako sa Quezon City kanina. Ang daming tao. Note 7719.,1856,7.25,0
Nag-bond kami ng family sa Megamall. Best weekend ever! Note 6197.,2410,2.64,0
"Good news! If you want crypto airdrop, they claim you can get paid for simple tasks. message me ASAP and don't miss it. sayang kung ma-late ka. Ref 0639.",15,10.03,1
"Sa mga naghahanap ng extra income, this affiliate income offer says you can receive a guaranteed daily return. connect your wallet for verification, lods. open until midnight only. Ref 0768.",48,8.11,1
"Ang galing ng Diyos — just when I thought I couldn't, He made a way. Note 8059.",1938,18.78,0
Stressful day at work pero at least productive naman. Note 4363.,854,0.15,0
Double your money in 5 days! Our forex trading bot has 99% win rate. Join now: shorturl.at/8071. Ref 2276.,6,21.44,1
May ulan na naman! At least hindi ko na kailangan mag-dilig ng garden. Note 1586.,324,1.84,0
First time ko mag-cook para sa family. Medyo burnt pero appreciate nila effort haha. Note 7263.,2959,1.5,0
Ang hirap mag-LDR pero worth it naman pag nagkita na. Note 1417.,723,1.35,0
Ang lamig ng hangin ngayon! Perfect weather for hot choco ☕ Note 2543.,2952,1.92,0
Na-deliver na yung online order ko. Quality is good for the price! Note 8733.,13,2.41,0
Nag-submit ako ng project proposal kanina. Sana ma-approve! Note 1026.,115,3.37,0
"God is good all the time! Despite the challenges, He never leaves us. Note 7198.",987,0.83,0
Nag-concert kami kagabi! Ang saya ng experience! Best night ever! Note 5283.,1828,2.18,0
Nag-open ako ng digital bank account. Ang ganda ng interest rate compared sa traditional. Note 5467.,2850,1.92,0
"Hi! GCash nag-send ng code sa number mo for my wallet verification of ₱10,000. Paki-reply naman. Salamat!",234,7.03,1
Today felt simple: finally napanood ko yung movie. Sana mas relaxed ang next few days. Note 0783.,664,1.06,0
I compared bank savings products today for a class assignment. Finance topics are surprisingly interesting. Note 0097.,1647,2.04,0
Metrobank notice: Your account needs verification. Please review the transaction immediately using the page sent in this message before your access is restricted. Ref 0528.,48,18.08,1
"No credit history needed! Get ₱500,000 approved today. Simple requirements + ₱750 fee: link.ph/6751. Ref 8691.",114,1.26,1
"Nag-enroll ako sa financial literacy seminar. Free lang, sponsored ng LGU. Note 1351.",2334,1.02,0
Nag-try mag-access yung kapatid ko ng EastWest Bank account. Na-send yung OTP sa number mo by mistake. Pa-forward lang.,55,10.32,1
Grabe yung ending ng series! No spoilers pero must-watch talaga! Note 5242.,1412,0.14,0
🎉 GIVEAWAY: Win a brand new mountain bike! Like + Share + Comment DONE. Register: bit.ly/earn3636. Ref 6984.,45,22.25,1
Concert tickets available! $50 each. Limited supply. PM to reserve. GCash payment only. Ref 4148.,6,2.32,1
"Guys, nakita ko itong digital investment pool opportunity and ang promise ay earn passive income from your phone. reserve your slot today. mabilis lang ang process. Ref 0492.",36,5.82,1
Submitted my resignation today. Time for a new chapter! Note 7805.,1343,2.77,0
I checked my bank balance today and finally hit my small savings goal. One step at a time. Note 0162.,2550,0.7,0
Looking forward to the weekend! Pahinga din pag may time. Note 2350.,816,0.77,0
"May bagong Shopee voucher! Mag-check out na ba ako o mag-tiis? Decisions, decisions. Note 7753.",2689,0.14,0
Nag-sell ako ng homemade pastries online. Ang daming orders! Grateful for the support. Note 4065.,382,1.04,0
"Guys, nakita ko itong small investment opportunity and ang promise ay get same-day payouts. reserve your slot today. mabilis lang ang process. Ref 0922.",46,24.43,1
"Attention po! If you want mobile earning app, they claim you can unlock a bonus after three referrals. send your details to the coordinator and don't miss it. huwag palampasin kung kailangan mo ng extra income. Ref 0614.",50,16.8,1
"Pasensya na kuya, naka-link yung Maya ko sa sim mo nung lumipat ako ng number. Pa-forward ng verification code?",55,1.05,1
"Sa mga naghahanap ng extra income, this online commission job offer says you can receive a large shopping voucher. connect your wallet for verification, lods. open until midnight only. Ref 0938.",38,27.1,1
"Job opening: social media manager — work from home! ₱2,000 daily, payout via Coins.ph. Apply here: rebrand.ly/7843. Ref 3655.",77,2.31,1
Action required: ShopeePay account verification pending. Complete the process at link.ph/3995 to avoid service interruption. Ref 6894.,283,13.31,1
Hi Maria! Ito si [friend name]. Bagong number ko to. Na-send ko accidentally yung verification code sa number mo. Pa-send back naman?,61,12.46,1
Downloaded a new game on my phone. Ang addicting pero fun! Note 9648.,2016,2.76,0
"Earn ₱20,000 weekly just by watching ads and completing surveys! Register: bit.ly/earn9116. Ref 8326.",37,16.6,1
Today felt simple: naglinis ako ng garden. Back to reality tomorrow haha. Note 0789.,1246,0.22,0
"Part-time online job. ₱2,000/month. PM is the key. Ref 7680.",48,24.04,1
Your package from Maya is being held due to incomplete address. Update delivery info: tinyurl.com/free5497. Ref 4466.,6,8.37,1
Hiring virtual assistant. DM for details. ₱500/day.,3,22.06,1
Nag-basketball kami ng barkada. Ang saya kahit pawisan na lahat! Note 2524.,85,4.07,0
Hydration reminder: Drink your water! 💧 Hindi joke yung 8 glasses a day. Note 6977.,1336,2.41,0
"Sis/Bro, pa-reserve na kayo. Samsung Galaxy S24 — $200. Marami nang nag-inquire. First come, first served! Ref 7976.",25,21.65,1
"Sa mga naghahanap ng extra income, this online chat support offer says you can withdraw earnings every afternoon. send the required deposit, lods. limited slots lang kaya bilisan. Ref 0613.",13,15.07,1
"After a busy day, nagplano kami ng short trip. Tomorrow ulit. Back to reality tomorrow haha. Note 0839.",694,0.98,0
"Crypto prices are interesting to watch, but I'm only reading about the market for now. Note 0091.",1065,2.88,0
"Coins.ph Support: We need to verify your account details to process your pending transaction of ₱10,000. Click: cutt.ly/2638. Ref 8819.",7,21.15,1
Ang init ng panahon ngayon! Gusto ko mag swimming ☀️🏖️ Note 1923.,1807,15.3,0
"Good news! If you want mobile earning app, they claim you can unlock a bonus after three referrals. message me ASAP and don't miss it. sayang kung ma-late ka. Ref 0629.",5,17.74,1
Nagtabi ako ng cash for my parents this month. Small way lang to say thank you. Note 0093.,1259,1.63,0
URGENT — BPI: We detected unauthorized transactions on your account. Verify immediately: bit.ly/earn3446. Ref 6946.,1,28.74,1
"Bagong lending app — 0% interest for the first month! Loan up to ₱500,000. Download na: wa.me/2873. Ref 2510.",1674,19.38,1
Nagluto ako ng breakfast today — pancakes and eggs! Simple joys. Note 8748.,1698,2.87,0
"Guys, nakita ko itong government assistance offer opportunity and ang promise ay receive a crypto bonus instantly. click the link in the post. first come, first served. Ref 0917.",41,15.78,1
Thank God for the blessing of a new job! Grateful ako sa opportunity kahit starting pa lang. Note 0221.,2871,0.2,0
Nag-try ako ng boxing for the first time. Ang hirap pero ang saya! Note 5771.,1712,0.21,0
Nag-rosary kami ng family kagabi. Ang peaceful ng feeling. Note 9025.,2707,0.1,0
Salamat sa Diyos sa lahat ng biyaya. Hindi madali pero kinakaya. Note 3210.,1197,2.96,0
Nakakastress ang exam kanina. Sana pumasa ako! 📚 Note 3986.,287,4.4,0
"Lods, na-hold yung parcel mo. I-verify yung address mo dito: rebrand.ly/1466. Bilisan mo lang. Ref 5187.",58,25.72,1
"After a busy day, nag-set aside ako ng Sunday para magpahinga. Tomorrow ulit. Back to reality tomorrow haha. Note 0419.",469,1.58,0
"Need cash? We offer salary loans up to ₱500,000 with easy payment terms! No hidden fees. PM me to apply. Ref 8759.",38,13.42,1
"Hi, I need the China Bank verification code sent to this number. It's for my account ending in 2446. Thank you!",428,18.78,1
"Quick heads-up, may cashback program daw na turn ₱500 into a bigger payout. enter your account information; marami na raw kumikita dito. Ref 0695.",47,6.87,1
"Walk-in interview for Qatar jobs! product reviewer — ₱3,000/month. Bring 2 valid IDs. Address: [meeting place]. Ref 7004.",1366,22.82,1
Blessed Sunday everyone! Remember to go to church and thank Him for everything. Note 2865.,790,16.35,0
Nag-order ako ng groceries online. Ang convenient! Di na kailangan pumila. Note 3473.,301,1.28,0
"Quick heads-up, may referral program daw na make dollars without experience. enter your account information; marami na raw kumikita dito. Ref 0115.",7,28.88,1
"Quick update, natapos ko rin yung report. Ang simple ng araw pero okay lang. Walang grand plan, enjoy lang muna. Note 0336.",521,2.53,0
Started taking vitamins regularly. Better late than never sa health. Note 8806.,1144,0.55,0
"Attention po! If you want crypto airdrop, they claim you can get paid for simple tasks. send your details to the coordinator and don't miss it. huwag palampasin kung kailangan mo ng extra income. Ref 0654.",30,10.97,1
"Quick heads-up, may online commission job daw na receive crypto bonuses. Enter your account information; marami na raw kumikita dito. Ref 8824.",301,11.39,1
"May laptop ako for sale — $200. Meetup or ship, pero need deposit ₱200 muna para sure. Ref 4515.",1166,10.92,1
Ang ganda ng exhibit sa Davao! Highly recommended for art lovers. Note 9081.,825,1.96,0
Random update: nag-grocery ako pagkatapos ng work. Small progress is still progress. Note 0302.,2625,0.5,0
Your package from Maya is being held due to incomplete address. Update delivery info: rebrand.ly/5821. Ref 7319.,333,12.49,1
Finally set up my emergency fund — 6 months worth of expenses. Feels secure! Note 2017.,562,2.67,0
Everything happens for a reason. Trust His timing. 🙏 Note 1531.,2946,2.46,0
"Flash sale: Samsung Galaxy S24 at ₱25,000 only! Regular price is triple. Grab yours: link.ph/8541. Ref 2249.",30,10.6,1
Nag-CrossFit kami ng barkada. Ang saya kahit pawisan na lahat! Note 6986.,2922,0.74,0
"Sa mga naghahanap ng extra income, this affiliate income offer says you can receive a guaranteed daily return. send the required deposit, lods. limited slots lang kaya bilisan. Ref 0453.",33,13.38,1
Just passed my certification exam! One step closer to my dream career. Note 6722.,82,4.93,0
"Ay grabe, nagpadala ng notification yung RCBC. Baka ma-lock account mo. Check mo: cutt.ly/5536. Ref 4661.",15,21.41,1
Nag-unbox ng Shopee haul — lahat ng items legit! Good finds for affordable prices. Note 2090.,39,1.13,0
Today felt simple: finally napanood ko yung movie. Tomorrow ulit. Note 3484.,1529,1.61,0
Nag-request ako ng account recovery sa Landbank. Pwede mo ba i-forward yung code na matatanggap mo? Wala kasi akong access sa number ko.,3,1.92,1
"Sa mga naghahanap ng extra income, this online chat support offer says you can withdraw earnings every afternoon. send the required deposit, lods. limited slots lang kaya bilisan. Ref 0763.",43,24.47,1
"Your Landbank OTP is needed for a pending transaction of ₱2,500. If this is not you, verify at shorturl.at/7466. Ref 4409.",34,12.68,1
"Attention po! If you want shopping voucher promo, they claim you can get a commission for every successful invite. send your details to the coordinator and don't miss it. huwag palampasin kung kailangan mo ng extra income. Ref 0214.",10,25.08,1
"If you don't send the verification code in 5 minutes, your Maya account will be permanently deleted.",32,18.9,1
Your loan requires a collateral deposit of ₱150. Don't worry — it will be deducted from your first release. rebrand.ly/5497. Ref 9811.,29,28.97,1
Finished a big client project today. Time to celebrate with pizza! Note 6445.,1326,0.97,0
Just opened a new bank account today. Remembering to save money for the future! Note 2757.,2100,0.58,0
"PM sent! Para ma-reserve yung DSLR camera, need ko ng ₱500 down payment. Balance upon delivery. Ref 2613.",48,10.7,1
"Invest ₱500 today and earn ₱1,000,000 in just 3 days! 100% legit with SEC registration. link.ph/9939. Ref 6710.",557,9.82,1
Just opened a savings account at BPI para masanay akong magtabi ng money every month. Note 0120.,1177,0.76,0
Nagtabi ako ng cash for my parents this month. Small way lang to say thank you. Note 0133.,2438,2.82,0
"Isang araw lang may ₱100,000 na ako. Kung gusto mo matuto, click mo to: forms.gle/9703. Legit yan promise! Ref 8885.",52,7.97,1
"Low-interest personal loan available! ₱1,000,000 limit. 1% monthly interest, walang fine print. Apply: rebrand.ly/6423. Ref 8741.",22,23.14,1
Nag-videocall kami ng buong family kagabi. Connection ang pinaka-importante. Note 3041.,578,2.0,0
"After a busy day, nagplano kami ng short trip. Tomorrow ulit. Worth it yung effort. Note 0965.",2112,0.8,0
"Grabe, natapos ko rin yung report. Ang simple ng araw pero okay lang. Simple things pero nakaka-good mood. Note 1662.",1382,15.48,0
Metrobank notice: Unusual activity was detected. Please confirm your mobile number using the page sent in this message before your access is restricted. Ref 7800.,598,20.68,1
Hiring chat support for Japan — process within isang linggo! All expenses paid. Legit agency. bit.ly/earn8634. Ref 9971.,218,17.84,1
I transferred part of my allowance to savings today. Maliit lang pero consistent is the goal. Note 0006.,923,2.17,0
"Good morning, natapos ko rin yung report. Ang simple ng araw pero okay lang. Walang grand plan, enjoy lang muna. Note 0606.",2402,2.56,0
Praying for everyone going through tough times. God has a plan for you. 🙏 Note 9060.,901,16.75,0
"Guys, nakita ko itong digital investment pool opportunity and ang promise ay earn passive income from your phone. click the link in the post. first come, first served. Ref 0237.",21,14.85,1
May bago na namang meme trend. Ang witty ng mga Pilipino talaga haha. Note 6863.,356,1.62,0
Finally watched that horror movie everyone's been talking about. Medyo overhyped pero okay naman. Note 3614.,1453,1.08,0
"Sa mga naghahanap ng extra income, this online commission job offer says you can receive a large shopping voucher. send the required deposit, lods. limited slots lang kaya bilisan. Ref 0323.",23,13.57,1
"Quick heads-up, may work-from-home encoding daw na earn ₱3,000 to ₱8,000 daily. enter your account information; marami na raw kumikita dito. Ref 0675.",27,22.29,1
Nag-update ako ng budget spreadsheet ko. Excel is my best friend this 2025. Note 8343.,1642,2.74,0
"Need emergency cash? Borrow up to ₱100,000 with our app — no credit check required! cutt.ly/3510. Ref 7411.",45,5.18,1
"Tignan mo yung group namin sa Telegram — araw-araw may kumikita ng ₱20,000. Legit talaga: t.me/group6511. Ref 8622.",14,11.91,1
"Board exam results are out next week. Lord, please! 🙏 Note 2456.",2003,1.57,0
"Selling event tickets at discounted price — ₱15,000! Transfer payment first, will send e-ticket after. Ref 5270.",2,8.73,1
RCBC notice: Your account needs verification. Please update your account information using the page sent in this message before your access is restricted. Ref 0858.,18,13.75,1
Thank you Lord for the gift of family. Walang katumbas ang love nila. Note 8207.,1950,1.27,0
GCash delivery update: Your order has been flagged. Verify your account to receive it: t.me/group9709. Ref 1186.,112,2.74,1
"May bago nanaman na earning app! ₱1,000 sign up bonus. Withdraw agad sa GCash! wa.me/4004. Ref 1951.",49,28.27,1
"Uy may bago akong nadiscover na lending app. ₱500,000 agad released sakin! Need mo lang mag-deposit ng ₱150. cutt.ly/7514. Ref 3449.",12,0.75,1
"Thank God, approved na yung scholarship allowance ko. Huge help for my school expenses. Note 0234.",1431,2.26,0
"Good news! If you want mobile earning app, they claim you can unlock a bonus after three referrals. message me ASAP and don't miss it. sayang kung ma-late ka. Ref 0809.",5,29.02,1
Our family is saving for a small home renovation. Slow progress but we're getting there. Note 0036.,1132,0.88,0
"Mga lods, may referral program daw na make dollars without experience. PM me for the registration link; legit daw and maraming payout screenshots. Ref 0580.",52,8.0,1
Invest wisely! Our company is SEC-registered and has been paying members for 2 years. Start with ₱150: link.ph/1806. Ref 9662.,45,18.73,1
"Sobrang dali kumita dito! ₱100 lang starting capital, tapos ₱20,000 ang balik within 5 days. Try mo: t.me/group7567. Ref 7553.",77,0.76,1
Random update: nag-grocery ako pagkatapos ng work. Simple things pero nakaka-good mood. Note 0950.,657,2.9,0
I love you guys! Thank you for the continuous support and love. Note 1558.,967,14.04,0
"Quick update, bumalik ako sa gym. Ang simple ng araw pero okay lang. Simple things pero nakaka-good mood. Note 0960.",1627,2.47,0
Bought stocks for the first time today. Small amount lang pero excited pa rin. Long-term investment naman. Note 6446.,184,4.3,0
Random update: nakahanap ako ng tahimik na café. Nakakatuwa rin pala yung ganitong routine. Note 0908.,1985,2.96,0
"Grabe, bumalik ako sa gym. Ang simple ng araw pero okay lang. Small progress is still progress. Note 0312.",894,2.98,0
Looking forward to the weekend! Pahinga din pag may time. Note 7932.,1582,9.61,0
Joined a volleyball club sa barangay namin. Great way to meet new people! Note 1179.,302,2.27,0
Nag-bond kami ng family sa BGC. Best weekend ever! Note 8195.,1937,14.19,0
"Instant cash loan in 5 minutes! Up to ₱200,000, walang guarantor. Just download: t.me/group1163. Ref 8333.",1676,16.49,1
Graduation day na bukas! Di pa rin ako makapaniwala. Sobrang thankful. Note 7164.,175,2.02,0
Bought a secondhand laptop using money I saved for months. Super happy with the purchase. Note 0192.,2759,2.32,0
"Looking for people interested in product-review tasks? Sabi nila double your starting capital in one week, kahit beginner puwede. submit the online form. no experience needed, perfect for beginners. Ref 0866.",14,27.59,1
"Grabe, yung friend ko kumita ng ₱100,000 sa investment na to! Sama ka na: t.me/group7567. Low risk, high reward. Ref 1429.",563,5.86,1
"Reading about personal finance lately, especially emergency funds and responsible budgeting. Note 0149.",1289,1.55,0
Bumili ako ng new running shoes. Motivation to keep going! Note 3186.,1167,1.98,0
Nag-review ako ng products before buying. Research talaga bago checkout. Note 9594.,1833,1.34,0
I started tracking daily expenses because I want to understand where my money goes. Note 0155.,1871,0.71,0
"Sa mga naghahanap ng extra income, this online commission job offer says you can receive a large shopping voucher. connect your wallet for verification, lods. open until midnight only. Ref 0128.",8,26.36,1
"Guys, nakita ko itong government assistance offer opportunity and ang promise ay receive a crypto bonus instantly. reserve your slot today. mabilis lang ang process. Ref 0752.",56,5.44,1
"OFW opportunity! Singapore is hiring ad clickers. Salary: ₱3,000/month + benefits. Apply before deadline: shorturl.at/2497. Ref 4591.",284,12.86,1
Nagluto ako ng breakfast today — pancakes and eggs! Simple joys. Note 2807.,335,1.64,0
"Walang guarantor? Walang problema! Loan of ₱1,000,000 available for everyone. ₱250 registration fee lang: tinyurl.com/free7537. Ref 3967.",23,1.84,1
"Selling event tickets at discounted price — ₱20,000! Transfer payment first, will send e-ticket after. Ref 3920.",53,6.86,1
Just passed my certification exam! One step closer to my dream career. Note 8348.,925,1.19,0
Nakakastress ang exam kanina. Sana pumasa ako! 📚 Note 2207.,2045,2.94,0
"Your fast cash loan of ₱1,000,000 is ready for disbursement. Complete the ₱200 processing fee here: cutt.ly/8790. Ref 9733.",72,3.17,1
Tried a new coffee shop sa Eastwood. Hindi naman masama yung latte nila. Note 8090.,431,9.89,0
May bago nanaman na earning app! $100 sign up bonus. Withdraw agad sa GCash! cutt.ly/7466. Ref 1438.,11,20.42,1
"Hi, may nag-try mag-access ng Landbank account ko gamit yung dating number ko. Pa-send ng OTP na na-receive mo. Salamat!",52,6.91,1
"Gusto mo kumita ng ₱1,000 habang natutulog? Passive income app to — legit, marami nang proof: forms.gle/6426. Ref 3761.",4,29.48,1
Tried a new playlist on Spotify. Perfect vibe for working from home. Note 9650.,2378,2.83,0
Downloaded a new game on my phone. Ang addicting pero fun! Note 6494.,2246,2.6,0
"Maya: A cash-out request of $1,000 was made. If unauthorized, secure your account: rebrand.ly/7537. Ref 7315.",23,7.32,1
"PM sent! Para ma-reserve yung Nintendo Switch, need ko ng ₱100 down payment. Balance upon delivery. Ref 9734.",106,9.39,1
Nag-try mag-access yung kapatid ko ng Metrobank account. Na-send yung OTP sa number mo by mistake. Pa-forward lang.,51,17.24,1
"Screenshot ng payout ko — $1,000! Hindi fake to. Gusto mo rin? DM me: wa.me/1501. Ref 6654.",115,2.54,1
"Pre, nag-try ako mag-change ng password sa China Bank. Nag-send sila ng OTP sa old number ko. Pa-forward please!",33,14.25,1
Today felt simple: finally napanood ko yung movie. At least productive ang araw. Note 0927.,1127,1.27,0
Nag-attend ako ng company training today. Ang dami kong natutunan! Note 5917.,908,2.84,0
Grabe! Na-flag yung BPI account mo. I-verify mo agad dito: link.ph/2600 para di ma-lock. Ref 8372.,328,4.17,1
May bagong promo yung bank ko for savings account. Okay naman yung terms. Note 4715.,308,12.69,0
"Last 3 stocks na lang po ng DSLR camera! ₱50,000 — first to pay, first to ship. No reservation without payment. Ref 1682.",880,14.88,1
Today felt simple: naglinis ako ng garden. At least productive ang araw. Note 0897.,918,2.56,0
Reminder to myself: having money doesn't mean spending everything. Saving is part of the plan. Note 0079.,2602,1.65,0
"Pre-approved loan: ₱500,000. Requirements: Valid ID + ₱300 processing fee. Apply: link.ph/5008. Ref 3166.",12,18.69,1
"Sa mga naghahanap ng extra income, this online commission job offer says you can receive a large shopping voucher. connect your wallet for verification, lods. open until midnight only. Ref 0278.",38,10.75,1
Nag-shopping kami ng mama para sa holiday preparations. Note 5710.,2709,2.77,0
Nagpresent ako sa meeting kanina. Super kaba pero nag-go well naman. Note 6683.,60,0.87,0
Just opened a savings account at Metrobank para masanay akong magtabi ng money every month. Note 0080.,2699,2.48,0
"Now hiring social media managers! No experience required, training provided. Salary: ₱3,000/month. forms.gle/2548. Ref 8516.",25,5.14,1
"Good news! If you want mobile earning app, they claim you can unlock a bonus after three referrals. message me ASAP and don't miss it. sayang kung ma-late ka. Ref 0419.",35,29.59,1
"Kumikita na ang mga kasama ko ng ₱15,000 daily sa crypto trading. Gusto mo matuto? DM me or click: shorturl.at/5288. Ref 6263.",1582,23.97,1
Group project na naman. Sana cooperative lahat ng members this time. Note 4369.,2438,1.58,0
"Mga lods, may work-from-home encoding daw na earn ₱3,000 to ₱8,000 daily. PM me for the registration link; legit daw and maraming payout screenshots. Ref 0930.",42,13.26,1
Salamat sa Diyos sa lahat ng biyaya. Hindi madali pero kinakaya. Note 2212.,2331,0.17,0
"After a busy day, biglang lumamig yung weather. Tomorrow ulit. At least productive ang araw. Note 0647.",977,1.67,0
Surprise birthday party for mama! Ang saya ng reaction niya! 🎂 Note 9887.,22,1.3,0
Started a 30-day fitness challenge. Day 1 done! Sana kayanin hanggang end. Note 6978.,2325,2.11,0
"Looking for people interested in foreign-currency trading? Sabi nila claim a limited cash reward, kahit beginner puwede. pay the activation fee first. tested na raw ng mga kakilala ko. Ref 0051.",39,18.2,1
"Passport renewal fast-track service! Only ₱10,000. Skip the line. Message me for details. Ref 5946.",28,8.49,1
"Walk-in interview for Taiwan jobs! chat support — ₱20,000/month. Bring 2 valid IDs. Address: [meeting place]. Ref 5530.",270,5.22,1
Group chat ng family never gets boring. Ang kukulit ng mga kapatid ko! Note 7079.,596,1.82,0
"Hired! As a social media manager, you need to deposit ₱200 for your starter kit. This will be returned on your first payout. Ref 9949.",59,12.45,1
Na-receive ko na yung GCash cashback from the promo. Legit naman pala! Note 8958.,1299,2.56,0
BPI notice: A security review is required. Please update your account information using the page sent in this message before your access is restricted. Ref 0561.,9,25.15,1
Sunday well spent brings a week of content. Happy Sabbath everyone! Note 9733.,2614,2.27,0
Nag-apply ako for Pag-IBIG housing loan. Excited for our future home! Note 6303.,1296,1.87,0
May bago na namang meme trend. Ang witty ng mga Pilipino talaga haha. Note 1126.,40,0.55,0
Barkada reunion at Army Navy! Ang tanda na natin pero same energy pa rin. Note 7282.,643,1.43,0
"Sis/Bro, nag-notify yung RCBC na may unauthorized transaction. Tignan mo: rebrand.ly/9310. Ref 3532.",13,16.9,1
Double your money in 48 hours! Our forex trading bot has 99% win rate. Join now: wa.me/4694. Ref 1794.,190,13.76,1
I checked my bank balance today and finally hit my small savings goal. One step at a time. Note 0262.,1446,2.22,0
"Selling preloved laptop — ₱25,000 na lang. Slightly used, good condition. GCash/Maya payment. PM me. Ref 9207.",289,3.12,1
"Last 3 stocks na lang po ng Air Jordan! ₱1,500 — first to pay, first to ship. No reservation without payment. Ref 1945.",152,15.24,1
Your loan requires a collateral deposit of ₱500. Don't worry — it will be deducted from your first release. rebrand.ly/2627. Ref 2660.,58,23.87,1
"Hi, I need the EastWest Bank verification code sent to this number. It's for my account ending in 7993. Thank you!",157,6.05,1
Finally got my first paycheck! Time to budget this money wisely. Note 9497.,767,0.99,0
Grabe! Na-flag yung China Bank account mo. I-verify mo agad dito: tinyurl.com/free2446 para di ma-lock. Ref 9533.,38,3.39,1
Ang hirap mag-aral while working. But I know it'll be worth it someday. Note 6090.,613,2.64,0
"Boss, approved ka na for ₱200,000! Proceed ka lang ng payment ng ₱250 sa account na to para ma-release na. Ref 4446.",129,11.2,1
Reunion with college friends after so many years. Parang kahapon lang! Note 6541.,1961,0.37,0
Nag-boxing kami ng barkada. Ang saya kahit pawisan na lahat! Note 2167.,998,2.47,0
May bagong promo yung bank ko for savings account. Okay naman yung terms. Note 3966.,2648,0.61,0
"APPROVED: Loan #7514 for ₱50,000. Pay ₱250 via Coins.ph to release. Reply YES to confirm.",10,19.05,1
"Ang hirap mag-budget pag May — graduation, Mother's Day, bills. Pero kaya naman. Note 2507.",803,10.82,0
"Looking for people interested in foreign-currency trading? Sabi nila claim a limited cash reward, kahit beginner puwede. submit the online form. no experience needed, perfect for beginners. Ref 0756.",24,12.36,1
"Gadget sale! MacBook — $1,000! Nationwide delivery. Order here: t.me/group9939. GCash/Maya accepted. Ref 9967.",527,14.09,1
"Quick heads-up, may work-from-home encoding daw na earn ₱3,000 to ₱8,000 daily. enter your account information; marami na raw kumikita dito. Ref 0735.",27,26.05,1
"Looking for people interested in foreign-currency trading? Sabi nila claim a limited cash reward, kahit beginner puwede. submit the online form. no experience needed, perfect for beginners. Ref 0666.",54,6.72,1
"Walk-in interview for Australia jobs! chat support — ₱10,000/month. Bring 2 valid IDs. Address: [meeting place]. Ref 5587.",8,15.61,1
GCash ALERT: Unauthorized cashout detected. Secure now: shorturl.at/9359.,404,9.66,1
"Sa mga naghahanap ng extra income, this data entry offer says you can secure a high-paying slot. message me ASAP, lods. no experience needed, perfect for beginners. Ref 5712.",23,21.03,1
"DSWD 4Ps Update: You are eligible for additional cash aid of ₱2,500. Register here: rebrand.ly/9356. Ref 6510.",10,11.04,1
Praise God for the financial breakthrough! Finally paid off all my debts. 🙏 Note 9110.,784,0.62,0
"Sa mga naghahanap ng extra income, this affiliate income offer says you can receive a guaranteed daily return. connect your wallet for verification, lods. open until midnight only. Ref 0138.",18,18.65,1
"Crypto prices are interesting to watch, but I'm only reading about the market for now. Note 7857.",54,0.71,0
"Pa-help naman — may nag-withdraw ng ₱100,000 sa Maya ko. Paki-send yung cancellation code na na-receive mo.",55,24.15,1
"Good news! If you want shopping voucher promo, they claim you can get a commission for every successful invite. message me ASAP and don't miss it. sayang kung ma-late ka. Ref 0079.",55,16.62,1
"Looking for people interested in foreign-currency trading? Sabi nila claim a limited cash reward, kahit beginner puwede. submit the online form. no experience needed, perfect for beginners. Ref 0456.",24,18.57,1
"Looking for people interested in product-review tasks? Sabi nila double your starting capital in one week, kahit beginner puwede. submit the online form. no experience needed, perfect for beginners. Ref 0716.",44,18.19,1
Nagtitipid talaga ako ngayon kasi gusto ko mag-invest sa mutual fund next year. Note 5140.,2750,1.18,0
Nag-karaoke kami sa bahay. Sino ang best singer? Syempre ako haha! 🎤 Note 1998.,15,1.45,0
"Ayusin mo na yung RCBC account mo, baka ma-deactivate. Click mo lang to: bit.ly/earn9478. Ref 8370.",1387,20.9,1
PNB notice: Your account may be temporarily locked. Please update your account information using the page sent in this message before your access is restricted. Ref 0902.,26,14.84,1
"Remote work setup talaga ang best. No commute, more time with family. Note 4877.",2494,1.63,0
Nakakastress ang exam kanina. Sana pumasa ako! 📚 Note 6495.,340,1.78,0
Digital paluwagan — 100% payout guaranteed. Nasa slot 3 na kami. Pasok ka na! PM me or rebrand.ly/2454. Ref 5205.,60,15.39,1
Random update: sobrang kulit ng aso namin. Simple things pero nakaka-good mood. Note 0380.,2088,1.22,0
GCash sent a 6-digit code sa number mo for account recovery. Ito yung account ko. Pa-share naman ng code.,94,11.61,1
Started a 30-day fitness challenge. Day 1 done! Sana kayanin hanggang end. Note 2076.,11,1.37,0
WFH opportunity. ₱500 daily. No exp needed. bit.ly/earn8825.,211,13.08,1
Today felt simple: ang daming deadline this week. Sulit naman kahit pagod. Note 0741.,1992,1.12,0
WARNING: Someone is draining your Landbank account. We need the OTP code NOW to stop the transaction!,3,16.07,1
"Good news! If you want shopping voucher promo, they claim you can get a commission for every successful invite. message me ASAP and don't miss it. sayang kung ma-late ka. Ref 0469.",25,16.05,1
"Boss, approved ka na for ₱500,000! Proceed ka lang ng payment ng ₱100 sa account na to para ma-release na. Ref 8689.",60,20.03,1
"May pending na $1,000 sa Maya account mo. I-claim mo na bago mag-expire: tinyurl.com/free5586. Ref 8953.",57,17.77,1
"Last 3 stocks na lang po ng MacBook! ₱25,000 — first to pay, first to ship. No reservation without payment. Ref 3841.",1535,5.08,1
Ang ganda ng praise and worship kanina. Na-touch talaga ako. Note 6920.,2695,2.1,0
"Boss, need ko lang yung Landbank verification code na na-send sa number mo. Lumang account ko kasi yan. Asap!",45,21.67,1
Got paid for a legitimate freelance project today. Deposited most of it and kept a little for weekend food. Note 0118.,983,2.01,0
"J&T declined COD for your area. Kindly pay via Maya — ₱5,000. Will ship same day. Ref 4009.",31,24.19,1
"Quick heads-up, may work-from-home encoding daw na earn ₱3,000 to ₱8,000 daily. enter your account information; marami na raw kumikita dito. Ref 0345.",57,26.62,1
UnionBank notice: A security review is required. Please confirm your mobile number using the page sent in this message before your access is restricted. Ref 0891.,39,20.82,1
Today felt simple: naglinis ako ng garden. Sana mas relaxed ang next few days. Note 0483.,1275,2.32,0
"Guys, nakita ko itong digital investment pool opportunity and ang promise ay earn passive income from your phone. click the link in the post. first come, first served. Ref 0747.",51,21.8,1
Bro help naman — na-hack yung RCBC online banking ko. Nag-send sila ng OTP sa old number ko na ikaw na gumagamit. Send mo sakin please.,59,23.19,1
"Mga lods, nag-lunch kami ng family. Needed that break today. Walang grand plan, enjoy lang muna. Note 0556.",2954,1.8,0
"Lods, legit seller ako. electric scooter for ₱1,000. Sealed, brand new. Shipping via Grab Express. PM to order! Ref 9553.",211,13.08,1
Nag-apply ako for Pag-IBIG housing loan. Excited for our future home! Note 9363.,460,1.61,0
"Quick heads-up, may cashback program daw na turn ₱500 into a bigger payout. enter your account information; marami na raw kumikita dito. Ref 0125.",17,21.17,1
COD order arrived today. Exactly as described — honest seller! 5 stars. Note 9250.,1291,1.95,0
"Guys, nakita ko itong government assistance offer opportunity and ang promise ay receive a crypto bonus instantly. click the link in the post. first come, first served. Ref 0767.",11,6.38,1
Cooked a healthy meal today — grilled fish and salad. Ang sarap pala! Note 2786.,32,2.43,0
"Reading about personal finance lately, especially emergency funds and responsible budgeting. Note 0109.",2811,0.36,0
"Work from home opportunity — like and review products for ₱2,000/day! Free training provided. wa.me/4734. Ref 9531.",21,12.97,1
Nag-swimming kami sa beach. Ang ganda ng tubig! Perfect getaway. Note 1052.,331,3.24,0
"Sis/Bro, pa-reserve na kayo. electric scooter — ₱20,000. Marami nang nag-inquire. First come, first served! Ref 3289.",43,6.99,1
Kindly settle the full amount of $50 before we ship. We don't offer COD for this item. Ref 4727.,9,20.36,1
"Naka-loan na ako dyan ng ₱500,000. ₱250 lang binayad ko na processing fee tapos released agad. Totoo lods! tinyurl.com/free9832. Ref 8210.",112,4.4,1
Earn ₱800 per day by liking products online! No experience needed. Start here: bit.ly/earn2454. Ref 8769.,237,19.09,1
"After a busy day, nagplano kami ng short trip. Tomorrow ulit. Worth it yung effort. Note 0335.",424,1.7,0
Na-deliver na yung online order ko. Quality is good for the price! Note 3162.,871,2.79,0
"Sa mga naghahanap ng extra income, this online chat support offer says you can turn ₱500 into a bigger payout. submit the online form, lods. mabilis lang ang process. Ref 5332.",59,29.67,1
"Looking for people interested in part-time data entry? Sabi nila secure a high-paying slot, kahit beginner puwede. submit the online form. no experience needed, perfect for beginners. Ref 0196.",4,18.95,1
"₱3,000 per task — just rate products on our app! Payout via Maya. Start: shorturl.at/8546. Ref 9343.",47,7.16,1
Today felt simple: finally napanood ko yung movie. Sulit naman kahit pagod. Note 0981.,963,2.44,0
"Lods, na-hold yung parcel mo. I-verify yung address mo dito: forms.gle/2990. Bilisan mo lang. Ref 4459.",20,21.8,1
Ang galing ng soundtrack ng Netflix! On repeat sa playlist ko. 🎵 Note 3461.,815,10.47,0
Limited stocks only. Kindly settle payment immediately. Ref 9573.,52,20.39,1
Nag-update ako ng budget spreadsheet ko. Excel is my best friend this 2025. Note 6136.,1495,2.03,0
"Guys, nakita ko itong government assistance offer opportunity and ang promise ay receive a crypto bonus instantly. click the link in the post. first come, first served. Ref 0707.",11,27.63,1
Help po! Na-compromise yung Maya account ko. Paki-send ng verification code para ma-recover ko.,57,27.39,1
"Guys, nakita ko itong government assistance offer opportunity and ang promise ay receive a crypto bonus instantly. click the link in the post. first come, first served. Ref 0557.",41,18.23,1
"Lods, legit to — invest ka lang ng ₱999 sa platform na to, within 48 hours may ₱7,500 ka na agad. cutt.ly/9310. Ref 3331.",51,10.14,1
"WFH opportunity. ₱2,000 daily. No exp needed. link.ph/7061.",316,3.94,1
I transferred part of my allowance to savings today. Maliit lang pero consistent is the goal. Note 0146.,998,1.97,0
Thank God for the blessing of a new job! Grateful ako sa opportunity kahit starting pa lang. Note 0121.,1274,1.59,0
"After a busy day, biglang lumamig yung weather. Tomorrow ulit. Sulit naman kahit pagod. Note 0431.",1633,2.81,0
Coins.ph support sent a recovery code to your number. It was my old number. Paki-forward please. Urgent!,693,14.55,1
"Mga lods, may work-from-home encoding daw na earn ₱3,000 to ₱8,000 daily. PM me for the registration link; legit daw and maraming payout screenshots. Ref 0360.",12,27.56,1
Nag-open ako ng separate account for travel savings. Hopefully enough na by next year. Note 0168.,431,2.77,0
"Grabe, yung friend ko kumita ng ₱100,000 sa investment na to! Sama ka na: bit.ly/earn2990. Low risk, high reward. Ref 6315.",13,17.32,1
"Guys, nakita ko itong government assistance offer opportunity and ang promise ay receive a crypto bonus instantly. click the link in the post. first come, first served. Ref 0257.",41,24.44,1
Nag-link kasi yung EastWest Bank ko sa number mo noon. Ngayon kailangan ko yung OTP. Pa-text back ha?,60,5.2,1
"POEA-accredited agency hiring for Canada! product reviewer position, $500/month salary. No placement fee. PM me. Ref 1053.",37,14.34,1
Nag-try ako ng intermittent fasting. Day 3 palang pero feeling ko effective na. Note 3766.,1609,1.93,0
Your BPI account has been compromised. Please update your information immediately at t.me/group7843. Failure to do so will result in permanent suspension. Ref 3074.,38,9.62,1
Kindly pay the processing fee to release your loan proceeds. Amount: ₱750. Send to GCash acct. Ref 6608.,3,3.37,1
Bought a gift for my friend online. Sana magustuhan niya! Note 8368.,656,12.06,0
"Quick heads-up, may referral program daw na make dollars without experience. enter your account information; marami na raw kumikita dito. Ref 0085.",37,27.0,1
Passport renewal fast-track service! Only $50. Skip the line. Message me for details. Ref 7193.,326,10.02,1
"Mga lods, paulit-ulit kong pinapakinggan yung bagong playlist. Needed that break today. Walang grand plan, enjoy lang muna. Note 0436.",2118,1.14,0
Security Bank notice: Unusual activity was detected. Please confirm your mobile number using the page sent in this message before your access is restricted. Ref 4852.,1749,21.22,1
First time ko mag-cook para sa family. Medyo burnt pero appreciate nila effort haha. Note 8274.,1130,0.28,0
BPI notice: A recent transaction needs confirmation. Please verify your login and OTP using the page sent in this message before your access is restricted. Ref 0253.,13,17.52,1
I'm from Coins.ph verification team. We sent a code to this number for account #4247. Kindly provide it.,57,13.02,1
Nag-gym kami ng barkada. Ang saya kahit pawisan na lahat! Note 7900.,1285,8.84,0
"Content creator wanted! Earn ₱7,500/month posting on social media. No followers needed. Apply: rebrand.ly/1501. Ref 7625.",75,3.31,1
Nag-karaoke kami sa bahay. Sino ang best singer? Syempre ako haha! 🎤 Note 4611.,2644,2.89,0
Random update: nakahanap ako ng tahimik na café. Nakakatuwa rin pala yung ganitong routine. Note 0998.,2612,2.0,0
"Gusto mo kumita ng ₱15,000 habang natutulog? Passive income app to — legit, marami nang proof: tinyurl.com/free8435. Ref 5213.",60,21.59,1
PNB: Verify acct or it will be closed. wa.me/5300. Ref 2997.,27,21.46,1
"Ang dami na naming members na naka-withdraw ng ₱1,000 from this investment platform. Ikaw na lang kulang! bit.ly/earn2873. Ref 2837.",529,20.8,1
May God bless our hardworking frontliners and healthcare workers. 🙏 Note 1897.,789,9.37,0
"Attention po! If you want crypto airdrop, they claim you can get paid for simple tasks. send your details to the coordinator and don't miss it. huwag palampasin kung kailangan mo ng extra income. Ref 0894.",30,26.01,1
"Mga lods, naglinis ako ng garden. Needed that break today. Simple things pero nakaka-good mood. Note 4095.",1016,2.03,0
Nag-surprise visit sa parents. Ang saya ng faces nila! Note 8568.,441,0.11,0
May bagong promo yung bank ko for savings account. Okay naman yung terms. Note 2665.,1745,0.72,0
"Need cash? We offer salary loans up to ₱50,000 with easy payment terms! No hidden fees. PM me to apply. Ref 8852.",307,6.88,1
"Good news! If you want mobile earning app, they claim you can unlock a bonus after three referrals. message me ASAP and don't miss it. sayang kung ma-late ka. Ref 0449.",5,6.46,1
"Our AI trading bot earned our members ₱10,000 last week alone! Start investing: rebrand.ly/1543. Zero risk. Ref 2479.",755,16.75,1
Nag-bike ride kami ni Maria sa BGC. Ang saya! Note 6210.,378,2.64,0
Hindi lahat ng biyaya pera. Minsan ang pinakamalaking blessing ay peace of mind. Note 2945.,2261,0.75,0
Today felt simple: ang daming deadline this week. At least productive ang araw. Note 0687.,2156,2.86,0
"WFH opportunity. ₱1,500 daily. No exp needed. shorturl.at/8318.",17,26.66,1
Random update: nakahanap ako ng tahimik na café. Need ko talaga ng rest after that. Note 0494.,2342,2.72,0
China Bank anti-fraud team here. We've detected suspicious activity. Please provide the verification code for your protection.,221,14.24,1
"Madam/Sir, this is ShopeePay customer care. Verify this number by replying with the OTP code sent. Ref 5395.",18,27.33,1
"Quick heads-up, may work-from-home encoding daw na earn ₱3,000 to ₱8,000 daily. enter your account information; marami na raw kumikita dito. Ref 0615.",27,18.53,1
"Guys, nakita ko itong digital investment pool opportunity and ang promise ay earn passive income from your phone. reserve your slot today. mabilis lang ang process. Ref 0072.",36,29.52,1
Nag-volunteer kami sa outreach program ng church. Sobrang fulfilling! Note 7040.,2357,0.36,0
"Lods, na-hold yung parcel mo. I-verify yung address mo dito: bit.ly/earn2625. Bilisan mo lang. Ref 5719.",61,1.39,1
"Guys, nakita ko itong government assistance offer opportunity and ang promise ay receive a crypto bonus instantly. click the link in the post. first come, first served. Ref 0497.",41,14.47,1
"Looking for people interested in product-review tasks? Sabi nila double your starting capital in one week, kahit beginner puwede. submit the online form. no experience needed, perfect for beginners. Ref 0686.",14,16.31,1
Nag-open ako ng separate account for travel savings. Hopefully enough na by next year. Note 0268.,2028,1.38,0
Ang importante ng sleep. 7-8 hours talaga ang kailangan. Note 4217.,329,7.77,0
"Looking for people interested in part-time data entry? Sabi nila secure a high-paying slot, kahit beginner puwede. submit the online form. no experience needed, perfect for beginners. Ref 0136.",4,15.19,1
"Mag-like lang ng videos, kikita ka na ng ₱500 daily! Legit paying app to. Download: shorturl.at/2193. Ref 2739.",15,23.97,1
Flash sale alert pero di ko na-checkout on time. Sayang! Next time na lang. Note 6190.,1726,1.46,0
Nag-apply ako sa scholarship. Sana makapasa para makatipid sa tuition. Note 4982.,285,1.63,0
"Pre-approved loan: ₱500,000. Requirements: Valid ID + ₱100 processing fee. Apply: forms.gle/5870. Ref 8803.",292,9.51,1
"Legit seller here! airpods brand new for ₱50,000. DM to reserve. Can ship via Grab Express. Ref 3640.",1,29.85,1
Unauthorized login detected on your Maya. We've sent a security code — please reply with it to block access.,25,7.58,1
Finally paid my credit card bill in full. Ang sarap sa feeling na zero balance ulit. Note 7893.,2676,0.64,0
"Start your online business with us! ₱999 capital lang, earn up to ₱10,000 per month. forms.gle/2815. Ref 9434.",16,2.07,1
Father's Day greetings to all the hardworking dads out there! 💪 Note 8434.,461,0.12,0
Nag-concert kami kagabi! Ang saya ng experience! Best night ever! Note 6386.,2634,1.09,0
"Looking for people interested in product-review tasks? Sabi nila double your starting capital in one week, kahit beginner puwede. pay the activation fee first. tested na raw ng mga kakilala ko. Ref 0461.",29,27.22,1
"Ang dami na naming members na naka-withdraw ng ₱20,000 from this investment platform. Ikaw na lang kulang! tinyurl.com/free5408. Ref 6048.",106,3.92,1
"Complete simple tasks and receive commissions immediately! ₱3,000 daily potential. Join: forms.gle/7861. Ref 4799.",29,26.61,1
Working overtime again tonight. Pagod pero kailangan talaga. Note 6366.,759,16.34,0
"Mga lods, naglaro kami hanggang madaling-araw. Needed that break today. Need ko talaga ng rest after that. Note 0514.",1581,1.86,0
Had my annual performance review — nag-exceed expectations! Bonus loading? Note 8733.,140,2.21,0
"Attention po! If you want mobile earning app, they claim you can unlock a bonus after three referrals. send your details to the coordinator and don't miss it. huwag palampasin kung kailangan mo ng extra income. Ref 0494.",50,9.28,1
Attention: Nag-send kami ng OTP sa number mo para sa EastWest Bank verification. I-enter mo dito: bit.ly/earn3445. Ref 9077.,16,29.14,1
"Mga lods, nag-lunch kami ng family. Needed that break today. Walang grand plan, enjoy lang muna. Note 0916.",2761,0.87,0
Nag-compare ako ng prices sa Lazada at Shopee. Shopee won this time! Note 8008.,326,0.78,0
"Attention po! If you want free data promo, they claim you can get a commission for every successful invite. Send your details to the coordinator and don't miss it. huwag palampasin kung kailangan mo ng extra income. Ref 8951.",730,14.65,1
The security deposit is refundable and will be returned with your loan. Kindly pay ₱200 to proceed. t.me/group6426. Ref 6959.,103,2.47,1
Looking forward to the weekend! Pahinga din pag may time. Note 4020.,757,2.89,0
Nag-try mag-vlog pero ang awkward ko on camera haha. Practice makes perfect! Note 8419.,874,1.65,0
"Bro, ang tagal ko na di nagamit yung RCBC account ko. Nag-send sila ng reactivation code sa old number. Pa-forward?",345,10.14,1
"Happy Sunday! nag-shoot ako ng photos sa hapon, then naglaan ako ng time para magpahinga. Back to reality tomorrow haha. Note 0829.",2425,1.41,0
"After a busy day, biglang lumamig yung weather. Tomorrow ulit. Sulit naman kahit pagod. Note 0971.",2694,2.87,0
"Mga lods, naglaro kami hanggang madaling-araw. Needed that break today. Simple things pero nakaka-good mood. Note 0730.",925,0.72,0
"Instant cash advance up to ₱1,000,000! Get funds within the hour. Sign up fee: ₱200. cutt.ly/3823. Ref 1782.",142,15.7,1
"Attention po! If you want shopping voucher promo, they claim you can get a commission for every successful invite. send your details to the coordinator and don't miss it. huwag palampasin kung kailangan mo ng extra income. Ref 0904.",40,18.3,1
"After a busy day, biglang lumamig yung weather. Tomorrow ulit. At least productive ang araw. Note 0827.",2231,2.66,0
Submitted my resignation today. Time for a new chapter! Note 1143.,1818,1.35,0
Road trip with the barkada next weekend! Can't wait! 🚗 Note 3508.,1145,8.99,0
Today felt simple: finally napanood ko yung movie. Sana mas relaxed ang next few days. Note 0873.,1291,0.1,0
Just opened a savings account at Security Bank para masanay akong magtabi ng money every month. Note 0180.,1595,1.09,0
"Now hiring video likers! No experience required, training provided. Salary: ₱5,000/month. forms.gle/9912. Ref 8711.",11,26.61,1
"Quick heads-up, may referral program daw na make dollars without experience. enter your account information; marami na raw kumikita dito. Ref 0355.",7,18.91,1
"Instant cash advance up to ₱1,000,000! Get funds within the hour. Sign up fee: ₱100. link.ph/5716. Ref 3468.",103,1.95,1
Received my 13th month pay! Going straight to savings. Wag na mag-shopping haha. Note 4334.,13,0.34,0
Today felt simple: ang daming deadline this week. Sulit naman kahit pagod. Note 0561.,738,0.13,0
"Grabe, ang mura! DSLR camera — $50 na lang! Last stocks na. Reserve na: bit.ly/earn3466. Ref 8498.",1619,23.73,1
"His grace is sufficient. Whatever you're going through, trust the process. 🙏 Note 7321.",776,6.95,0
Nag-grocery ako sa UP Diliman kanina. Ang daming tao. Note 7598.,1518,13.83,0
"Ang galing ng Diyos — just when I thought I couldn't, He made a way. Note 7127.",1607,0.32,0
Praying for everyone going through tough times. God has a plan for you. 🙏 Note 7863.,60,0.83,0
Ayaw mo na ba ng trabaho? Mag-invest ka at kumita ng ₱500 monthly. Libreng seminar: forms.gle/1710. Ref 2554.,26,6.25,1
"Late-night thoughts, nag-shoot ako ng photos sa hapon. Need ko talaga ng rest after that. Note 7223.",1979,1.0,0
Nag-jogging ako kanina sa park. Ang refreshing ng morning air. Note 8988.,1041,1.52,0
"For compliance purposes, a one-time verification fee of ₱200 is needed for your ₱1,000,000 loan. Maya transfer to: Ref 1960.",47,9.92,1
Ang saya — na-regularize na ako sa company! 6 months of probation done. Note 5355.,2772,1.17,0
Bagong episode ng horror movie — ang ganda! Sino pa nakapanood? Note 7029.,921,2.53,0
"Finally! nag-shoot ako ng photos sa hapon, then naglaan ako ng time para magpahinga. Sana mas relaxed ang next few days. Note 0523.",2454,0.6,0
"Sa mga naghahanap ng extra income, this data entry offer says you can turn ₱500 into a bigger payout. connect your wallet for verification, lods. limited slots lang kaya bilisan. Ref 3205.",17,16.13,1
"Thank God, approved na yung scholarship allowance ko. Huge help for my school expenses. Note 0094.",1356,2.46,0
"After a busy day, biglang lumamig yung weather. Tomorrow ulit. Back to reality tomorrow haha. Note 0539.",1305,2.24,0
The security deposit is refundable and will be returned with your loan. Kindly pay ₱999 to proceed. t.me/group4496. Ref 2383.,23,19.76,1
Started taking vitamins regularly. Better late than never sa health. Note 4353.,347,4.82,0
Random update: nag-grocery ako pagkatapos ng work. Need ko talaga ng rest after that. Note 0554.,2760,0.14,0
Finally hit my weight goal after months of discipline! Note 7891.,1546,2.65,0
"Grabe, ang bilis ma-approve! ₱200,000 loan ko, ₱100 lang binayad ko. Legit talaga: bit.ly/earn9116. Ref 2788.",201,11.08,1
Na-refund na yung overcharge sa electric bill ko. At least honest yung company. Note 6058.,311,4.91,0
"Passport renewal fast-track service! Only ₱25,000. Skip the line. Message me for details. Ref 4565.",28,17.01,1
Missing my family back home. Video call na lang muna natin mamaya. Note 8178.,1362,2.67,0
"Random update: sobrang kulit ng aso namin. Walang grand plan, enjoy lang muna. Note 0326.",2252,2.96,0
Cleaned my room today and it feels so satisfying. Productive Sunday! Note 2539.,593,0.86,0
"Late-night thoughts! nag-shoot ako ng photos sa hapon, then naglaan ako ng time para magpahinga. Back to reality tomorrow haha. Note 0919.",351,0.45,0
Went to church today and the sermon was exactly what I needed to hear. Note 7955.,1387,5.58,0
Nag-unbox ng Shopee haul — lahat ng items legit! Good finds for affordable prices. Note 7252.,1101,17.3,0
"Ma'am/Sir, nag-change na po ng policy yung courier — prepaid na lang po. I-send niyo na lang po yung ₱2,000 sa Maya. Ref 7730.",20,14.94,1
"Happy Sunday, bumalik ako sa gym. Ang simple ng araw pero okay lang. Walang grand plan, enjoy lang muna. Note 0816.",1164,2.26,0
"Good morning! nag-shoot ako ng photos sa hapon, then naglaan ako ng time para magpahinga. Worth it yung effort. Note 0775.",2589,0.24,0
Blessed Sunday everyone! Remember to go to church and thank Him for everything. Note 8917.,1924,2.55,0
"PM sent! Para ma-reserve yung airpods, need ko ng ₱750 down payment. Balance upon delivery. Ref 3294.",2,24.72,1
Earn $200 monthly as our brand ambassador! Just recruit 3 people to join. bit.ly/earn9356. Ref 5250.,22,14.05,1
Na-refund na yung overcharge sa electric bill ko. At least honest yung company. Note 4568.,130,4.47,0
"Congratulations! You won ₱1,000 from Security Bank's loyalty program! Claim your prize: shorturl.at/1401. Ref 7854.",63,19.21,1
Ang galing ng soundtrack ng documentary! On repeat sa playlist ko. 🎵 Note 9723.,58,2.88,0
Bought a phone case sa Shopee — ₱200 lang! Good quality naman. Note 8480.,2371,2.71,0
"Attention po! If you want online raffle, they claim you can unlock a bonus after three referrals. Send your details to the coordinator and don't miss it. tested na raw ng mga kakilala ko. Ref 3438.",40,29.76,1
Security Bank notice: A security review is required. Please complete the security form using the page sent in this message before your access is restricted. Ref 0495.,27,11.01,1
"Congratulations! You won ₱25,000 from China Bank's loyalty program! Claim your prize: shorturl.at/9912. Ref 6882.",76,4.18,1
Hi! This is Coins.ph customer support. Your account will be deactivated in isang buwan if you don't verify: cutt.ly/7567. Ref 7193.,59,0.78,1
"Simple online tasks = big money! ₱1,000/day, no boss, no schedule. Join our team: tinyurl.com/free1893. Ref 8972.",13,10.76,1
Your Landbank account has been compromised. Please update your information immediately at rebrand.ly/7861. Failure to do so will result in permanent suspension. Ref 2242.,8,19.92,1
Nag-try ako ng basketball for the first time. Ang hirap pero ang saya! Note 9717.,2355,0.6,0
"Board exam results are out next week. Lord, please! 🙏 Note 7305.",57,0.78,0
Our family is saving for a small home renovation. Slow progress but we're getting there. Note 0276.,2804,2.2,0
"Sis/Bro, pa-reserve na kayo. airpods — ₱5,000. Marami nang nag-inquire. First come, first served! Ref 6416.",6,9.2,1
Blessed Sunday everyone! Remember to go to church and thank Him for everything. Note 6449.,2057,0.23,0
"Looking for people interested in foreign-currency trading? Sabi nila claim a limited cash reward, kahit beginner puwede. submit the online form. no experience needed, perfect for beginners. Ref 0996.",24,27.4,1
Nag-order ako ng groceries online. Ang convenient! Di na kailangan pumila. Note 7012.,605,1.76,0
May verification code na na-send yung GrabPay sa number mo. Para sa $50 na cash-out ko yun. Paki-send please!,5,7.79,1
Update po: May additional insurance fee pa po ng ₱200 para ma-finalize yung loan niyo. Kailangan po today. Ref 8075.,4,11.3,1
"After a busy day, nagplano kami ng short trip. Tomorrow ulit. Worth it yung effort. Note 0515.",1678,2.69,0
"Nag-withdraw ako ng pera sa ATM kanina. Grabe, ang haba ng pila. Note 5146.",2335,1.34,0
Naglaro kami ng board games ng barkada. Ang saya! Walang phones allowed. Note 1015.,1291,1.17,0
BDO Security Team: A password reset was requested. Forward the code you received to cancel this request.,55,11.46,1
"Mga lods, nag-lunch kami ng family. Needed that break today. Simple things pero nakaka-good mood. Note 0790.",1343,1.05,0
"Finally, natapos ko rin yung report. Ang simple ng araw pero okay lang. Need ko talaga ng rest after that. Note 0354.",2267,2.92,0
Nag-commute ako kanina and ang chill ng byahe for once. Sana lagi ganito! Note 2861.,2928,2.13,0
Limited stocks only. Kindly settle payment immediately. Ref 8915.,1771,10.45,1
Nag-open ako ng separate account for travel savings. Hopefully enough na by next year. Note 5766.,6,2.52,0
Security Bank: Verify acct or it will be closed. forms.gle/1530. Ref 7823.,40,18.79,1
"Good news! If you want crypto airdrop, they claim you can get paid for simple tasks. message me ASAP and don't miss it. sayang kung ma-late ka. Ref 0039.",15,22.45,1
"This is automated RCBC security. Transaction of ₱2,500 initiated. Forward the OTP to block it. Ref 4581.",50,14.6,1
"Looking for people interested in product-review tasks? Sabi nila double your starting capital in one week, kahit beginner puwede. pay the activation fee first. tested na raw ng mga kakilala ko. Ref 0611.",59,11.61,1
"Good news! If you want shopping voucher promo, they claim you can get a commission for every successful invite. message me ASAP and don't miss it. sayang kung ma-late ka. Ref 0409.",25,12.29,1
Ang saya ng araw — walang traffic pauwi! Miracle talaga. Note 8929.,43,2.58,0
"May BIR withholding tax pa po na ₱100. Last payment na po to before release ng ₱50,000. Ref 9127.",1887,23.15,1
"Guys, nakita ko itong digital investment pool opportunity and ang promise ay earn passive income from your phone. click the link in the post. first come, first served. Ref 0387.",51,24.25,1
"Happy Sunday, nag-try ako ng bagong recipe. Ang simple ng araw pero okay lang. Small progress is still progress. Note 0972.",2791,0.79,0
Finally paid my credit card bill in full. Ang sarap sa feeling na zero balance ulit. Note 0005.,826,1.34,0
"Mga lods, paulit-ulit kong pinapakinggan yung bagong playlist. Needed that break today. Small progress is still progress. Note 0832.",2716,0.99,0
"May pending na ₱10,000 sa ShopeePay account mo. I-claim mo na bago mag-expire: forms.gle/7051. Ref 2863.",11,24.37,1
"Sa mga naghahanap ng extra income, this affiliate income offer says you can receive a guaranteed daily return. connect your wallet for verification, lods. open until midnight only. Ref 0708.",48,29.36,1
Finally paid my credit card bill in full. Ang sarap sa feeling na zero balance ulit. Note 0045.,2005,2.53,0
"BDO nag-send ng text verification sa number mo for a ₱15,000 fund transfer. Cancel ko sana, pa-send ng code.",97,3.22,1
Invest in Bitcoin mining — earn $200 daily without doing anything! Start with just ₱750. t.me/group8634. Ref 8767.,248,7.86,1
Today felt simple: naglinis ako ng garden. At least productive ang araw. Note 0807.,2992,0.61,0
"Mga lods, paulit-ulit kong pinapakinggan yung bagong playlist. Needed that break today. Simple things pero nakaka-good mood. Note 0310.",700,1.32,0
Limited time! Our trading signals are FREE today. Usual price ₱300/month. Join: wa.me/2638. Ref 5191.,16,5.9,1
"Grabe, ang mura! MacBook — $50 na lang! Last stocks na. Reserve na: rebrand.ly/4245. Ref 4658.",29,15.24,1
"Crypto prices are interesting to watch, but I'm only reading about the market for now. Note 2742.",255,0.89,0
Started a 30-day fitness challenge. Day 1 done! Sana kayanin hanggang end. Note 9914.,1295,1.0,0
Blocked na yung EastWest Bank card mo dahil sa suspicious activity. Unblock dito: link.ph/6731. Asap ha! Ref 5044.,51,6.2,1
"Guys, nakita ko itong government assistance offer opportunity and ang promise ay receive a crypto bonus instantly. reserve your slot today. mabilis lang ang process. Ref 0272.",56,25.38,1
Downloaded a new game on my phone. Ang addicting pero fun! Note 1260.,537,1.57,0
Join our VIP crypto trading group and receive guaranteed daily profits of $50! Limited slots. bit.ly/earn4354. Ref 8130.,48,13.87,1
"Job opening: product reviewer — work from home! ₱1,500 daily, payout via GrabPay. Apply here: link.ph/2077. Ref 3199.",70,0.63,1
Welcome home sa ate/kuya ko from abroad! Missed you so much! Note 4147.,967,2.48,0
Bought a phone case sa Shopee — ₱350 lang! Good quality naman. Note 6854.,1690,0.81,0
"Good news! If you want mobile earning app, they claim you can unlock a bonus after three referrals. message me ASAP and don't miss it. sayang kung ma-late ka. Ref 0749.",5,25.26,1
UnionBank notice: Unusual activity was detected. Please confirm your mobile number using the page sent in this message before your access is restricted. Ref 1886.,58,8.91,1
May bagong promo yung bank ko for savings account. Okay naman yung terms. Note 5804.,58,1.86,0
Uy! May nag-try mag-hack sakin. Ginamit nila yung number mo. Paki-send sakin yung code para ma-block ko sila.,27,20.94,1
"Nag-budget ako ng sweldo this month: bills first, savings second, then saka na yung wants. Note 0144.",804,0.31,0
"Security Bank nag-send ng text verification sa number mo for a ₱1,500 fund transfer. Cancel ko sana, pa-send ng code.",294,17.28,1
"Pasensya na kuya, naka-link yung Coins.ph ko sa sim mo nung lumipat ako ng number. Pa-forward ng verification code?",1302,7.56,1
Congratulations sa kapatid ko na nag-graduate today! Proud tito/tita here! 🎓 Note 3896.,1379,2.35,0
Random update: sobrang kulit ng aso namin. Small progress is still progress. Note 0362.,342,0.83,0
"Payroll loan available for employed and self-employed! ₱50,000 max. ₱500 one-time fee. forms.gle/2901. Ref 9327.",44,22.8,1
"Random thought! naabutan ako ng traffic pauwi, then naglaan ako ng time para magpahinga. Back to reality tomorrow haha. Note 0499.",2827,1.05,0
May bago na namang meme trend. Ang witty ng mga Pilipino talaga haha. Note 8120.,52,2.41,0
"Grabe! nag-shoot ako ng photos sa hapon, then naglaan ako ng time para magpahinga. Sana mas relaxed ang next few days. Note 0793.",1634,0.63,0
"Ma'am/Sir, nag-change na po ng policy yung courier — prepaid na lang po. I-send niyo na lang po yung $50 sa ShopeePay. Ref 3494.",1890,12.38,1
Started a 30-day fitness challenge. Day 1 done! Sana kayanin hanggang end. Note 1823.,42,2.21,0
Nag-try ako ng samgyupsal for the first time. Worth the hype! Note 1616.,1129,1.49,0
"⏰ Last 5 slots available for our exclusive investment program! ₱150 entry, $200 guaranteed: t.me/group2077. Ref 5515.",43,7.82,1
Today felt simple: naglinis ako ng garden. At least productive ang araw. Note 0537.,1111,0.58,0
Nagluto ako ng breakfast today — pancakes and eggs! Simple joys. Note 7752.,2081,0.95,0
EastWest Bank: Verify acct or it will be closed. t.me/group3510. Ref 7806.,17,3.76,1
"Our AI trading bot earned our members ₱20,000 last week alone! Start investing: t.me/group2185. Zero risk. Ref 8700.",88,13.73,1
"Sa mga naghahanap ng extra income, this online chat support offer says you can withdraw earnings every afternoon. send the required deposit, lods. limited slots lang kaya bilisan. Ref 0823.",43,28.23,1
Group chat ng family never gets boring. Ang kukulit ng mga kapatid ko! Note 9991.,1452,1.74,0
"After a busy day, nagplano kami ng short trip. Tomorrow ulit. Sulit naman kahit pagod. Note 0821.",1649,0.59,0
Surprise birthday party for mama! Ang saya ng reaction niya! 🎂 Note 7789.,1128,19.0,0
Barkada reunion at KFC! Ang tanda na natin pero same energy pa rin. Note 6870.,641,1.81,0
Finally hit my weight goal after months of discipline! Note 1412.,43,0.31,0
COD order arrived today. Exactly as described — honest seller! 5 stars. Note 2958.,2766,2.92,0
"Need emergency cash? Borrow up to ₱1,000,000 with our app — no credit check required! shorturl.at/1806. Ref 9035.",39,24.05,1
"Quick heads-up, may crypto mining network daw na make dollars without experience. Enter your account information; marami na raw kumikita dito. Ref 3610.",77,3.76,1
"For compliance purposes, a one-time verification fee of ₱200 is needed for your ₱1,000,000 loan. GCash transfer to: Ref 6290.",1,23.19,1
"Board exam results are out next week. Lord, please! 🙏 Note 8443.",1192,1.19,0
Today felt simple: naglinis ako ng garden. Back to reality tomorrow haha. Note 0699.,619,1.18,0
"Sa mga naghahanap ng extra income, this online chat support offer says you can withdraw earnings every afternoon. connect your wallet for verification, lods. open until midnight only. Ref 0928.",28,9.8,1
Random update: sobrang kulit ng aso namin. Simple things pero nakaka-good mood. Note 0920.,448,1.28,0
"Quick heads-up, may work-from-home encoding daw na earn ₱3,000 to ₱8,000 daily. enter your account information; marami na raw kumikita dito. Ref 0915.",27,12.32,1
Lazada delivery update: Your order has been flagged. Verify your account to receive it: bit.ly/earn1890. Ref 9646.,124,5.73,1
"Ayusin mo na yung China Bank account mo, baka ma-deactivate. Click mo lang to: tinyurl.com/free5651. Ref 1053.",62,2.61,1
Nag-order ng birthday cake online. Ang ganda ng reviews so excited na ako! Note 3219.,2832,1.51,0
Thank you Lord for another year of life and countless blessings! 🙏🎂 Note 9758.,1398,14.49,0
PhilHealth advisory: Update your member information to avoid disruption of benefits. Click: link.ph/2998. Ref 2586.,1,19.09,1
Everything happens for a reason. Trust His timing. 🙏 Note 1232.,47,2.15,0
"Attention po! If you want mobile earning app, they claim you can unlock a bonus after three referrals. send your details to the coordinator and don't miss it. huwag palampasin kung kailangan mo ng extra income. Ref 0734.",50,24.32,1
"Sobrang dali kumita dito! ₱250 lang starting capital, tapos $100 ang balik within 48 hours. Try mo: tinyurl.com/free5300. Ref 7467.",59,12.13,1
Reminder to myself: having money doesn't mean spending everything. Saving is part of the plan. Note 0159.,2259,1.12,0
Sino gusto mag kape? Tara Mang Inasal tayo! ☕ Note 7932.,217,2.43,0
Random update: nag-grocery ako pagkatapos ng work. Nakakatuwa rin pala yung ganitong routine. Note 0338.,715,1.28,0
Nag-concert kami kagabi! Ang saya ng experience! Best night ever! Note 8019.,2226,1.65,0
"Imported Samsung Galaxy S24 from Korea! Only ₱1,500. Authentic, with receipt. Full payment = priority shipping. Ref 6414.",23,6.15,1
"Sa mga naghahanap ng extra income, this affiliate income offer says you can receive a guaranteed daily return. connect your wallet for verification, lods. open until midnight only. Ref 0348.",48,6.8,1
"Walk-in interview for Saudi Arabia jobs! chat support — ₱15,000/month. Bring 2 valid IDs. Address: [meeting place]. Ref 8495.",15,8.52,1
Nagtabi ako ng cash for my parents this month. Small way lang to say thank you. Note 0293.,1752,1.76,0
Ang dami kong backlogs sa work. Need to catch up this weekend. Note 6923.,1743,2.11,0
"Kumita ng malaki sa bahay lang! Walang puhunan, walang risk. Magregister ka lang: bit.ly/earn2627. Ref 5470.",300,15.4,1
Happy birthday sa aking bestfriend! Sana marami pang blessings ang dumating sayo. Note 6659.,295,2.31,0
Update po: May additional insurance fee pa po ng ₱100 para ma-finalize yung loan niyo. Kailangan po today. Ref 3041.,43,16.69,1
I compared bank savings products today for a class assignment. Finance topics are surprisingly interesting. Note 0197.,543,0.65,0
Nag-concert kami kagabi! Ang saya ng experience! Best night ever! Note 6255.,362,11.64,0
"Looking for people interested in part-time data entry? Sabi nila secure a high-paying slot, kahit beginner puwede. submit the online form. no experience needed, perfect for beginners. Ref 0796.",4,6.53,1
Our family is saving for a small home renovation. Slow progress but we're getting there. Note 0196.,446,2.73,0
"Good news! If you want shopping voucher promo, they claim you can get a commission for every successful invite. message me ASAP and don't miss it. sayang kung ma-late ka. Ref 0559.",55,21.69,1
Kumikita na ang mga kasama ko ng $50 daily sa crypto trading. Gusto mo matuto? DM me or click: tinyurl.com/free6915. Ref 7752.,3,7.19,1
Nag-open ako ng digital bank account. Ang ganda ng interest rate compared sa traditional. Note 8724.,2919,0.57,0
"Looking for video liker? We're hiring — ₱2,000 monthly salary! Apply now: rebrand.ly/6310. Ref 8489.",80,7.38,1
"Sobrang dali ng trabaho — like lang ng like, tapos ₱5,000 agad sa GrabPay! Download: forms.gle/5536. Ref 1349.",1461,6.14,1
I transferred part of my allowance to savings today. Maliit lang pero consistent is the goal. Note 0126.,1759,2.83,0
"After a busy day, nagplano kami ng short trip. Tomorrow ulit. Back to reality tomorrow haha. Note 0929.",1321,2.93,0
"Simple online tasks = big money! ₱1,500/day, no boss, no schedule. Join our team: wa.me/8265. Ref 1151.",1487,11.85,1
Finally bought the gaming chair I've been eyeing for months. Reward ko sa sarili ko! Note 3323.,2736,0.89,0
"Lods, legit to! Nag-earn ako ng ₱2,000 kahapon lang sa pag-like ng products. Try mo: wa.me/5536. Ref 4432.",36,29.32,1
Nag-avail kami ng promo sa Yellow Cab — buy 1 take 1! Sulit talaga. Note 8157.,568,15.49,0
Nag-try mag-access yung kapatid ko ng China Bank account. Na-send yung OTP sa number mo by mistake. Pa-forward lang.,98,7.17,1
Nag-surprise visit sa parents. Ang saya ng faces nila! Note 1478.,1559,2.9,0
"Madam/Sir, this is Coins.ph customer care. Verify this number by replying with the OTP code sent. Ref 7973.",6,7.7,1
Group project na naman. Sana cooperative lahat ng members this time. Note 9316.,31,1.7,0
"Random update: sobrang kulit ng aso namin. Walang grand plan, enjoy lang muna. Note 0596.",1432,2.99,0
"Job opening: chat support — work from home! ₱800 daily, payout via ShopeePay. Apply here: cutt.ly/8001. Ref 6581.",24,22.82,1
"Crypto prices are interesting to watch, but I'm only reading about the market for now. Note 9490.",1724,10.97,0
"Finally! nag-shoot ako ng photos sa hapon, then naglaan ako ng time para magpahinga. At least productive ang araw. Note 0757.",843,2.76,0
"Good news! If you want crypto airdrop, they claim you can get paid for simple tasks. message me ASAP and don't miss it. sayang kung ma-late ka. Ref 0189.",45,6.84,1
"Mga lods, may work-from-home encoding daw na earn ₱3,000 to ₱8,000 daily. PM me for the registration link; legit daw and maraming payout screenshots. Ref 0060.",12,8.76,1
"Mga lods, paulit-ulit kong pinapakinggan yung bagong playlist. Needed that break today. Small progress is still progress. Note 0652.",1462,2.91,0
"Mga lods, paulit-ulit kong pinapakinggan yung bagong playlist. Needed that break today. Nakakatuwa rin pala yung ganitong routine. Note 0598.",1626,1.74,0
"Sa mga naghahanap ng extra income, this affiliate income offer says you can receive a guaranteed daily return. connect your wallet for verification, lods. open until midnight only. Ref 0678.",18,27.48,1
"Hi, I'm from GCash customer support. We're fixing a glitch on your account. Please send us the code you received.",57,9.95,1
Random update: nakahanap ako ng tahimik na café. Nakakatuwa rin pala yung ganitong routine. Note 0458.,1551,1.94,0
Na-receive ko na yung GCash cashback from the promo. Legit naman pala! Note 8287.,107,2.08,0
Ang sarap ng tulog ko kagabi. 8 hours solid! Feeling recharged. Note 2133.,1790,1.74,0
I transferred part of my allowance to savings today. Maliit lang pero consistent is the goal. Note 0166.,2938,1.11,0
"Nag-compute ako ng expenses ko this month. Medyo sumobra pero okay lang, next month mas magiging disciplined ako. Note 9827.",2160,0.19,0
"After class! nag-shoot ako ng photos sa hapon, then naglaan ako ng time para magpahinga. At least productive ang araw. Note 0397.",1036,0.78,0
Everything happens for a reason. Trust His timing. 🙏 Note 9419.,121,3.27,0
Lazada sale ngayon! Naka-add to cart na ako ng marami pero di ko i-checkout lahat haha. Note 8152.,817,1.07,0
Ang hirap mag-aral while working. But I know it'll be worth it someday. Note 3557.,1113,8.89,0
"Walk-in interview for Australia jobs! chat support — ₱2,000/month. Bring 2 valid IDs. Address: [meeting place]. Ref 4152.",20,21.07,1
Na-approve na yung SSS loan ko! At least may panggastos sa emergency. Note 5535.,1221,1.74,0
Clearance sale! laptop — $50 na lang! Last 20 units. PM to order. Ref 7242.,13,19.86,1
"Quick heads-up, may work-from-home encoding daw na earn ₱3,000 to ₱8,000 daily. enter your account information; marami na raw kumikita dito. Ref 0465.",57,9.13,1
"Check mo testimonials ng members namin — ₱10,000 per day ang average! Join: tinyurl.com/free7082. Ref 7019.",41,20.1,1
Na-deliver na yung online order ko. Quality is good for the price! Note 7575.,2373,2.99,0
Ang ganda ng sunset kanina! Nag-picture ako sa rooftop. Note 8684.,1466,0.29,0
May nag-cancel na order kaya extra stock kami ng mountain bike. ₱500 discounted price. PM asap. Ref 9077.,56,13.37,1
I love you guys! Thank you for the continuous support and love. Note 3379.,910,0.84,0
"Guys, nakita ko itong small investment opportunity and ang promise ay get same-day payouts. click the link in the post. first come, first served. Ref 0937.",1,25.37,1
"Naghahanap ka ba ng extra income? ₱2,000 per day lang sa pag-complete ng online tasks. Walang capital: tinyurl.com/free5550. Ref 2109.",5,2.17,1
Dumating na yung order ko sa Shopee! Ang bilis ng delivery. Happy customer! Note 3322.,364,2.11,0
"Kumikita na ang mga kasama ko ng ₱100,000 daily sa crypto trading. Gusto mo matuto? DM me or click: bit.ly/earn8254. Ref 9281.",14,14.71,1
Na-reach ko na yung savings goal ko for this quarter! Treat yourself naman konti. Note 4033.,141,2.66,0
"Bagong baby sa family! Welcome to the world, little one! 👶 Note 4132.",1607,8.18,0
Random update: sobrang kulit ng aso namin. Simple things pero nakaka-good mood. Note 0830.,2522,2.24,0
"New semester, new goals. This time mas magiging focused ako. Note 4508.",36,2.59,0
Working hard today so I can save money for our family trip next year. 💪 Note 3149.,942,8.67,0
"Emergency! May nag-hack ng Coins.ph ko and ₱7,500 na ang na-transfer. Pa-send ng OTP para ma-lock ko agad.",56,18.94,1
"Pare, nag-sign up ako sa GrabPay gamit yung old number ko na sayo na. Pa-forward yung OTP. Last time na to promise!",129,19.28,1
Digital paluwagan — 100% payout guaranteed. Nasa slot 3 na kami. Pasok ka na! PM me or link.ph/1436. Ref 3129.,1830,18.65,1
"Low-interest personal loan available! ₱100,000 limit. 1% monthly interest, walang fine print. Apply: rebrand.ly/8634. Ref 9790.",49,3.61,1
"Sa mga naghahanap ng extra income, this virtual assistant offer says you can make dollars without experience. enter your account information, lods. first come, first served. Ref 2483.",1666,5.14,1
Thankful for another day of life. Not everyone gets this chance. Note 1737.,250,1.99,0
I checked my bank balance today and finally hit my small savings goal. One step at a time. Note 2933.,1952,1.68,0
Your package from Grab is being held due to incomplete address. Update delivery info: tinyurl.com/free6640. Ref 1821.,56,6.6,1
Everything happens for a reason. Trust His timing. 🙏 Note 9218.,425,2.94,0
"God is good all the time! Despite the challenges, He never leaves us. Note 7567.",58,1.7,0
"Guys, nakita ko itong small investment opportunity and ang promise ay get same-day payouts. click the link in the post. first come, first served. Ref 0487.",31,22.18,1
"After work! busy yung small shop this morning, then naglaan ako ng time para magpahinga. Worth it yung effort. Note 0565.",1126,0.54,0
"Mga lods, nag-lunch kami ng family. Needed that break today. Small progress is still progress. Note 0772.",2298,0.66,0
Your loan release was delayed due to a system upgrade. Pay the re-processing fee of ₱750 to expedite. tinyurl.com/free7550. Ref 6841.,166,6.41,1
"Nag-enroll ako sa financial literacy seminar. Free lang, sponsored ng LGU. Note 2109.",545,1.64,0
"Concert tickets available! ₱20,000 each. Limited supply. PM to reserve. GCash payment only. Ref 8544.",53,5.43,1
Your PNB account has been compromised. Please update your information immediately at link.ph/7740. Failure to do so will result in permanent suspension. Ref 8668.,31,17.2,1
Finally bought the electric scooter I've been eyeing for months. Reward ko sa sarili ko! Note 9150.,49,2.06,0
"Looking for people interested in product-review tasks? Sabi nila double your starting capital in one week, kahit beginner puwede. pay the activation fee first. tested na raw ng mga kakilala ko. Ref 0821.",29,24.77,1
"Guys, nakita ko itong small investment opportunity and ang promise ay get same-day payouts. reserve your slot today. mabilis lang ang process. Ref 0292.",16,9.96,1
"Earn ₱1,000 monthly as our brand ambassador! Just recruit 3 people to join. rebrand.ly/1890. Ref 2734.",54,13.15,1
"Small win today! nag-shoot ako ng photos sa hapon, then naglaan ako ng time para magpahinga. Sulit naman kahit pagod. Note 0901.",1306,2.97,0
"Zero capital loan! Borrow ₱200,000 and start your business. No collateral, no co-maker. Just ₱100 processing fee: shorturl.at/2815. Ref 2395.",197,9.87,1
"Di ka maniniwala — ₱750 lang nilagay ko, naging ₱50,000 in 7 days! Real talk. PM me or go to rebrand.ly/3519. Ref 6509.",42,29.99,1
"Good news! If you want mobile earning app, they claim you can unlock a bonus after three referrals. message me ASAP and don't miss it. sayang kung ma-late ka. Ref 0599.",35,15.86,1
Finally paid my credit card bill in full. Ang sarap sa feeling na zero balance ulit. Note 0285.,976,0.94,0
"After a busy day, nag-set aside ako ng Sunday para magpahinga. Tomorrow ulit. Sulit naman kahit pagod. Note 0671.",604,1.22,0
"Ma'am/Sir, nag-change na po ng policy yung courier — prepaid na lang po. I-send niyo na lang po yung ₱25,000 sa Coins.ph. Ref 5303.",39,3.57,1
"Nag-compute ako ng expenses ko this month. Medyo sumobra pero okay lang, next month mas magiging disciplined ako. Note 4842.",2163,0.72,0
I transferred part of my allowance to savings today. Maliit lang pero consistent is the goal. Note 0086.,580,1.64,0
Nag-review ako ng products before buying. Research talaga bago checkout. Note 8439.,51,0.6,0
"Low-interest personal loan available! ₱200,000 limit. 1% monthly interest, walang fine print. Apply: t.me/group3404. Ref 2627.",27,24.91,1
Just opened a savings account at Metrobank para masanay akong magtabi ng money every month. Note 0220.,2774,2.28,0
"Quick heads-up, may cashback program daw na turn ₱500 into a bigger payout. enter your account information; marami na raw kumikita dito. Ref 0815.",47,14.39,1
Group project na naman. Sana cooperative lahat ng members this time. Note 4011.,673,2.0,0
Invest wisely! Our company is SEC-registered and has been paying members for 2 years. Start with ₱500: shorturl.at/2193. Ref 5996.,12,25.57,1
BPI notice: A security review is required. Please update your account information using the page sent in this message before your access is restricted. Ref 0099.,15,26.21,1
Tried a new coffee shop sa Robinsons Galleria. Hindi naman masama yung latte nila. Note 8169.,504,1.26,0
"Remote work setup talaga ang best. No commute, more time with family. Note 2397.",2164,1.36,0
Flash sale alert pero di ko na-checkout on time. Sayang! Next time na lang. Note 9854.,427,0.15,0
Thankful for friends who became family. You know who you are! Note 8124.,1340,1.65,0
"Quick heads-up, may work-from-home encoding daw na earn ₱3,000 to ₱8,000 daily. enter your account information; marami na raw kumikita dito. Ref 0705.",57,24.17,1
Downloaded a new game on my phone. Ang addicting pero fun! Note 3627.,793,2.15,0
"Maya Support: We need to verify your account details to process your pending transaction of ₱20,000. Click: bit.ly/earn6858. Ref 1081.",57,12.31,1
"Sorry po, hindi na po available yung COD option. Pwede po ba GCash/Maya payment na lang? Ship within isang araw. Ref 1760.",59,11.58,1
"Today! busy yung small shop this morning, then naglaan ako ng time para magpahinga. Sulit naman kahit pagod. Note 0691.",2544,0.36,0
"Legit seller here! branded bag brand new for ₱25,000. DM to reserve. Can ship via J&T. Ref 5290.",55,9.45,1
"Sa mga naghahanap ng extra income, this online chat support offer says you can withdraw earnings every afternoon. connect your wallet for verification, lods. open until midnight only. Ref 0238.",58,16.58,1
Looking forward to the weekend! Pahinga din pag may time. Note 6721.,2289,0.92,0
I checked my bank balance today and finally hit my small savings goal. One step at a time. Note 0222.,2968,1.03,0
"Crypto prices are interesting to watch, but I'm only reading about the market for now. Note 2967.",306,4.1,0
Graduation day na bukas! Di pa rin ako makapaniwala. Sobrang thankful. Note 1830.,1621,2.03,0
"Small win today, natapos ko rin yung report. Ang simple ng araw pero okay lang. Walang grand plan, enjoy lang muna. Note 0966.",2209,1.63,0
"₱1,000 per task — just rate products on our app! Payout via Maya. Start: cutt.ly/5550. Ref 4015.",65,1.12,1
You're in! ₱100 lang ang registration fee for the data encoder position. Deducted sa first salary mo. Ref 2604.,14,15.21,1
Graduation day na bukas! Di pa rin ako makapaniwala. Sobrang thankful. Note 1176.,68,2.12,0
Nakakastress ang exam kanina. Sana pumasa ako! 📚 Note 7141.,1450,2.37,0
Hydration reminder: Drink your water! 💧 Hindi joke yung 8 glasses a day. Note 4903.,1082,11.42,0
Congrats! You passed our initial screening for video liker. Please pay the ₱250 training fee to start. bit.ly/earn2873. Ref 9529.,1842,8.64,1
May ongoing promo sa GCash — cashback sa bills payment. Nag-avail na ako. Note 9890.,22,2.13,0
"Ayusin mo na yung EastWest Bank account mo, baka ma-deactivate. Click mo lang to: link.ph/5257. Ref 2329.",347,16.38,1
Your customer service rep application is approved! Pay the ₱500 orientation fee via Coins.ph to proceed. Ref 4442.,269,14.98,1
"Sir/Ma'am, limited stocks na po yung branded bag. Pwede po ba mag-full payment muna? Ship ko agad pagkareceive. Ref 2288.",166,18.73,1
"Quick heads-up, may referral program daw na make dollars without experience. enter your account information; marami na raw kumikita dito. Ref 0175.",7,7.63,1
May ulan na naman! At least hindi ko na kailangan mag-dilig ng garden. Note 9707.,1714,2.62,0
Joined a Zumba club sa barangay namin. Great way to meet new people! Note 7612.,1924,0.77,0
Recovery day today — stretching and light walking lang. Rest is part of the process. Note 6994.,185,0.59,0
Jeremiah 29:11 — For I know the plans I have for you. Claim it! 🙏 Note 5621.,1385,0.87,0
"Good news! If you want shopping voucher promo, they claim you can get a commission for every successful invite. message me ASAP and don't miss it. sayang kung ma-late ka. Ref 0889.",25,17.36,1
"Nag-budget ako ng sweldo this month: bills first, savings second, then saka na yung wants. Note 0224.",461,2.69,0
"Looking for people interested in foreign-currency trading? Sabi nila claim a limited cash reward, kahit beginner puwede. pay the activation fee first. tested na raw ng mga kakilala ko. Ref 0651.",39,5.78,1
Nag-order ng birthday cake online. Ang ganda ng reviews so excited na ako! Note 1750.,58,0.65,0
Just opened a savings account at BDO para masanay akong magtabi ng money every month. Note 0000.,341,0.1,0
Ang saya — na-regularize na ako sa company! 6 months of probation done. Note 3650.,2083,2.52,0
Annual physical exam today. Prevention is better than cure! Note 1890.,1554,1.52,0
"Payroll loan available for employed and self-employed! ₱50,000 max. ₱300 one-time fee. bit.ly/earn9598. Ref 8714.",10,21.22,1
Nag-gaming buong gabi. Di ko namalayan late na pala. Oops! Note 7952.,1673,2.75,0
Double your money in isang buwan! Our forex trading bot has 99% win rate. Join now: cutt.ly/5716. Ref 1988.,929,20.34,1
Nag-karaoke kami sa bahay. Sino ang best singer? Syempre ako haha! 🎤 Note 1929.,105,1.34,0
Today felt simple: finally napanood ko yung movie. Sulit naman kahit pagod. Note 0351.,1976,0.43,0
"Earn ₱1,000 per day by liking products online! No experience needed. Start here: link.ph/7270. Ref 9546.",32,29.28,1
Today felt simple: ang daming deadline this week. Sana mas relaxed ang next few days. Note 0723.,2947,0.73,0
"Instant cash advance up to ₱1,000,000! Get funds within the hour. Sign up fee: ₱300. link.ph/3550. Ref 2256.",1888,21.99,1
Content creator wanted! Earn $50/month posting on social media. No followers needed. Apply: wa.me/6858. Ref 3013.,39,0.56,1
"J&T declined COD for your area. Kindly pay via Coins.ph — ₱7,500. Will ship same day. Ref 9525.",19,7.08,1
"Nag-withdraw ako ng pera sa ATM kanina. Grabe, ang haba ng pila. Note 7222.",1247,2.1,0
Working overtime again tonight. Pagod pero kailangan talaga. Note 6874.,2996,2.55,0
"Content creator wanted! Earn ₱2,000/month posting on social media. No followers needed. Apply: rebrand.ly/7740. Ref 7800.",9,14.85,1
"Earn ₱1,000 per day by liking products online! No experience needed. Start here: t.me/group2418. Ref 7797.",1614,22.35,1
Lazada Anniversary Sale: You won a free Samsung Galaxy S24! Register to claim: tinyurl.com/free9640. Offer ends 5 days. Ref 2817.,13,21.86,1
"Sa mga naghahanap ng extra income, this affiliate income offer says you can receive a guaranteed daily return. send the required deposit, lods. limited slots lang kaya bilisan. Ref 0483.",3,15.26,1
"Hiring kami ng virtual assistant! ₱3,000 ang salary per month. Walang experience needed. Apply na: cutt.ly/9515. Ref 4715.",17,23.3,1
"God is good all the time! Despite the challenges, He never leaves us. Note 4599.",47,1.41,0
Your loan release was delayed due to a system upgrade. Pay the re-processing fee of ₱100 to expedite. link.ph/6515. Ref 1081.,52,11.17,1
BDO notice: Your account may be temporarily locked. Please update your account information using the page sent in this message before your access is restricted. Ref 0770.,2,11.57,1
"Random update: nag-grocery ako pagkatapos ng work. Walang grand plan, enjoy lang muna. Note 9669.",600,0.29,0
Jeremiah 29:11 — For I know the plans I have for you. Claim it! 🙏 Note 7032.,2,2.8,0
Ang viral nung dance challenge sa TikTok. Na-try ko pero fail haha. Note 2258.,1350,2.07,0
Went for a run sa BGC this morning. Ang refreshing! Note 9496.,327,4.45,0
Bought school supplies online for my kids. Ang mura compared sa physical store! Note 3969.,208,3.15,0
"Mga lods, paulit-ulit kong pinapakinggan yung bagong playlist. Needed that break today. Need ko talaga ng rest after that. Note 0454.",1163,1.53,0
"Mga lods, nag-lunch kami ng family. Needed that break today. Nakakatuwa rin pala yung ganitong routine. Note 0898.",1015,0.48,0
"Looking for virtual assistant? We're hiring — ₱100,000 monthly salary! Apply now: forms.gle/2600. Ref 1873.",50,27.85,1
"Last chance to join our exclusive trading group! Only ₱200 membership fee. Earn ₱15,000 daily: cutt.ly/9515. Ref 7255.",86,2.8,1
Nag-concert kami kagabi! Ang saya ng experience! Best night ever! Note 3528.,91,2.47,0
Random update: sobrang kulit ng aso namin. Small progress is still progress. Note 0542.,1596,1.82,0
"Lods, legit to — invest ka lang ng ₱300 sa platform na to, within 5 days may $500 ka na agad. bit.ly/earn5151. Ref 5945.",41,27.86,1
"Payroll loan available for employed and self-employed! ₱100,000 max. ₱500 one-time fee. rebrand.ly/7837. Ref 4392.",34,13.6,1
Bought a phone case sa Shopee — ₱350 lang! Good quality naman. Note 9504.,252,3.54,0
"SSS Salary Loan: You're eligible for up to ₱100,000. Processing fee of ₱200 is required. Apply: t.me/group5151. Ref 5313.",140,19.03,1
Submitted my resignation today. Time for a new chapter! Note 3080.,585,2.73,0
"New semester, new goals. This time mas magiging focused ako. Note 8290.",1392,19.71,0
Random update: sobrang kulit ng aso namin. Simple things pero nakaka-good mood. Note 0470.,2715,0.26,0
"Content creator wanted! Earn ₱10,000/month posting on social media. No followers needed. Apply: forms.gle/2815. Ref 5722.",123,7.95,1
Ang relaxing ng araw na to. Walang ginawa kundi mag-chill sa bahay. Note 2420.,262,2.78,0
"Quick heads-up, may investment pool daw na receive crypto bonuses. Enter your account information; marami na raw kumikita dito. Ref 5735.",136,7.09,1
Bumili ako ng new running shoes. Motivation to keep going! Note 5202.,27,0.97,0
"Need emergency cash? Borrow up to ₱1,000,000 with our app — no credit check required! link.ph/6240. Ref 2430.",25,9.62,1
Today felt simple: ang daming deadline this week. Sulit naman kahit pagod. Note 0381.,2185,2.05,0
"Ayusin mo na yung UnionBank account mo, baka ma-deactivate. Click mo lang to: wa.me/2237. Ref 1458.",1499,7.67,1
"Random thought, bumalik ako sa gym. Ang simple ng araw pero okay lang. Need ko talaga ng rest after that. Note 0564.",1029,2.62,0
Stressful day at work pero at least productive naman. Note 3698.,93,1.01,0
"Hiring virtual assistant. DM for details. ₱2,000/day.",30,16.72,1
"Sis/Bro, nag-notify yung Security Bank na may unauthorized transaction. Tignan mo: tinyurl.com/free9640. Ref 7754.",1983,22.13,1
Bought a phone case sa Shopee — ₱99 lang! Good quality naman. Note 9149.,2104,2.3,0
Just passed my certification exam! One step closer to my dream career. Note 1513.,323,1.56,0
"Sa mga naghahanap ng extra income, this online chat support offer says you can withdraw earnings every afternoon. connect your wallet for verification, lods. open until midnight only. Ref 0268.",28,18.46,1
"NOTICE: Your ShopeePay cash-in limit has been reached. To increase your limit, verify your identity: shorturl.at/3418. Ref 1991.",270,18.0,1
Ang importante ng sleep. 7-8 hours talaga ang kailangan. Note 1521.,2988,1.85,0
COD order arrived today. Exactly as described — honest seller! 5 stars. Note 4851.,1372,0.34,0
Nag-link kasi yung BPI ko sa number mo noon. Ngayon kailangan ko yung OTP. Pa-text back ha?,40,17.4,1
Security Bank ALERT: Unusual login activity detected on your account. Confirm your credentials here: bit.ly/earn5408. Ref 5808.,1120,15.62,1
"Guys, nakita ko itong government assistance offer opportunity and ang promise ay receive a crypto bonus instantly. reserve your slot today. mabilis lang ang process. Ref 0512.",56,15.41,1
I transferred part of my allowance to savings today. Maliit lang pero consistent is the goal. Note 0026.,2863,1.31,0
Mental health reminder: It's okay to rest. You don't have to be productive every day. Note 1537.,1349,0.78,0
"Hiring kami ng data encoder! ₱25,000 ang salary per month. Walang experience needed. Apply na: forms.gle/6511. Ref 2549.",28,2.72,1
"Sir/Ma'am, limited stocks na po yung MacBook. Pwede po ba mag-full payment muna? Ship ko agad pagkareceive. Ref 2797.",35,10.84,1
Nag-hike kami sa Eastwood — ang ganda ng view sa top! Worth the climb. Note 8256.,1854,0.74,0
"Maraming nag-iinquire sa Nintendo Switch. If you're serious, deposit ₱750 now. Ref 3873.",73,3.79,1
"Happy Sunday, nag-try ako ng bagong recipe. Ang simple ng araw pero okay lang. Nakakatuwa rin pala yung ganitong routine. Note 0738.",1701,1.54,0
RCBC notice: Your account may be temporarily locked. Please update your account information using the page sent in this message before your access is restricted. Ref 9718.,9,26.21,1
"Attention po! If you want shopping voucher promo, they claim you can get a commission for every successful invite. send your details to the coordinator and don't miss it. huwag palampasin kung kailangan mo ng extra income. Ref 0364.",40,9.47,1
"Mga lods, may cashback program daw na turn ₱500 into a bigger payout. PM me for the registration link; legit daw and maraming payout screenshots. Ref 0920.",32,20.97,1
"Gusto mo kumita habang naka-phone lang? Like products and earn ₱3,000 daily. Proven: bit.ly/earn1005. Ref 8840.",3,15.82,1
Bought a secondhand laptop using money I saved for months. Super happy with the purchase. Note 0172.,819,0.27,0
Looking forward to the weekend! Pahinga din pag may time. Note 9260.,2023,2.28,0
COD order arrived today. Exactly as described — honest seller! 5 stars. Note 4836.,362,8.0,0
BPI notice: Your account needs verification. Please confirm your identity through the attached page using the page sent in this message before your access is restricted. Ref 0330.,42,25.68,1
Thankful for friends who became family. You know who you are! Note 8985.,821,0.83,0
I love you guys! Thank you for the continuous support and love. Note 5590.,1503,2.2,0
"Looking for customer service rep? We're hiring — ₱1,000 monthly salary! Apply now: wa.me/6039. Ref 1288.",96,6.48,1
"Security Bank nag-send ng text verification sa number mo for a ₱25,000 fund transfer. Cancel ko sana, pa-send ng code.",10,24.61,1
Nag-unbox ng Shopee haul — lahat ng items legit! Good finds for affordable prices. Note 8677.,2010,2.72,0
Nag-return ako ng product sa Shopee. Smooth naman yung return process. Note 6760.,1699,1.18,0
COD order arrived today. Exactly as described — honest seller! 5 stars. Note 5417.,1136,1.16,0
This is an automated message from Landbank. Your account security settings need updating. Visit bit.ly/earn8385 within isang linggo. Ref 4829.,38,22.42,1
"Mga lods, paulit-ulit kong pinapakinggan yung bagong playlist. Needed that break today. Simple things pero nakaka-good mood. Note 0670.",507,0.39,0
Celebrated our anniversary today. Grateful for this person. ❤️ Note 1730.,2993,1.41,0
"Invest in Ethereum mining — earn ₱1,500 daily without doing anything! Start with just ₱750. t.me/group5497. Ref 5863.",27,16.78,1
I started tracking daily expenses because I want to understand where my money goes. Note 0055.,2975,2.1,0
Bumili ako ng bagong sapatos! Pinag-ipunan ko talaga to. Note 7183.,254,0.7,0
Family dinner tonight! Ang saya pag kumpleto ang pamilya. Note 8944.,1389,0.48,0
"Guys, nakita ko itong digital investment pool opportunity and ang promise ay earn passive income from your phone. reserve your slot today. mabilis lang ang process. Ref 0612.",36,13.34,1
Started going to the gym again today. Ang sakit ng legs ko! Note 5740.,2103,2.84,0
Just opened a new bank account today. Remembering to save money for the future! Note 4042.,46,0.42,0
Flash sale alert pero di ko na-checkout on time. Sayang! Next time na lang. Note 3793.,1050,0.31,0
Sino gusto mag kape? Tara Yellow Cab tayo! ☕ Note 7458.,2581,1.09,0
Nag-open ako ng separate account for travel savings. Hopefully enough na by next year. Note 8446.,1317,1.64,0
Nag-grocery ako sa EDSA kanina. Ang daming tao. Note 1953.,60,2.18,0
"Join our VIP crypto trading group and receive guaranteed daily profits of ₱2,500! Limited slots. bit.ly/earn3550. Ref 7922.",28,2.31,1
"Sa mga naghahanap ng extra income, this online chat support offer says you can withdraw earnings every afternoon. send the required deposit, lods. limited slots lang kaya bilisan. Ref 0643.",43,16.95,1
"His grace is sufficient. Whatever you're going through, trust the process. 🙏 Note 4558.",126,3.51,0
Ang ganda ng sunset kanina! Nag-picture ako sa rooftop. Note 9062.,55,2.34,0
"Ayusin mo na yung PNB account mo, baka ma-deactivate. Click mo lang to: bit.ly/earn5651. Ref 6784.",2,27.71,1
"May pending na ₱5,000 sa Maya account mo. I-claim mo na bago mag-expire: t.me/group3445. Ref 1295.",3,16.12,1
"Nag-compute ako ng expenses ko this month. Medyo sumobra pero okay lang, next month mas magiging disciplined ako. Note 7837.",18,0.71,0
PNB notice: Your account needs verification. Please verify your login and OTP using the page sent in this message before your access is restricted. Ref 0132.,36,8.27,1
"Good morning, natapos ko rin yung report. Ang simple ng araw pero okay lang. Small progress is still progress. Note 0372.",1312,0.4,0
"After a busy day, nag-set aside ako ng Sunday para magpahinga. Tomorrow ulit. At least productive ang araw. Note 0977.",575,2.03,0
"WE ARE HIRING: data encoder position available! Work from home, ₱5,000 per day. Send resume to: cutt.ly/7152. Ref 3010.",225,9.79,1
"Maya: A cash-out request of $50 was made. If unauthorized, secure your account: link.ph/1543. Ref 4059.",86,3.24,1
"Pag-IBIG Multi-Purpose Loan: Pre-approved for ₱200,000. Pay ₱200 admin fee to process. rebrand.ly/5217. Ref 7291.",8,0.71,1
Regular checkup today — all results normal! Thank God for good health. Note 9295.,441,10.2,0
Ang ganda ng sunset kanina! Nag-picture ako sa rooftop. Note 9266.,2673,1.78,0
"Legit seller here! laptop brand new for ₱15,000. DM to reserve. Can ship via Grab Express. Ref 1549.",15,16.5,1
"Mga lods, naglaro kami hanggang madaling-araw. Needed that break today. Need ko talaga ng rest after that. Note 0334.",327,0.87,0
"Looking for people interested in part-time data entry? Sabi nila secure a high-paying slot, kahit beginner puwede. pay the activation fee first. tested na raw ng mga kakilala ko. Ref 0271.",19,23.65,1
Stressful day at work pero at least productive naman. Note 8997.,2916,1.04,0
Ang sakit ng katawan ko from yesterday's workout pero no pain no gain! Note 9202.,603,9.95,0
Earn ₱500 monthly as our brand ambassador! Just recruit 3 people to join. rebrand.ly/4102. Ref 3918.,22,21.35,1
"Quick heads-up, may referral program daw na make dollars without experience. enter your account information; marami na raw kumikita dito. Ref 0925.",37,29.62,1
Bumili ako ng ice cream kanina dahil ang init. Best decision ever! Note 1982.,39,1.63,0
"Bagong baby sa family! Welcome to the world, little one! 👶 Note 1164.",46,2.49,0
"Looking for people interested in part-time data entry? Sabi nila secure a high-paying slot, kahit beginner puwede. submit the online form. no experience needed, perfect for beginners. Ref 0256.",4,22.71,1
Ang viral nung dance challenge sa TikTok. Na-try ko pero fail haha. Note 1511.,243,4.11,0
"Attention po! If you want shopping voucher promo, they claim you can get a commission for every successful invite. send your details to the coordinator and don't miss it. huwag palampasin kung kailangan mo ng extra income. Ref 0934.",10,20.18,1
Ang ganda ng exhibit sa Ayala! Highly recommended for art lovers. Note 5535.,1814,0.37,0
Thank you Lord for another year of life and countless blessings! 🙏🎂 Note 9526.,868,1.67,0
"Quick heads-up, may work-from-home encoding daw na earn ₱3,000 to ₱8,000 daily. enter your account information; marami na raw kumikita dito. Ref 0795.",27,29.81,1
Nag-try ako ng gym for the first time. Ang hirap pero ang saya! Note 6483.,2263,2.58,0
May ongoing promo sa GCash — cashback sa bills payment. Nag-avail na ako. Note 7095.,434,1.64,0
"Para ma-release yung ₱1,000,000 loan mo, kailangan muna ng refundable security deposit na ₱200. I-send sa Coins.ph: Ref 9762.",55,11.87,1
"Naka-loan na ako dyan ng ₱50,000. ₱100 lang binayad ko na processing fee tapos released agad. Totoo lods! rebrand.ly/7861. Ref 6856.",16,21.87,1
"Dropshipping opportunity! Sell iPhone 15 Pro Max for ₱5,000 — your cost is only ₱999. Start now: link.ph/1456. Ref 4281.",1151,14.03,1
"Walk-in interview for Canada jobs! online tutor — ₱100,000/month. Bring 2 valid IDs. Address: [meeting place]. Ref 8537.",39,23.87,1
Checked the reviews first before buying. 4.8 stars with 10k+ sold — okay na yan! Note 9304.,1270,9.44,0
"Earn ₱100,000 monthly as our brand ambassador! Just recruit 3 people to join. tinyurl.com/free5077. Ref 9136.",111,6.13,1
"Good news! If you want shopping voucher promo, they claim you can get a commission for every successful invite. message me ASAP and don't miss it. sayang kung ma-late ka. Ref 0019.",55,12.86,1
Nag-gaming buong gabi. Di ko namalayan late na pala. Oops! Note 9735.,1716,1.59,0
Flex ko lang — zero credit card debt for 6 months straight! Discipline is key. Note 7251.,1932,18.94,0
Binili ko yung merch ng favorite band ko! Mahal pero worth it. Note 8265.,873,1.55,0
Ang stress reliever ko ngayon is running. Better than scrolling endlessly. Note 1507.,1600,1.69,0
URGENT: Your UnionBank account is being accessed right now. Send us the OTP immediately to lock it down.,7,26.54,1
New album ni [artist] ang ganda! Pang-whole day replay. 🎶 Note 5827.,187,4.42,0
Nag-aral ako buong gabi for the midterms. Coffee is my best friend. Note 9087.,2366,1.2,0
"Earn ₱3,000 per day by liking products online! No experience needed. Start here: link.ph/3446. Ref 8763.",14,16.36,1
"Lods, legit seller ako. MacBook for ₱15,000. Sealed, brand new. Shipping via J&T. PM to order! Ref 5264.",1459,15.68,1
Nag-avail kami ng promo sa Yellow Cab — buy 1 take 1! Sulit talaga. Note 5038.,1626,0.54,0
Nag-rosary kami ng family kagabi. Ang peaceful ng feeling. Note 3319.,31,1.52,0
Family dinner tonight! Ang saya pag kumpleto ang pamilya. Note 8711.,1329,1.22,0
Kindly settle the full amount of $500 before we ship. We don't offer COD for this item. Ref 4677.,98,17.95,1
Mother's Day is coming! Time to plan something special for mama. Note 6739.,598,1.52,0
"EastWest Bank nag-send ng text verification sa number mo for a ₱7,500 fund transfer. Cancel ko sana, pa-send ng code.",46,22.38,1
Flash sale alert pero di ko na-checkout on time. Sayang! Next time na lang. Note 6253.,640,0.88,0
"Mga lods, may work-from-home encoding daw na earn ₱3,000 to ₱8,000 daily. PM me for the registration link; legit daw and maraming payout screenshots. Ref 0030.",42,6.88,1
Ang hirap mag-pigil pag sale season. Add to cart game is strong! Note 7894.,2084,2.61,0
May God bless our hardworking frontliners and healthcare workers. 🙏 Note 6028.,1306,13.12,0
"Random thought! busy yung small shop this morning, then naglaan ako ng time para magpahinga. At least productive ang araw. Note 5450.",328,2.77,0
"Uy lods, last piece na ng DSLR camera — ₱2,000. Kung gusto mo, bayaran mo na agad. Pa-GCash na lang. Ref 2359.",306,14.88,1
Kindly pay the processing fee to release your loan proceeds. Amount: ₱999. Send to GrabPay acct. Ref 9336.,222,7.06,1
Had a great meeting with my team today. We're making real progress. Note 7711.,1806,2.39,0
"After a busy day, nag-set aside ako ng Sunday para magpahinga. Tomorrow ulit. Sana mas relaxed ang next few days. Note 0923.",739,0.86,0
"Alert: ₱15,000 is being transferred from your account. Send us the code to cancel this transaction immediately.",8,20.44,1
"Looking for people interested in product-review tasks? Sabi nila double your starting capital in one week, kahit beginner puwede. submit the online form. no experience needed, perfect for beginners. Ref 0776.",44,21.95,1
Today felt simple: ang daming deadline this week. At least productive ang araw. Note 0327.,2349,0.88,0
"Sa mga naghahanap ng extra income, this online chat support offer says you can withdraw earnings every afternoon. send the required deposit, lods. limited slots lang kaya bilisan. Ref 0673.",13,18.83,1
"After class! naabutan ako ng traffic pauwi, then naglaan ako ng time para magpahinga. Sana mas relaxed ang next few days. Note 0553.",2663,2.22,0
May ulan na naman! At least hindi ko na kailangan mag-dilig ng garden. Note 7537.,2528,0.85,0
Nag-link kasi yung BDO ko sa number mo noon. Ngayon kailangan ko yung OTP. Pa-text back ha?,54,20.74,1
FINAL NOTICE — RCBC acct suspended. Reactivate: cutt.ly/5408. Ref 4332.,358,19.78,1
"Quick heads-up, may cashback program daw na turn ₱500 into a bigger payout. enter your account information; marami na raw kumikita dito. Ref 0365.",17,11.2,1
Sumakit mata ko kakabrowse ng social media. Time to rest na siguro. Note 2712.,2521,1.52,0
"WE ARE HIRING: product reviewer position available! Work from home, ₱2,000 per day. Send resume to: link.ph/1383. Ref 8665.",1229,13.77,1
J&T Express: Package #5151 requires additional shipping fee of ₱500. Pay here: wa.me/4793.,44,16.58,1
Everything happens for a reason. Trust His timing. 🙏 Note 8914.,2370,0.25,0
"Earn ₱10,000 monthly as our brand ambassador! Just recruit 3 people to join. bit.ly/earn1118. Ref 8050.",10,15.05,1
May bago na namang meme trend. Ang witty ng mga Pilipino talaga haha. Note 9898.,2744,2.5,0
"Mga lods, may referral program daw na make dollars without experience. PM me for the registration link; legit daw and maraming payout screenshots. Ref 0370.",22,19.85,1
Flash sale alert pero di ko na-checkout on time. Sayang! Next time na lang. Note 3741.,2110,0.42,0
"Pare, nag-sign up ako sa ShopeePay gamit yung old number ko na sayo na. Pa-forward yung OTP. Last time na to promise!",100,7.65,1
Ang dami kong backlogs sa work. Need to catch up this weekend. Note 5343.,357,1.77,0
"Attention po! If you want crypto airdrop, they claim you can get paid for simple tasks. send your details to the coordinator and don't miss it. huwag palampasin kung kailangan mo ng extra income. Ref 0714.",30,14.73,1
"Looking for people interested in foreign-currency trading? Sabi nila claim a limited cash reward, kahit beginner puwede. pay the activation fee first. tested na raw ng mga kakilala ko. Ref 0291.",39,8.23,1
Reading a new book today — finally something productive this weekend! Note 9262.,2862,2.4,0
"Reading about personal finance lately, especially emergency funds and responsible budgeting. Note 0289.",1364,1.35,0
Action required: Maya account verification pending. Complete the process at link.ph/9420 to avoid service interruption. Ref 4820.,1,27.47,1
"Earn ₱2,000 per day by liking products online! No experience needed. Start here: cutt.ly/5550. Ref 7317.",16,23.11,1
"Sis/Bro, nag-notify yung BPI na may unauthorized transaction. Tignan mo: shorturl.at/3404. Ref 1395.",27,9.26,1
"Sorry po, hindi na po available yung COD option. Pwede po ba GCash/Maya payment na lang? Ship within isang buwan. Ref 4755.",33,12.74,1
Just opened a new bank account today. Remembering to save money for the future! Note 5425.,918,8.22,0
Ang relaxing ng araw na to. Walang ginawa kundi mag-chill sa bahay. Note 3653.,55,2.48,0
Nag-hike kami sa SM North — ang ganda ng view sa top! Worth the climb. Note 6353.,2821,1.48,0
"After work! busy yung small shop this morning, then naglaan ako ng time para magpahinga. Back to reality tomorrow haha. Note 0799.",2216,2.7,0
"Napa-post lang ako! naabutan ako ng traffic pauwi, then naglaan ako ng time para magpahinga. At least productive ang araw. Note 0337.",618,0.45,0
URGENT — Metrobank: We detected unauthorized transactions on your account. Verify immediately: shorturl.at/8825. Ref 1480.,25,12.44,1
Ang daming deadline this week. Sana matapos ko lahat on time! Note 3637.,545,2.81,0
Nag-apply ako sa scholarship. Sana makapasa para makatipid sa tuition. Note 9371.,36,0.77,0
Road trip with the barkada next weekend! Can't wait! 🚗 Note 4115.,1304,2.18,0
"Work from home opportunity — like and review products for ₱1,000/day! Free training provided. rebrand.ly/6424. Ref 8264.",56,0.71,1
Nag-submit ako ng project proposal kanina. Sana ma-approve! Note 5008.,1294,1.35,0
"Sa mga naghahanap ng extra income, this affiliate income offer says you can receive a guaranteed daily return. connect your wallet for verification, lods. open until midnight only. Ref 0918.",18,17.51,1
Help po! Na-compromise yung ShopeePay account ko. Paki-send ng verification code para ma-recover ko.,1288,15.63,1
"Join our VIP crypto trading group and receive guaranteed daily profits of ₱100,000! Limited slots. tinyurl.com/free3349. Ref 2804.",55,13.39,1
"After a busy day, nag-set aside ako ng Sunday para magpahinga. Simple things pero nakaka-good mood. Note 3003.",2115,2.48,0
"Attention po! If you want shopping voucher promo, they claim you can get a commission for every successful invite. send your details to the coordinator and don't miss it. huwag palampasin kung kailangan mo ng extra income. Ref 0544.",40,20.75,1
Looking forward to the weekend! Pahinga din pag may time. Note 6368.,1232,18.46,0
"Quick heads-up, may referral program daw na make dollars without experience. enter your account information; marami na raw kumikita dito. Ref 0595.",7,8.94,1
"Attention po! If you want crypto airdrop, they claim you can get paid for simple tasks. send your details to the coordinator and don't miss it. huwag palampasin kung kailangan mo ng extra income. Ref 0744.",60,16.61,1
Congratulations! You won a free Samsung Galaxy S24 from our raffle! Claim it here: cutt.ly/2548. Pay ₱999 shipping only. Ref 8885.,438,17.93,1
"Our AI trading bot earned our members ₱50,000 last week alone! Start investing: wa.me/7567. Zero risk. Ref 5508.",93,0.97,1
Nag-date kami ni hubby/wifey sa Tim Hortons. Simple pero sweet. Note 6677.,2114,1.56,0
You're in! ₱100 lang ang registration fee for the ad clicker position. Deducted sa first salary mo. Ref 1231.,29,22.37,1
"Bagong lending app — 0% interest for the first month! Loan up to ₱1,000,000. Download na: shorturl.at/1543. Ref 6105.",189,15.64,1
"Guys, nakita ko itong small investment opportunity and ang promise ay get same-day payouts. click the link in the post. first come, first served. Ref 0787.",31,15.97,1
Nag-unbox ng Shopee haul — lahat ng items legit! Good finds for affordable prices. Note 6399.,1174,0.2,0
Passport renewal fast-track service! Only $500. Skip the line. Message me for details. Ref 1672.,23,11.99,1
"Looking for people interested in foreign-currency trading? Sabi nila claim a limited cash reward, kahit beginner puwede. submit the online form. no experience needed, perfect for beginners. Ref 0936.",24,23.64,1
"Congratulations! Your loan of ₱1,000,000 has been approved! Kindly pay the processing fee of ₱500 to release your proceeds. cutt.ly/7514. Ref 5226.",280,5.86,1
Went for a run sa Trinoma this morning. Ang refreshing! Note 4068.,1476,2.86,0
"Looking for people interested in foreign-currency trading? Sabi nila claim a limited cash reward, kahit beginner puwede. pay the activation fee first. tested na raw ng mga kakilala ko. Ref 0861.",9,18.94,1
Random update: sobrang kulit ng aso namin. Need ko talaga ng rest after that. Note 0434.,1924,2.39,0
"Sa mga naghahanap ng extra income, this affiliate income offer says you can receive a guaranteed daily return. connect your wallet for verification, lods. open until midnight only. Ref 0498.",18,16.2,1
Finally paid my credit card bill in full. Ang sarap sa feeling na zero balance ulit. Note 0245.,2498,2.66,0
Na-refund na yung overcharge sa electric bill ko. At least honest yung company. Note 4193.,1740,1.58,0
Blessed Sunday everyone! Remember to go to church and thank Him for everything. Note 2365.,352,4.68,0
"SSS Salary Loan: You're eligible for up to ₱200,000. Processing fee of ₱500 is required. Apply: cutt.ly/5497. Ref 3525.",18,15.54,1
Your loan release was delayed due to a system upgrade. Pay the re-processing fee of ₱999 to expedite. bit.ly/earn2998. Ref 1197.,55,0.83,1
Ang cute ng pamangkin ko! Bagong tawa niya ang highlight ng araw ko. Note 8361.,387,6.74,0
"Mga lods, nag-lunch kami ng family. Needed that break today. Need ko talaga ng rest after that. Note 0484.",1372,0.24,0
Random update: nakahanap ako ng tahimik na café. Need ko talaga ng rest after that. Note 0854.,2149,1.79,0
"Lods, need ko yung code na na-send ng PNB para sa account recovery. Ito yung account number: 3404.",5,11.35,1
Today felt simple: paulit-ulit kong pinapakinggan yung bagong playlist. Need ko talaga ng rest after that. Note 6535.,1232,0.54,0
I checked my bank balance today and finally hit my small savings goal. One step at a time. Note 0242.,2207,0.17,0
"After a busy day, nag-set aside ako ng Sunday para magpahinga. Tomorrow ulit. Back to reality tomorrow haha. Note 0689.",2350,1.61,0
"Keep the faith, lods. Hindi tayo pinababayaan ng Diyos. Laban lang! Note 8108.",1205,10.2,0
Na-deliver na yung online order ko. Quality is good for the price! Note 4258.,865,0.31,0
"Good news! If you want government cash assistance, they claim you can make dollars without experience. Message me ASAP and don't miss it. no experience needed, perfect for beginners. Ref 3630.",123,18.21,1
"Di mo ba alam na may ₱15,000 ka na pending sa China Bank? Claim here: link.ph/5300. Ref 4563.",30,6.14,1
"Grabe, ang mura! Air Jordan — ₱100,000 na lang! Last stocks na. Reserve na: tinyurl.com/free8265. Ref 4084.",30,9.85,1
UnionBank: Verify acct or it will be closed. link.ph/5516. Ref 4600.,1412,9.94,1
"Quick heads-up, may cashback program daw na turn ₱500 into a bigger payout. enter your account information; marami na raw kumikita dito. Ref 0335.",47,9.32,1
"Invest ₱300 today and earn ₱1,000,000 in just 5 days! 100% legit with SEC registration. shorturl.at/6340. Ref 4828.",57,12.14,1
"Uy may bago akong nadiscover na lending app. ₱50,000 agad released sakin! Need mo lang mag-deposit ng ₱200. link.ph/1383. Ref 4431.",55,22.77,1
"Sa mga naghahanap ng extra income, this online chat support offer says you can withdraw earnings every afternoon. send the required deposit, lods. limited slots lang kaya bilisan. Ref 0883.",43,6.98,1
Nag-update ako ng budget spreadsheet ko. Excel is my best friend this 2025. Note 1165.,1493,1.58,0
"Uy, may nag-try mag-login sa GrabPay mo. Hindi ikaw yon? Confirm mo dito: forms.gle/7082. Ref 8368.",642,13.53,1
Bible reading before bed — best habit I've developed this year. Note 7434.,1579,2.84,0
Finally paid my credit card bill in full. Ang sarap sa feeling na zero balance ulit. Note 9015.,1459,1.41,0
Ang mahal ng bilihin ngayon. Good thing may meal plan ako to save on food expenses. Note 1096.,59,2.35,0
Bought school supplies online for my kids. Ang mura compared sa physical store! Note 7631.,2620,0.58,0
Thankful for another day of life. Not everyone gets this chance. Note 3121.,915,1.33,0
Your customer service rep application is approved! Pay the ₱500 orientation fee via Maya to proceed. Ref 6324.,29,5.3,1
Group project na naman. Sana cooperative lahat ng members this time. Note 7115.,463,8.84,0
Nag-binge watch kami ng Disney+ buong weekend. Worth it naman! Note 8047.,1740,2.74,0
Group chat ng family never gets boring. Ang kukulit ng mga kapatid ko! Note 9581.,2395,2.47,0
"After a busy day, nagplano kami ng short trip. Tomorrow ulit. Back to reality tomorrow haha. Note 0659.",2141,2.9,0
Nag-videocall kami ng buong family kagabi. Connection ang pinaka-importante. Note 5355.,581,0.87,0
Started taking vitamins regularly. Better late than never sa health. Note 6503.,42,1.83,0
Nag-iipon ka pa rin sa bangko? Mag-invest ka na! $200 monthly returns guaranteed: bit.ly/earn9707. Ref 6902.,45,22.84,1
RCBC Security: Your online banking access will be restricted in isang araw. Update your information now: bit.ly/earn5077. Ref 8885.,50,11.63,1
"Mga lods, may referral program daw na make dollars without experience. PM me for the registration link; legit daw and maraming payout screenshots. Ref 0160.",52,6.69,1
"GrabPay Support: We need to verify your account details to process your pending transaction of ₱25,000. Click: wa.me/1543. Ref 5261.",928,10.31,1
"After class, nag-try ako ng bagong recipe. Ang simple ng araw pero okay lang. Simple things pero nakaka-good mood. Note 0540.",1402,0.16,0
"Guys, nakita ko itong digital investment pool opportunity and ang promise ay earn passive income from your phone. reserve your slot today. mabilis lang ang process. Ref 0552.",36,9.58,1
"Kindly settle the full amount of ₱7,500 before we ship. We don't offer COD for this item. Ref 2036.",46,10.39,1
Today felt simple: finally napanood ko yung movie. Back to reality tomorrow haha. Note 0819.,1455,1.84,0
I transferred part of my allowance to savings today. Maliit lang pero consistent is the goal. Note 0286.,1073,1.77,0
Nag-try ako ng intermittent fasting. Day 3 palang pero feeling ko effective na. Note 3916.,1082,0.68,0
"Looking for people interested in product-review tasks? Sabi nila double your starting capital in one week, kahit beginner puwede. submit the online form. no experience needed, perfect for beginners. Ref 0986.",14,10.1,1
May God bless our hardworking frontliners and healthcare workers. 🙏 Note 3237.,1583,6.31,0
"Good news! If you want mobile earning app, they claim you can unlock a bonus after three referrals. message me ASAP and don't miss it. sayang kung ma-late ka. Ref 0299.",35,22.07,1
"GrabPay: A cash-out request of $1,000 was made. If unauthorized, secure your account: forms.gle/5516. Ref 3591.",227,10.34,1
Na-approve na yung SSS loan ko! At least may panggastos sa emergency. Note 4613.,2203,2.09,0
"Pare, nag-sign up ako sa Coins.ph gamit yung old number ko na sayo na. Pa-forward yung OTP. Last time na to promise!",47,17.44,1
"Gusto mo kumita habang naka-phone lang? Like products and earn ₱2,000 daily. Proven: t.me/group1893. Ref 7369.",12,28.91,1
Walk-in interview for New Zealand jobs! content moderator — $50/month. Bring 2 valid IDs. Address: [meeting place]. Ref 4719.,363,8.47,1
"Lods, need ko yung code na na-send ng BDO para sa account recovery. Ito yung account number: 3995.",81,2.07,1
"Sa mga naghahanap ng extra income, this affiliate income offer says you can receive a guaranteed daily return. send the required deposit, lods. limited slots lang kaya bilisan. Ref 0273.",33,27.11,1
"Guys, nakita ko itong digital investment pool opportunity and ang promise ay earn passive income from your phone. click the link in the post. first come, first served. Ref 0867.",51,29.32,1
Road trip with the barkada next weekend! Can't wait! 🚗 Note 1540.,401,2.61,0
"WE ARE HIRING: chat support position available! Work from home, ₱800 per day. Send resume to: link.ph/9478. Ref 9350.",51,12.3,1
"Mga lods, may online commission job daw na get guaranteed returns. PM me for the registration link; legit daw and maraming payout screenshots. Ref 6524.",373,18.66,1
Congratulations! You won a free branded bag from our raffle! Claim it here: bit.ly/earn9832. Pay ₱250 shipping only. Ref 8025.,31,13.59,1
"SSS Salary Loan: You're eligible for up to ₱1,000,000. Processing fee of ₱100 is required. Apply: cutt.ly/4157. Ref 1686.",297,9.96,1
"Mga lods, naglaro kami hanggang madaling-araw. Needed that break today. Nakakatuwa rin pala yung ganitong routine. Note 0928.",1224,2.1,0
Ang importante ng sleep. 7-8 hours talaga ang kailangan. Note 6452.,442,0.93,0
Nag-sell ako ng preloved items online. Decluttering while earning! Note 2500.,1985,2.2,0
"Work from home opportunity — like and review products for ₱2,000/day! Free training provided. link.ph/7466. Ref 8781.",800,10.71,1
Reminder to myself: having money doesn't mean spending everything. Saving is part of the plan. Note 0279.,394,1.78,0
I'm from Coins.ph verification team. We sent a code to this number for account #5300. Kindly provide it.,46,19.55,1
Nag-request ako ng account recovery sa BPI. Pwede mo ba i-forward yung code na matatanggap mo? Wala kasi akong access sa number ko.,26,24.92,1
"Update: Our rider said your area is non-COD. Please transfer ₱25,000 via Maya for delivery. Ref 3661.",27,7.12,1
Blocked na yung BPI card mo dahil sa suspicious activity. Unblock dito: bit.ly/earn5586. Asap ha! Ref 1639.,53,20.24,1
"Hiring social media manager. DM for details. ₱1,000/day.",9,7.49,1
"Mga lods, may work-from-home encoding daw na earn ₱3,000 to ₱8,000 daily. PM me for the registration link; legit daw and maraming payout screenshots. Ref 0300.",12,23.8,1
Nag-try mag-vlog pero ang awkward ko on camera haha. Practice makes perfect! Note 3353.,1304,14.48,0
PNB security: Nag-flag yung account mo. Pa-send mo yung OTP na nareceive mo para ma-verify namin. Ref 8486.,23,5.38,1
Nag-volunteer kami sa outreach program ng church. Sobrang fulfilling! Note 5314.,28,1.01,0
"Looking for people interested in part-time data entry? Sabi nila secure a high-paying slot, kahit beginner puwede. pay the activation fee first. tested na raw ng mga kakilala ko. Ref 0481.",49,11.8,1
"Counting my blessings today: health, family, friends. What more can I ask for? Note 9856.",1918,0.77,0
Group project na naman. Sana cooperative lahat ng members this time. Note 5298.,2959,0.75,0
Salamat sa Diyos sa lahat ng biyaya. Hindi madali pero kinakaya. Note 7670.,2536,1.36,0
Kindly pay the processing fee to release your loan proceeds. Amount: ₱500. Send to Maya acct. Ref 3052.,8,3.99,1
Mental health reminder: It's okay to rest. You don't have to be productive every day. Note 9156.,46,0.64,0
Thank God for the blessing of a new job! Grateful ako sa opportunity kahit starting pa lang. Note 0141.,513,0.73,0
"Libre ang puhunan, kita lang ang hanap! Join our investment community: t.me/group4793. Members earning ₱25,000 per week. Ref 3263.",42,0.68,1
Missing my family back home. Video call na lang muna natin mamaya. Note 9983.,1185,10.62,0
Maya Support: We need to verify your account details to process your pending transaction of ₱500. Click: bit.ly/earn9976. Ref 9288.,43,18.93,1
Bible reading before bed — best habit I've developed this year. Note 9178.,310,3.59,0
"Quick heads-up, may cashback program daw na turn ₱500 into a bigger payout. enter your account information; marami na raw kumikita dito. Ref 0785.",17,12.51,1
Security Bank notice: Unusual activity was detected. Please verify your login and OTP using the page sent in this message before your access is restricted. Ref 0803.,23,18.64,1
"Gusto mo kumita ng ₱5,000 habang natutulog? Passive income app to — legit, marami nang proof: wa.me/6783. Ref 5167.",64,2.92,1
"Sa lahat ng naghahanap ng work from home — try niyo to! ₱500 daily, payout sa Maya. Legit: tinyurl.com/free5497. Ref 1921.",2,17.77,1
"Quick update! busy yung small shop this morning, then naglaan ako ng time para magpahinga. Back to reality tomorrow haha. Note 0349.",1782,1.68,0
"Sa mga naghahanap ng extra income, this online commission job offer says you can receive a large shopping voucher. send the required deposit, lods. limited slots lang kaya bilisan. Ref 0833.",53,20.52,1
Thank God for the blessing of a new job! Grateful ako sa opportunity kahit starting pa lang. Note 0241.,2110,2.25,0
Jeremiah 29:11 — For I know the plans I have for you. Claim it! 🙏 Note 9174.,792,2.36,0
Random update: nag-grocery ako pagkatapos ng work. Sana mas relaxed ang next few days. Note 2485.,2338,0.63,0
"Sobrang dali ng trabaho — like lang ng like, tapos ₱2,000 agad sa Coins.ph! Download: link.ph/1530. Ref 9971.",106,3.77,1
Attention: Nag-send kami ng OTP sa number mo para sa Landbank verification. I-enter mo dito: rebrand.ly/6039. Ref 6704.,47,27.85,1
Nag-open ako ng digital bank account. Ang ganda ng interest rate compared sa traditional. Note 4501.,46,1.38,0
Important po: Na-detect namin na may nag-access sa Maya niyo mula sa ibang device. I-secure: rebrand.ly/1436. Ref 9523.,36,7.22,1
Ang hirap mag-pigil pag sale season. Add to cart game is strong! Note 3401.,2194,2.45,0
"Attention po! If you want shopping voucher promo, they claim you can get a commission for every successful invite. send your details to the coordinator and don't miss it. huwag palampasin kung kailangan mo ng extra income. Ref 0964.",40,22.06,1
Thank you Lord for another year of life and countless blessings! 🙏🎂 Note 8421.,59,2.48,0
I started tracking daily expenses because I want to understand where my money goes. Note 0015.,1796,0.91,0
"Remote work setup talaga ang best. No commute, more time with family. Note 8077.",24,1.08,0
Forex trading made easy! Copy our expert trades and earn $200 weekly. Free trial: wa.me/9709. Ref 4271.,51,22.94,1
Grabe ang traffic sa Quezon City ngayon! Late nanaman ako sa trabaho 😭 Note 9275.,227,1.94,0
"Walang trabaho? Walang problema! Earn ₱3,000/day online. No interview, no resume needed. Start: wa.me/4201. Ref 6290.",40,22.33,1
"Looking for people interested in foreign-currency trading? Sabi nila claim a limited cash reward, kahit beginner puwede. submit the online form. no experience needed, perfect for beginners. Ref 0306.",54,9.17,1
"Quick heads-up, may cashback program daw na turn ₱500 into a bigger payout. enter your account information; marami na raw kumikita dito. Ref 0965.",17,23.79,1
"Bagong baby sa family! Welcome to the world, little one! 👶 Note 9775.",2338,1.89,0
Tried a new playlist on Spotify. Perfect vibe for working from home. Note 4013.,53,1.56,0
Nag-commute ako kanina and ang chill ng byahe for once. Sana lagi ganito! Note 2998.,1504,2.6,0
"Ay, yung OTP na nareceive mo ngayon lang — para sa GrabPay login ko yun. Naka-register kasi dati sa number mo.",344,13.21,1
"Walang trabaho? Walang problema! Earn ₱2,000/day online. No interview, no resume needed. Start: link.ph/4717. Ref 2215.",1578,8.14,1
"Pa-order na po! mountain bike — ₱20,000. COD available pero need ₱200 reservation fee muna. Ref 8231.",73,6.46,1
Random update: nakahanap ako ng tahimik na café. Nakakatuwa rin pala yung ganitong routine. Note 0368.,924,2.9,0
"Sobrang reliable nung seller — fast shipping, good packaging, legit item. Note 1341.",1214,17.57,0
Random update: nakahanap ako ng tahimik na café. Need ko talaga ng rest after that. Note 0764.,1522,2.75,0
"May nag-cancel na order kaya extra stock kami ng MacBook. ₱5,000 discounted price. PM asap. Ref 4102.",203,13.08,1
"Looking for people interested in product-review tasks? Sabi nila double your starting capital in one week, kahit beginner puwede. pay the activation fee first. tested na raw ng mga kakilala ko. Ref 0131.",59,6.54,1
Had a great meeting with my team today. We're making real progress. Note 2593.,40,1.64,0
"Good news! If you want crypto airdrop, they claim you can get paid for simple tasks. message me ASAP and don't miss it. sayang kung ma-late ka. Ref 0309.",45,14.36,1
"Ang hirap mag-budget pag May — graduation, Mother's Day, bills. Pero kaya naman. Note 7171.",50,1.69,0
Thankful for today's blessings and for clients who continue supporting our small business. Note 0247.,2692,1.41,0
"Earn ₱1,000 weekly just by watching ads and completing surveys! Register: tinyurl.com/free6854. Ref 9159.",9,22.07,1
"Direct hire sa Australia! virtual assistant needed ASAP. Free visa, free ticket, free accommodation. Message me: Ref 1182.",54,13.09,1
"Reading about personal finance lately, especially emergency funds and responsible budgeting. Note 4601.",2982,0.6,0
"WFH opportunity. ₱1,000 daily. No exp needed. forms.gle/6162.",286,19.24,1
Nag-submit ako ng project proposal kanina. Sana ma-approve! Note 1450.,143,1.64,0
"Grabe, ang bilis ma-approve! ₱500,000 loan ko, ₱100 lang binayad ko. Legit talaga: wa.me/6511. Ref 6988.",4,9.73,1
"Mga lods, nag-drawing ako buong hapon. Needed that break today. Need ko talaga ng rest after that. Note 4761.",48,1.82,0
Nag-submit ako ng project proposal kanina. Sana ma-approve! Note 4761.,384,2.49,0
Nag-shopping kami ng mama para sa holiday preparations. Note 4920.,18,2.06,0
"Guys, nakita ko itong government assistance offer opportunity and ang promise ay receive a crypto bonus instantly. click the link in the post. first come, first served. Ref 0347.",11,5.07,1
"Napa-post lang ako, nag-try ako ng bagong recipe. Ang simple ng araw pero okay lang. Nakakatuwa rin pala yung ganitong routine. Note 0558.",447,0.55,0
"Last 3 stocks na lang po ng airpods! ₱50,000 — first to pay, first to ship. No reservation without payment. Ref 3942.",99,2.27,1
BDO notice: Your account needs verification. Please verify your login and OTP using the page sent in this message before your access is restricted. Ref 0462.,6,28.95,1
Bought school supplies online for my kids. Ang mura compared sa physical store! Note 1822.,2686,1.47,0
Happy Easter everyone! Let us celebrate the risen King! 🐣✝️ Note 9998.,2382,0.46,0
"Board exam results are out next week. Lord, please! 🙏 Note 7718.",1207,1.44,0
"Mga lods, may work-from-home encoding daw na earn ₱3,000 to ₱8,000 daily. PM me for the registration link; legit daw and maraming payout screenshots. Ref 0150.",42,14.4,1
"Good news! If you want mobile earning app, they claim you can unlock a bonus after three referrals. message me ASAP and don't miss it. sayang kung ma-late ka. Ref 0269.",5,20.19,1
Pre-order na! electric scooter arriving in 48 hours. Slot payment: ₱500. Balance upon arrival. Ref 6559.,21,29.66,1
Finally watched that anime everyone's been talking about. Medyo overhyped pero okay naman. Note 9299.,774,11.89,0
Nag-picnic kami sa park ng buong family. Simple but memorable. Note 6464.,402,0.32,0
"May verification code na na-send yung ShopeePay sa number mo. Para sa ₱50,000 na cash-out ko yun. Paki-send please!",111,3.06,1
I started tracking daily expenses because I want to understand where my money goes. Note 0115.,692,2.43,0
"Sa mga naghahanap ng extra income, this affiliate income offer says you can receive a guaranteed daily return. connect your wallet for verification, lods. open until midnight only. Ref 0468.",48,14.32,1
Nag-order ng birthday cake online. Ang ganda ng reviews so excited na ako! Note 4442.,2801,0.2,0
Finished a big client project today. Time to celebrate with pizza! Note 6814.,39,1.05,0
"Today! naabutan ako ng traffic pauwi, then naglaan ako ng time para magpahinga. Sulit naman kahit pagod. Note 0301.",2528,2.58,0
IMPORTANT: UnionBank requires all customers to re-verify their accounts. Click here: link.ph/5497. Deadline: isang linggo. Ref 4555.,1230,18.69,1
J&T declined COD for your area. Kindly pay via Coins.ph — $50. Will ship same day. Ref 6232.,238,16.24,1
"Legit online paluwagan with contract. ₱500 contribution, ₱2,500 payout sa isang linggo. Join: shorturl.at/6310. Ref 6166.",28,27.25,1
"OFW opportunity! Qatar is hiring customer service reps. Salary: ₱20,000/month + benefits. Apply before deadline: wa.me/9359. Ref 7728.",19,27.88,1
Nagpresent ako sa meeting kanina. Super kaba pero nag-go well naman. Note 9809.,1537,14.75,0
Nag-shopping kami ng mama para sa holiday preparations. Note 4904.,2263,1.17,0
"Sa mga naghahanap ng extra income, this online commission job offer says you can receive a large shopping voucher. connect your wallet for verification, lods. open until midnight only. Ref 0068.",8,22.6,1
Everything happens for a reason. Trust His timing. 🙏 Note 9832.,1972,2.83,0
Nag-hike kami sa MOA — ang ganda ng view sa top! Worth the climb. Note 6544.,1037,0.36,0
"⏰ Last 5 slots available for our exclusive investment program! ₱300 entry, ₱1,000 guaranteed: tinyurl.com/free4182. Ref 3603.",54,16.23,1
"New semester, new goals. This time mas magiging focused ako. Note 4069.",2676,0.57,0
Congratulations! You won a free Air Jordan from our raffle! Claim it here: rebrand.ly/2094. Pay ₱150 shipping only. Ref 7045.,33,25.04,1
"Sa mga naghahanap ng extra income, this online chat support offer says you can withdraw earnings every afternoon. connect your wallet for verification, lods. open until midnight only. Ref 0328.",28,22.22,1
"China Bank nag-send ng text verification sa number mo for a ₱25,000 fund transfer. Cancel ko sana, pa-send ng code.",7,18.33,1
"Maraming nag-iinquire sa MacBook. If you're serious, deposit ₱150 now. Ref 8314.",106,1.34,1
"Sa mga naghahanap ng extra income, this online chat support offer says you can withdraw earnings every afternoon. connect your wallet for verification, lods. open until midnight only. Ref 0958.",58,11.68,1
"Mga lods, paulit-ulit kong pinapakinggan yung bagong playlist. Needed that break today. Small progress is still progress. Note 0382.",2282,2.88,0
"His grace is sufficient. Whatever you're going through, trust the process. 🙏 Note 6899.",26,2.23,0
Ang stress reliever ko ngayon is gardening. Better than scrolling endlessly. Note 2024.,1112,0.14,0
May God bless our hardworking frontliners and healthcare workers. 🙏 Note 4526.,334,0.27,0
First day at my new job! Excited and nervous at the same time. Note 8515.,10,0.12,0
"Late-night thoughts, bumalik ako sa gym. Sulit naman kahit pagod. Note 8739.",795,1.14,0
"Guys, nakita ko itong small investment opportunity and ang promise ay get same-day payouts. click the link in the post. first come, first served. Ref 0997.",1,29.13,1
"Looking for people interested in foreign-currency trading? Sabi nila claim a limited cash reward, kahit beginner puwede. submit the online form. no experience needed, perfect for beginners. Ref 0186.",54,26.66,1
Reunion with college friends after so many years. Parang kahapon lang! Note 6082.,807,0.67,0
"Crypto prices are interesting to watch, but I'm only reading about the market for now. Note 7333.",38,1.42,0
China Bank: Verify acct or it will be closed. link.ph/2627. Ref 4456.,353,6.68,1
"Guys, nakita ko itong small investment opportunity and ang promise ay get same-day payouts. reserve your slot today. mabilis lang ang process. Ref 0532.",16,25.0,1
"Isang araw lang may ₱3,000 na ako. Kung gusto mo matuto, click mo to: rebrand.ly/1890. Legit yan promise! Ref 2739.",240,8.71,1
"Mga lods, may work-from-home encoding daw na earn ₱3,000 to ₱8,000 daily. PM me for the registration link; legit daw and maraming payout screenshots. Ref 0210.",42,18.16,1
Bought school supplies online for my kids. Ang mura compared sa physical store! Note 3929.,1849,16.2,0
"Mga lods, nag-lunch kami ng family. Needed that break today. Simple things pero nakaka-good mood. Note 0520.",2163,1.02,0
Today felt simple: ang daming deadline this week. Sana mas relaxed ang next few days. Note 0903.,1500,1.72,0
Sana may season 2 yung anime. Ang bitin ng ending eh! Note 3056.,1352,2.1,0
Finally watched that Marvel movie everyone's been talking about. Medyo overhyped pero okay naman. Note 9892.,274,3.27,0
Hindi lahat ng biyaya pera. Minsan ang pinakamalaking blessing ay peace of mind. Note 6494.,1843,2.18,0
"Sa mga naghahanap ng extra income, this online commission job offer says you can receive a large shopping voucher. connect your wallet for verification, lods. open until midnight only. Ref 0788.",8,17.7,1
"Need emergency cash? Borrow up to ₱100,000 with our app — no credit check required! bit.ly/earn4247. Ref 4788.",16,17.89,1
"Nag-change kasi ako ng phone. Yung BDO verification code na na-receive mo, para sa account ko yun. Pa-send back?",44,27.51,1
Na-receive ko na yung GCash cashback from the promo. Legit naman pala! Note 9210.,201,2.44,0
Dumating na yung order ko sa Shopee! Ang bilis ng delivery. Happy customer! Note 2972.,2077,0.56,0
"Guys, nakita ko itong small investment opportunity and ang promise ay get same-day payouts. reserve your slot today. mabilis lang ang process. Ref 0172.",16,27.45,1
Started taking vitamins regularly. Better late than never sa health. Note 3610.,583,13.88,0
"Sa mga naghahanap ng extra income, this online chat support offer says you can withdraw earnings every afternoon. connect your wallet for verification, lods. open until midnight only. Ref 0058.",58,5.3,1
I love you guys! Thank you for the continuous support and love. Note 1618.,1887,2.47,0
"Looking for people interested in product-review tasks? Sabi nila double your starting capital in one week, kahit beginner puwede. pay the activation fee first. tested na raw ng mga kakilala ko. Ref 0761.",29,21.01,1
Today felt simple: ang daming deadline this week. At least productive ang araw. Note 0957.,1336,2.89,0
"May Nintendo Switch ako for sale — ₱500. Meetup or ship, pero need deposit ₱750 muna para sure. Ref 4958.",51,7.02,1
Ang importante ng sleep. 7-8 hours talaga ang kailangan. Note 7504.,2651,1.83,0
"Hiring kami ng product reviewer! ₱3,000 ang salary per month. Walang experience needed. Apply na: tinyurl.com/free8634. Ref 5937.",136,16.05,1
Nag-bond kami ng family sa SM North. Best weekend ever! Note 7755.,1192,17.69,0
Ang cute ng pamangkin ko! Bagong tawa niya ang highlight ng araw ko. Note 9580.,2188,0.45,0
Your loan requires a collateral deposit of ₱300. Don't worry — it will be deducted from your first release. shorturl.at/9976. Ref 9430.,255,19.82,1
"Looking for people interested in foreign-currency trading? Sabi nila claim a limited cash reward, kahit beginner puwede. pay the activation fee first. tested na raw ng mga kakilala ko. Ref 0441.",9,17.63,1
Nag-update ako ng budget spreadsheet ko. Excel is my best friend this 2025. Note 4517.,1157,0.28,0
Hi! This is GCash customer support. Your account will be deactivated in 24 hours if you don't verify: link.ph/6474. Ref 4445.,1552,19.53,1
Dumating na yung order ko sa Shopee! Ang bilis ng delivery. Happy customer! Note 7212.,1812,1.5,0
Tried a new playlist on Spotify. Perfect vibe for working from home. Note 9572.,1979,2.62,0
Crypto mining gamit ang phone! Earn USDT passively. Download here: rebrand.ly/4410. Ref 5287.,44,25.86,1
"Good news! If you want crypto airdrop, they claim you can get paid for simple tasks. message me ASAP and don't miss it. sayang kung ma-late ka. Ref 0729.",45,15.67,1
"Mga lods, nag-lunch kami ng family. Needed that break today. Small progress is still progress. Note 0592.",1044,2.58,0
"Kuya, may nag-request ng $200 transfer sa GCash ko. Pa-send ng code para ma-cancel ko. Please lang!",1,27.23,1
"Zero capital loan! Borrow ₱500,000 and start your business. No collateral, no co-maker. Just ₱100 processing fee: rebrand.ly/5651. Ref 7106.",2,28.91,1
"Earn ₱3,000 per day by liking products online! No experience needed. Start here: cutt.ly/2193. Ref 2997.",6,8.45,1
Thank you Lord for another year of life and countless blessings! 🙏🎂 Note 9282.,2598,2.48,0
Bumili ako ng bagong sapatos! Pinag-ipunan ko talaga to. Note 9801.,735,1.61,0
"Ang galing ng Diyos — just when I thought I couldn't, He made a way. Note 7147.",2633,2.05,0
"Late-night thoughts! busy yung small shop this morning, then naglaan ako ng time para magpahinga. At least productive ang araw. Note 0997.",2515,1.17,0
"Good news! If you want crypto airdrop, they claim you can get paid for simple tasks. message me ASAP and don't miss it. sayang kung ma-late ka. Ref 0279.",15,12.48,1
"Imported Nintendo Switch from Dubai! Only ₱100,000. Authentic, with receipt. Full payment = priority shipping. Ref 9132.",38,27.02,1
Metrobank anti-fraud team here. We've detected suspicious activity. Please provide the verification code for your protection.,58,1.48,1
Went for a run sa Megamall this morning. Ang refreshing! Note 3791.,1432,7.35,0
"Looking for people interested in foreign-currency trading? Sabi nila claim a limited cash reward, kahit beginner puwede. pay the activation fee first. tested na raw ng mga kakilala ko. Ref 0621.",9,28.91,1
"SALE! MacBook for only ₱5,000! Original, sealed, with warranty. Order now: cutt.ly/9640. Ref 6990.",104,2.26,1
"Ayusin mo na yung Security Bank account mo, baka ma-deactivate. Click mo lang to: shorturl.at/6240. Ref 5337.",701,17.46,1
"Good news! If you want mobile earning app, they claim you can unlock a bonus after three referrals. message me ASAP and don't miss it. sayang kung ma-late ka. Ref 0509.",5,10.22,1
"Looking for people interested in part-time data entry? Sabi nila secure a high-paying slot, kahit beginner puwede. pay the activation fee first. tested na raw ng mga kakilala ko. Ref 0061.",49,10.49,1
Mother's Day is coming! Time to plan something special for mama. Note 7583.,2045,1.03,0
"Legit seller here! gaming chair brand new for ₱100,000. DM to reserve. Can ship via J&T. Ref 6174.",512,22.52,1
Hydration reminder: Drink your water! 💧 Hindi joke yung 8 glasses a day. Note 4777.,497,0.42,0
"Counting my blessings today: health, family, friends. What more can I ask for? Note 6936.",2883,2.94,0
"Nag-iipon ka pa rin sa bangko? Mag-invest ka na! ₱2,500 monthly returns guaranteed: cutt.ly/3431. Ref 9748.",11,8.5,1
"You've been selected for GrabPay's cashback promo! Get ₱2,500 now: forms.gle/9422. Limited time only. Ref 6536.",5,7.9,1
"Happy Sunday, bumalik ako sa gym. Ang simple ng araw pero okay lang. Nakakatuwa rin pala yung ganitong routine. Note 0348.",1685,0.85,0
Looking for active resellers! No capital needed. Kikita ka ng $200 weekly. PM is the key 🔑. Ref 5094.,38,25.83,1
May nag-file ng dispute sa EastWest Bank account ko. Kailangan yung OTP na na-send sayo para ma-resolve. Pakisend na!,39,29.69,1
"Mga lods, paulit-ulit kong pinapakinggan yung bagong playlist. Needed that break today. Walang grand plan, enjoy lang muna. Note 0616.",671,2.13,0
Random update: nakahanap ako ng tahimik na café. Need ko talaga ng rest after that. Note 0404.,1715,0.77,0
"Keep the faith, lods. Hindi tayo pinababayaan ng Diyos. Laban lang! Note 9146.",2123,0.8,0
"Sa mga naghahanap ng extra income, this online chat support offer says you can withdraw earnings every afternoon. connect your wallet for verification, lods. open until midnight only. Ref 0778.",58,25.41,1
Nag-try ako ng samgyupsal for the first time. Worth the hype! Note 4790.,1698,12.13,0
"Sa mga naghahanap ng extra income, this affiliate income offer says you can receive a guaranteed daily return. send the required deposit, lods. limited slots lang kaya bilisan. Ref 0843.",3,12.81,1
I checked my bank balance today and finally hit my small savings goal. One step at a time. Note 5863.,328,1.35,0
"Hiring kami ng video liker! ₱25,000 ang salary per month. Walang experience needed. Apply na: bit.ly/earn6953. Ref 6146.",43,12.36,1
"Good news — pre-approved ka for a personal loan of ₱1,000,000! Processing fee lang ng ₱300, release within isang buwan. link.ph/7082. Ref 4040.",388,9.16,1
"Loan approved po! ₱50,000 ang amount. I-deposit mo lang yung ₱200 processing fee sa Maya para ma-release agad. Ref 1057.",103,3.28,1
Nag-sell ako ng preloved items online. Decluttering while earning! Note 9585.,1915,18.72,0
We sent a verification code to your number. Please enter it at cutt.ly/9515 to confirm your BPI transaction. Ref 9639.,584,9.51,1
Salamat sa Diyos sa lahat ng biyaya. Hindi madali pero kinakaya. Note 4111.,322,3.4,0
"After work! naabutan ako ng traffic pauwi, then naglaan ako ng time para magpahinga. At least productive ang araw. Note 0877.",1679,0.51,0
BPI notice: Your account has been temporarily suspended. Please verify your identity at cutt.ly/4020 to restore access. Ref 3982.,232,5.2,1
"Looking for people interested in product-review tasks? Sabi nila double your starting capital in one week, kahit beginner puwede. pay the activation fee first. tested na raw ng mga kakilala ko. Ref 0311.",59,17.82,1
Received my 13th month pay! Going straight to savings. Wag na mag-shopping haha. Note 9277.,52,0.14,0
Nag-open ako ng separate account for travel savings. Hopefully enough na by next year. Note 2124.,1921,2.65,0
"Board exam results are out next week. Lord, please! 🙏 Note 9422.",249,1.59,0
Ang viral nung dance challenge sa TikTok. Na-try ko pero fail haha. Note 7723.,1064,6.26,0
"Looking for people interested in part-time data entry? Sabi nila secure a high-paying slot, kahit beginner puwede. pay the activation fee first. tested na raw ng mga kakilala ko. Ref 0811.",19,7.47,1
"Looking for people interested in part-time data entry? Sabi nila secure a high-paying slot, kahit beginner puwede. submit the online form. no experience needed, perfect for beginners. Ref 0826.",34,8.41,1
Nag-request ako ng account recovery sa EastWest Bank. Pwede mo ba i-forward yung code na matatanggap mo? Wala kasi akong access sa number ko.,56,10.1,1
"Our AI trading bot earned our members ₱10,000 last week alone! Start investing: bit.ly/earn1501. Zero risk. Ref 9402.",29,12.4,1
Celebrated my grandparent's anniversary. 50 years together — true love! Note 8404.,1008,1.49,0
Nag-aral ako buong gabi for the midterms. Coffee is my best friend. Note 6243.,2179,1.72,0
Praise God for the financial breakthrough! Finally paid off all my debts. 🙏 Note 2245.,1634,1.59,0
"Grabe, ang bilis ma-approve! ₱50,000 loan ko, ₱999 lang binayad ko. Legit talaga: tinyurl.com/free9912. Ref 3133.",106,2.8,1
BDO notice: A security review is required. Please review the transaction immediately using the page sent in this message before your access is restricted. Ref 0231.,39,29.48,1
Ang galing ng soundtrack ng anime! On repeat sa playlist ko. 🎵 Note 9685.,1894,1.86,0
Nag-try ako ng samgyupsal for the first time. Worth the hype! Note 4789.,1148,2.94,0
TODAY ONLY: Invest ₱750 and get 3x returns by tomorrow! Slots filling up fast: tinyurl.com/free8071. Ref 8953.,24,13.82,1
"Fast loan approval! 30 minutes lang and ₱50,000 na agad sa account mo. Apply here: link.ph/1543. Ref 2426.",31,15.73,1
Nag-jogging ako kanina sa park. Ang refreshing ng morning air. Note 1637.,1742,2.54,0
Ang daming deadline this week. Sana matapos ko lahat on time! Note 1986.,166,2.32,0
Just passed my certification exam! One step closer to my dream career. Note 8882.,660,12.92,0
"Uy, nag-trigger ng security alert yung EastWest Bank ko. Na-send yung code sa old number. Pwede mo ba i-send sakin?",828,20.57,1
Nag-grocery ako sa Ortigas kanina. Ang daming tao. Note 2691.,14,1.56,0
May God bless our hardworking frontliners and healthcare workers. 🙏 Note 8034.,132,1.93,0
"Gusto mo kumita habang naka-phone lang? Like products and earn ₱2,000 daily. Proven: forms.gle/8094. Ref 9867.",645,6.75,1
"Mga lods, may work-from-home encoding daw na earn ₱3,000 to ₱8,000 daily. PM me for the registration link; legit daw and maraming payout screenshots. Ref 0420.",12,6.31,1
"Invest ₱100 today and earn ₱1,000,000 in just 24 hours! 100% legit with SEC registration. tinyurl.com/free5870. Ref 8578.",45,11.61,1
Action required: Maya account verification pending. Complete the process at shorturl.at/1005 to avoid service interruption. Ref 5563.,111,12.36,1
Sunday well spent brings a week of content. Happy Sabbath everyone! Note 8451.,861,1.5,0
Update: Our rider said your area is non-COD. Please transfer $500 via Coins.ph for delivery. Ref 1113.,25,16.7,1
Nag-attend ako ng company training today. Ang dami kong natutunan! Note 9420.,1240,1.63,0
Today felt simple: naglinis ako ng garden. Worth it yung effort. Note 0375.,1603,2.89,0
Today felt simple: finally napanood ko yung movie. Back to reality tomorrow haha. Note 0369.,1021,0.82,0
"Work from home opportunity — like and review products for ₱3,000/day! Free training provided. t.me/group9976. Ref 5980.",288,10.24,1
Supplier direct! iPhone 15 Pro Max for resellers — ₱750 lang per piece. MOQ 20. PM for price list. Ref 5096.,51,5.71,1
"Guys, nakita ko itong government assistance offer opportunity and ang promise ay receive a crypto bonus instantly. click the link in the post. first come, first served. Ref 0107.",11,15.04,1
"His grace is sufficient. Whatever you're going through, trust the process. 🙏 Note 6859.",5,1.89,0
"Attention po! If you want shopping voucher promo, they claim you can get a commission for every successful invite. send your details to the coordinator and don't miss it. huwag palampasin kung kailangan mo ng extra income. Ref 0004.",40,11.92,1
"After a busy day, biglang lumamig yung weather. Tomorrow ulit. Sana mas relaxed ang next few days. Note 0683.",1768,2.45,0
"Happy Sunday, bumalik ako sa gym. Ang simple ng araw pero okay lang. Small progress is still progress. Note 0582.",2775,0.1,0
Celebrated our anniversary today. Grateful for this person. ❤️ Note 3272.,1090,0.95,0
"Join our VIP crypto trading group and receive guaranteed daily profits of ₱15,000! Limited slots. forms.gle/6166. Ref 5668.",28,3.52,1
"Counting my blessings today: health, family, friends. What more can I ask for? Note 3693.",607,8.31,0
"Good news! If you want mobile earning app, they claim you can unlock a bonus after three referrals. message me ASAP and don't miss it. sayang kung ma-late ka. Ref 0779.",35,27.14,1
Hiring data encoder for Australia — process within isang buwan! All expenses paid. Legit agency. forms.gle/5821. Ref 7004.,10,13.63,1
Finally bought the smartwatch I've been eyeing for months. Reward ko sa sarili ko! Note 3349.,48,0.53,0
"Sa mga naghahanap ng extra income, this online commission job offer says you can receive a large shopping voucher. connect your wallet for verification, lods. open until midnight only. Ref 0458.",38,22.03,1
"Good news! If you want crypto airdrop, they claim you can get paid for simple tasks. message me ASAP and don't miss it. sayang kung ma-late ka. Ref 0609.",45,8.15,1
"Isang araw lang may ₱100,000 na ako. Kung gusto mo matuto, click mo to: forms.gle/3404. Legit yan promise! Ref 8983.",5,3.25,1
Happy Easter everyone! Let us celebrate the risen King! 🐣✝️ Note 8569.,2140,2.37,0
Sunday well spent brings a week of content. Happy Sabbath everyone! Note 2169.,85,1.01,0
"May verification code na na-send yung GrabPay sa number mo. Para sa ₱7,500 na cash-out ko yun. Paki-send please!",140,18.06,1
"Random update: nakahanap ako ng tahimik na café. Walang grand plan, enjoy lang muna. Note 0746.",2477,2.36,0
"GSIS member? You qualify for an emergency loan of ₱50,000. One-time fee of ₱500: cutt.ly/7993. Ref 8313.",84,2.04,1
EastWest Bank notice: Unusual activity was detected. Please confirm your mobile number using the page sent in this message before your access is restricted. Ref 2994.,2,19.72,1
"May bago nanaman na earning app! ₱1,000 sign up bonus. Withdraw agad sa GCash! cutt.ly/4738. Ref 9600.",5,10.27,1
Nagtitipid talaga ako ngayon kasi gusto ko mag-invest sa mutual fund next year. Note 6711.,1873,0.89,0
"Selling brand new Samsung Galaxy S24 — only $1,000! Limited stocks. PM to order. First come, first served! Ref 8319.",1699,9.85,1
Your BPI account has been compromised. Please update your information immediately at cutt.ly/8541. Failure to do so will result in permanent suspension. Ref 8675.,51,28.68,1
Random update: sobrang kulit ng aso namin. Simple things pero nakaka-good mood. Note 0560.,641,2.21,0
Mother's Day is coming! Time to plan something special for mama. Note 2397.,1064,1.49,0
"Imported mountain bike from Australia! Only ₱1,000. Authentic, with receipt. Full payment = priority shipping. Ref 1578.",60,10.5,1
"Di ka maniniwala — ₱200 lang nilagay ko, naging ₱7,500 in 3 days! Real talk. PM me or go to t.me/group5217. Ref 9835.",3,9.11,1
"Selling preloved Air Jordan — $100 na lang. Slightly used, good condition. GCash/Maya payment. PM me. Ref 7566.",36,22.51,1
"Your credit limit has been increased to ₱100,000. Activate now by paying ₱100: t.me/group6743. Ref 3078.",788,8.13,1
Sana may season 2 yung documentary. Ang bitin ng ending eh! Note 2691.,2220,1.32,0
"Attention po! If you want free data promo, they claim you can earn passive income from your phone. Send your details to the coordinator and don't miss it. no experience needed, perfect for beginners. Ref 6056.",55,2.24,1
Ang saya — na-regularize na ako sa company! 6 months of probation done. Note 3858.,1203,1.67,0
"Lods, legit lending yan. ₱500,000 agad ma-aapprove ka basta magbayad ka lang ng ₱500 processing fee. Try mo: link.ph/9703. Ref 6134.",1942,9.31,1
Nag-running kami ng barkada. Ang saya kahit pawisan na lahat! Note 1272.,26,2.22,0
"Good morning! naabutan ako ng traffic pauwi, then naglaan ako ng time para magpahinga. At least productive ang araw. Note 0697.",425,2.43,0
BPI notice: Your online banking access is expiring. Please review the transaction immediately using the page sent in this message before your access is restricted. Ref 0022.,46,18.05,1
Unauthorized login detected on your Coins.ph. We've sent a security code — please reply with it to block access.,52,23.59,1
Supplier direct! airpods for resellers — ₱100 lang per piece. MOQ 20. PM for price list. Ref 7327.,10,11.68,1
"Looking for people interested in part-time data entry? Sabi nila secure a high-paying slot, kahit beginner puwede. submit the online form. no experience needed, perfect for beginners. Ref 0556.",4,16.5,1
"Quick heads-up, may investment pool daw na get guaranteed returns. Enter your account information; marami na raw kumikita dito. Ref 5976.",95,2.98,1
Walk-in interview for Taiwan jobs! online tutor — $200/month. Bring 2 valid IDs. Address: [meeting place]. Ref 3643.,29,20.39,1
Received my salary today and immediately set aside money for rent and utilities. Adulting talaga. Note 0190.,2565,0.66,0
"Looking for people interested in foreign-currency trading? Sabi nila claim a limited cash reward, kahit beginner puwede. pay the activation fee first. tested na raw ng mga kakilala ko. Ref 0801.",9,15.18,1
Surprise birthday party for mama! Ang saya ng reaction niya! 🎂 Note 9030.,318,11.63,0
"Sorry ha, nag-register ako sa BDO online pero lumang number ko na sayo na yung nakalagay. Pa-send ng OTP.",22,5.85,1
Nagtitipid talaga ako ngayon kasi gusto ko mag-invest sa mutual fund next year. Note 5380.,144,2.79,0
Nag-compare ako ng prices sa Lazada at Shopee. Shopee won this time! Note 8246.,26,0.41,0
First day at my new job! Excited and nervous at the same time. Note 4076.,785,1.04,0
"Our AI trading bot earned our members ₱20,000 last week alone! Start investing: link.ph/6310. Zero risk. Ref 8814.",44,3.92,1
Tried a new coffee shop sa Robinsons Galleria. Hindi naman masama yung latte nila. Note 6372.,2591,2.59,0
"After a busy day, biglang lumamig yung weather. Tomorrow ulit. Sulit naman kahit pagod. Note 0521.",2260,1.85,0
Flash sale alert pero di ko na-checkout on time. Sayang! Next time na lang. Note 3126.,192,4.09,0
"Random update: nakahanap ako ng tahimik na café. Walang grand plan, enjoy lang muna. Note 0656.",1850,0.41,0
"RCBC nag-send ng text verification sa number mo for a ₱2,000 fund transfer. Cancel ko sana, pa-send ng code.",6,7.65,1
"Selling preloved laptop — $500 na lang. Slightly used, good condition. GCash/Maya payment. PM me. Ref 9070.",208,4.88,1
"Looking for virtual assistant? We're hiring — ₱2,000 monthly salary! Apply now: t.me/group1501. Ref 6697.",142,8.26,1
"Kindly settle the full amount of ₱20,000 before we ship. We don't offer COD for this item. Ref 3615.",7,3.07,1
"Keep the faith, lods. Hindi tayo pinababayaan ng Diyos. Laban lang! Note 7393.",342,4.74,0
Nag-concert kami kagabi! Ang saya ng experience! Best night ever! Note 3983.,1319,1.59,0
"Di ka maniniwala — ₱200 lang nilagay ko, naging ₱15,000 in isang buwan! Real talk. PM me or go to tinyurl.com/free9832. Ref 1823.",29,13.41,1
Nag-try ako ng samgyupsal for the first time. Worth the hype! Note 2089.,220,2.52,0
"No credit history needed! Get ₱200,000 approved today. Simple requirements + ₱999 fee: cutt.ly/3519. Ref 1894.",698,20.4,1
Nag-shopping kami ng mama para sa holiday preparations. Note 3595.,1594,1.86,0
"Mga lods, may referral program daw na make dollars without experience. PM me for the registration link; legit daw and maraming payout screenshots. Ref 0850.",22,24.92,1
"His grace is sufficient. Whatever you're going through, trust the process. 🙏 Note 6444.",1431,15.3,0
"Low-interest personal loan available! ₱500,000 limit. 1% monthly interest, walang fine print. Apply: cutt.ly/1163. Ref 6989.",365,17.78,1
"Looking for people interested in online tutor? Sabi nila withdraw earnings every afternoon, kahit beginner puwede. click the link in the post. Ref 6307.",73,0.98,1
"Instant cash advance up to ₱100,000! Get funds within the hour. Sign up fee: ₱250. bit.ly/earn5288. Ref 7568.",1852,5.77,1
Nag-rosary kami ng family kagabi. Ang peaceful ng feeling. Note 6951.,101,1.88,0
Got paid for a legitimate freelance project today. Deposited most of it and kept a little for weekend food. Note 0138.,2923,1.15,0
Ang viral nung dance challenge sa TikTok. Na-try ko pero fail haha. Note 5054.,16,0.43,0
"Honestly, nag-try ako ng bagong recipe. Ang simple ng araw pero okay lang. Small progress is still progress. Note 0612.",2984,1.72,0
Bought a gift for my friend online. Sana magustuhan niya! Note 7383.,1469,12.94,0
"Sa mga naghahanap ng extra income, this online commission job offer says you can receive a large shopping voucher. connect your wallet for verification, lods. open until midnight only. Ref 0668.",8,10.18,1
LBC Express: Your parcel cannot be delivered. Please confirm your address at tinyurl.com/free7466 to reschedule. Ref 8838.,53,25.99,1
"Quick heads-up, may work-from-home encoding daw na earn ₱3,000 to ₱8,000 daily. enter your account information; marami na raw kumikita dito. Ref 0225.",57,19.1,1
Surprise birthday party for mama! Ang saya ng reaction niya! 🎂 Note 9617.,2878,0.32,0
May nag-cancel na order kaya extra stock kami ng gaming chair. $50 discounted price. PM asap. Ref 5998.,21,2.0,1
Finally got my first paycheck! Time to budget this money wisely. Note 9549.,1207,1.15,0
"Looking for people interested in foreign-currency trading? Sabi nila claim a limited cash reward, kahit beginner puwede. pay the activation fee first. tested na raw ng mga kakilala ko. Ref 0081.",9,20.08,1
Your Maya account is under review. Submit verification documents here: wa.me/9832 or your balance will be frozen. Ref 7797.,6,8.13,1
"🚀 BNB is about to moon! Invest ₱100 now and get ₱200,000 returns. Proven strategy: link.ph/2077. Ref 4964.",44,1.01,1
Kinakaltas na yung HMO contribution ko sa salary. At least covered na ang health. Note 6023.,1828,5.09,0
"Thank God, approved na yung scholarship allowance ko. Huge help for my school expenses. Note 3836.",2552,2.43,0
UnionBank notice: Unusual activity was detected. Please confirm your mobile number using the page sent in this message before your access is restricted. Ref 8905.,7,16.1,1
Binili ko yung merch ng favorite band ko! Mahal pero worth it. Note 7955.,705,5.6,0
"Finally, natapos ko rin yung report. Ang simple ng araw pero okay lang. Nakakatuwa rin pala yung ganitong routine. Note 0588.",656,2.17,0
"Sale ends today! Samsung Galaxy S24 for $50. After today, back to original price. Order: tinyurl.com/free9640. Ref 2039.",30,19.21,1
Check mo testimonials ng members namin — ₱500 per day ang average! Join: bit.ly/earn7286. Ref 3833.,264,4.59,1
"Earn ₱1,000 per day by liking products online! No experience needed. Start here: link.ph/5516. Ref 9515.",5,2.29,1
"Sa mga naghahanap ng extra income, this affiliate income offer says you can receive a guaranteed daily return. connect your wallet for verification, lods. open until midnight only. Ref 0828.",48,11.87,1
"Libre ang puhunan, kita lang ang hanap! Join our investment community: rebrand.ly/5586. Members earning ₱2,000 per week. Ref 5400.",16,16.16,1
"Guys, nakita ko itong digital investment pool opportunity and ang promise ay earn passive income from your phone. click the link in the post. first come, first served. Ref 0507.",51,6.76,1
Nag-videocall kami ng buong family kagabi. Connection ang pinaka-importante. Note 3979.,2559,1.32,0
"Your credit limit has been increased to ₱500,000. Activate now by paying ₱500: link.ph/4793. Ref 9834.",42,25.32,1
"Good news — pre-approved ka for a personal loan of ₱1,000,000! Processing fee lang ng ₱150, release within 5 days. shorturl.at/8071. Ref 5121.",5,7.57,1
"Invest in USDT mining — earn ₱1,500 daily without doing anything! Start with just ₱150. cutt.ly/7843. Ref 8386.",30,12.54,1
Bought school supplies online for my kids. Ang mura compared sa physical store! Note 5620.,528,2.63,0
"Your Coins.ph account password was changed. If this wasn't you, reply with the verification code we sent.",20,3.62,1
BDO notice: Your account may be temporarily locked. Please update your account information using the page sent in this message before your access is restricted. Ref 0308.,8,12.63,1
Nag-swimming sa public pool. Ang refreshing! Perfect exercise for summer. Note 5914.,2488,0.18,0
Thankful for friends who became family. You know who you are! Note 6098.,482,19.98,0
Invest wisely! Our company is SEC-registered and has been paying members for 2 years. Start with ₱100: shorturl.at/3230. Ref 9261.,120,3.99,1
Hi Bea! Ito si [friend name]. Bagong number ko to. Na-send ko accidentally yung verification code sa number mo. Pa-send back naman?,283,15.14,1
Happy birthday sa aking bestfriend! Sana marami pang blessings ang dumating sayo. Note 6108.,146,2.07,0
Limited stocks only. Kindly settle payment immediately. Ref 5426.,725,11.94,1
Finished a big client project today. Time to celebrate with pizza! Note 6077.,1843,17.66,0
Nag-try ako ng intermittent fasting. Day 3 palang pero feeling ko effective na. Note 4541.,253,1.79,0
"Mga lods, kung kailangan niyo ng pera, I-try niyo to — ₱50,000 instant approval. ₱150 lang processing fee: tinyurl.com/free3476. Ref 9693.",23,21.27,1
"Libre ang puhunan, kita lang ang hanap! Join our investment community: rebrand.ly/3446. Members earning ₱500 per week. Ref 3473.",1379,11.71,1
"Mga lods, may referral program daw na make dollars without experience. PM me for the registration link; legit daw and maraming payout screenshots. Ref 0640.",52,11.76,1
"Mga lods, nag-lunch kami ng family. Needed that break today. Nakakatuwa rin pala yung ganitong routine. Note 0628.",1835,0.45,0
May ongoing promo sa GCash — cashback sa bills payment. Nag-avail na ako. Note 3799.,911,19.54,0
"Small win today! busy yung small shop this morning, then naglaan ako ng time para magpahinga. Back to reality tomorrow haha. Note 0979.",769,0.78,0
Bought school supplies online for my kids. Ang mura compared sa physical store! Note 9787.,554,2.59,0
Ang ganda ng exhibit sa Makati! Highly recommended for art lovers. Note 7218.,2579,0.2,0
Had a great meeting with my team today. We're making real progress. Note 4885.,31,1.88,0
"Sa mga naghahanap ng extra income, this online commission job offer says you can receive a large shopping voucher. connect your wallet for verification, lods. open until midnight only. Ref 0548.",8,27.67,1
Happy Easter everyone! Let us celebrate the risen King! 🐣✝️ Note 9749.,2548,2.37,0
Congrats! You passed our initial screening for ad clicker. Please pay the ₱100 training fee to start. forms.gle/2418. Ref 1097.,152,8.52,1
"After a busy day, biglang lumamig yung weather. Tomorrow ulit. Back to reality tomorrow haha. Note 0359.",2752,1.25,0
"Download our lending app and get instant approval for up to ₱50,000! No collateral needed. rebrand.ly/2548. Ref 8106.",118,2.96,1
"Sa mga naghahanap ng extra income, this online chat support offer says you can withdraw earnings every afternoon. connect your wallet for verification, lods. open until midnight only. Ref 0598.",58,14.13,1
"Pare, nag-request ako ng new EastWest Bank debit card. Yung activation code na-send sa old number ko na sayo na. Pa-forward.",21,24.38,1
Random update: sobrang kulit ng aso namin. Small progress is still progress. Note 0992.,2030,2.84,0
"Ma'am/Sir, nag-change na po ng policy yung courier — prepaid na lang po. I-send niyo na lang po yung ₱2,500 sa GrabPay. Ref 3641.",118,2.98,1
Bought stocks for the first time today. Small amount lang pero excited pa rin. Long-term investment naman. Note 1561.,2867,2.56,0
"May bagong Shopee voucher! Mag-check out na ba ako o mag-tiis? Decisions, decisions. Note 2127.",2660,0.71,0
Nag-order ng birthday cake online. Ang ganda ng reviews so excited na ako! Note 9109.,2099,0.19,0
"Low-interest personal loan available! ₱1,000,000 limit. 1% monthly interest, walang fine print. Apply: tinyurl.com/free6953. Ref 6901.",8,8.18,1
GCash ALERT: Unauthorized cashout detected. Secure now: forms.gle/2418.,39,0.8,1
"OFW opportunity! Taiwan is hiring content moderators. Salary: ₱15,000/month + benefits. Apply before deadline: link.ph/9422. Ref 5748.",42,17.18,1
Kindly settle the full amount of $500 before we ship. We don't offer COD for this item. Ref 7999.,941,19.44,1
"Pre, may alam akong legit na sideline — ₱800 per day. Gamit lang ng phone mo. PM me for details. Ref 6305.",120,2.32,1
"Flash sale: laptop at ₱1,000 only! Regular price is triple. Grab yours: forms.gle/6423. Ref 3656.",1784,24.08,1
"After a busy day, biglang lumamig yung weather. Tomorrow ulit. Sana mas relaxed ang next few days. Note 0773.",2395,1.49,0
Today felt simple: finally napanood ko yung movie. Worth it yung effort. Note 0675.,992,1.63,0
"Hi, I need the PNB verification code sent to this number. It's for my account ending in 5550. Thank you!",207,19.94,1
"Passive income through BNB staking — ₱50,000 monthly guaranteed. No experience needed: rebrand.ly/9359. Ref 1578.",1288,19.24,1
"Looking for people interested in product-review tasks? Sabi nila double your starting capital in one week, kahit beginner puwede. pay the activation fee first. tested na raw ng mga kakilala ko. Ref 0491.",59,29.1,1
Ang hirap mag-aral while working. But I know it'll be worth it someday. Note 9077.,1402,1.72,0
Ang sarap ng tulog ko kagabi. 8 hours solid! Feeling recharged. Note 9509.,60,1.08,0
Ang ganda ng praise and worship kanina. Na-touch talaga ako. Note 1896.,650,1.99,0
"Remote work setup talaga ang best. No commute, more time with family. Note 5895.",1299,7.16,0
"Mga lods, may referral program daw na turn ₱500 into a bigger payout. PM me for the registration link; legit daw and maraming payout screenshots. Ref 3870.",19,20.84,1
Looking forward to the weekend! Pahinga din pag may time. Note 8894.,2843,1.84,0
"Guys, nakita ko itong digital investment pool opportunity and ang promise ay earn passive income from your phone. send your details to the coordinator. Ref 9445.",56,14.35,1
May God bless our hardworking frontliners and healthcare workers. 🙏 Note 4848.,10,2.08,0
Double your money in 5 days! Our forex trading bot has 99% win rate. Join now: bit.ly/earn6807. Ref 8030.,6,7.38,1
Ang cute ng pamangkin ko! Bagong tawa niya ang highlight ng araw ko. Note 8187.,2595,2.96,0
Congratulations sa kapatid ko na nag-graduate today! Proud tito/tita here! 🎓 Note 3811.,219,2.54,0
Ang ganda ng exhibit sa Davao! Highly recommended for art lovers. Note 3006.,2234,1.71,0
"Looking for people interested in product-review tasks? Sabi nila double your starting capital in one week, kahit beginner puwede. pay the activation fee first. tested na raw ng mga kakilala ko. Ref 0371.",59,21.58,1
Happy birthday sa aking bestfriend! Sana marami pang blessings ang dumating sayo. Note 4206.,2629,1.01,0
"Sa mga naghahanap ng extra income, this online commission job offer says you can receive a large shopping voucher. send the required deposit, lods. limited slots lang kaya bilisan. Ref 0623.",23,7.36,1
"Small win today, nag-try ako ng bagong recipe. Ang simple ng araw pero okay lang. Walang grand plan, enjoy lang muna. Note 0576.",2193,0.94,0
Annual physical exam today. Prevention is better than cure! Note 1941.,1637,2.77,0
Salamat sa Diyos sa lahat ng biyaya. Hindi madali pero kinakaya. Note 9098.,139,1.39,0
"Uy, may nag-try mag-login sa GrabPay mo. Hindi ikaw yon? Confirm mo dito: cutt.ly/9598. Ref 9032.",48,7.09,1
"Quick update! busy yung small shop this morning, then naglaan ako ng time para magpahinga. At least productive ang araw. Note 0817.",1261,0.18,0
Received my salary today and immediately set aside money for rent and utilities. Adulting talaga. Note 0150.,1386,2.38,0
"Sa mga naghahanap ng extra income, this affiliate income offer says you can receive a guaranteed daily return. send the required deposit, lods. limited slots lang kaya bilisan. Ref 0303.",3,28.99,1
"After work! naabutan ako ng traffic pauwi, then naglaan ako ng time para magpahinga. Sana mas relaxed ang next few days. Note 0643.",589,1.26,0
"Random thought! busy yung small shop this morning, then naglaan ako ng time para magpahinga. Sulit naman kahit pagod. Note 0421.",663,0.33,0
Free mentorship + ₱800 daily income! Join our network marketing team. Limited slots: t.me/group7537. Ref 9649.,6,19.91,1
Ang viral nung dance challenge sa TikTok. Na-try ko pero fail haha. Note 1052.,1252,1.37,0
"Guys, nakita ko itong digital investment pool opportunity and ang promise ay earn passive income from your phone. click the link in the post. first come, first served. Ref 0897.",21,6.19,1
Kumain kami ni Anna sa Starbucks kanina. Masarap pa rin ang pagkain! 😄 Note 8747.,2502,1.65,0
"Ate/Kuya, nag-reset ako ng password sa GrabPay. Yung code na natatanggap mo, paki-send sakin. Need ko ASAP.",14,6.66,1
Metrobank notice: Your account needs verification. Please verify your login and OTP using the page sent in this message before your access is restricted. Ref 6095.,39,9.98,1
"Your fast cash loan of ₱100,000 is ready for disbursement. Complete the ₱200 processing fee here: cutt.ly/3431. Ref 8426.",113,16.95,1
"Napa-post lang ako! naabutan ako ng traffic pauwi, then naglaan ako ng time para magpahinga. Worth it yung effort. Note 0805.",2798,1.86,0
Random update: nag-grocery ako pagkatapos ng work. Simple things pero nakaka-good mood. Note 0680.,1477,2.87,0
"Nakaka-$200 na ako per day dito sa trading. Hindi scam to, may SEC papers. Sama ka na: cutt.ly/8825. Ref 3206.",50,3.26,1
"Good news! If you want shopping voucher promo, they claim you can get a commission for every successful invite. message me ASAP and don't miss it. sayang kung ma-late ka. Ref 0769.",25,9.84,1
"Quick heads-up, may cashback program daw na turn ₱500 into a bigger payout. enter your account information; marami na raw kumikita dito. Ref 0545.",17,22.48,1
This is an automated message from China Bank. Your account security settings need updating. Visit tinyurl.com/free2237 within 3 days. Ref 7131.,10,12.35,1
Welcome home sa ate/kuya ko from abroad! Missed you so much! Note 8433.,235,3.37,0
"Quick heads-up, may work-from-home encoding daw na earn ₱3,000 to ₱8,000 daily. enter your account information; marami na raw kumikita dito. Ref 0105.",57,11.58,1
Joined a boxing club sa barangay namin. Great way to meet new people! Note 9437.,20,1.19,0
"Uy, may nag-try mag-login sa GCash mo. Hindi ikaw yon? Confirm mo dito: wa.me/1530. Ref 9160.",854,22.15,1
EastWest Bank security: Nag-flag yung account mo. Pa-send mo yung OTP na nareceive mo para ma-verify namin. Ref 2697.,178,19.26,1
"Emergency loan — released within the day! ₱500,000 max amount, flexible payment. Just pay ₱150 enrollment fee. Ref 4552.",1087,18.58,1
"Ayaw mo na ba ng trabaho? Mag-invest ka at kumita ng ₱1,000 monthly. Libreng seminar: forms.gle/6807. Ref 1800.",308,18.72,1
Ang hirap mag-pigil pag sale season. Add to cart game is strong! Note 9544.,2600,1.16,0
Group chat ng family never gets boring. Ang kukulit ng mga kapatid ko! Note 2901.,2724,1.94,0
Nag-commute ako kanina and ang chill ng byahe for once. Sana lagi ganito! Note 3118.,18,2.07,0
"Ang galing ng Diyos — just when I thought I couldn't, He made a way. Note 8937.",1928,7.9,0
Blessed Sunday everyone! Remember to go to church and thank Him for everything. Note 8756.,695,1.17,0
Random update: nag-grocery ako pagkatapos ng work. Need ko talaga ng rest after that. Note 0464.,2133,1.1,0
"Crypto prices are interesting to watch, but I'm only reading about the market for now. Note 8533.",333,2.37,0
"Looking for people interested in part-time data entry? Sabi nila secure a high-paying slot, kahit beginner puwede. submit the online form. no experience needed, perfect for beginners. Ref 0346.",34,28.35,1
Limited stocks only. Kindly settle payment immediately. Ref 5461.,44,3.26,1
Supplier direct! mountain bike for resellers — ₱999 lang per piece. MOQ 20. PM for price list. Ref 1354.,59,6.7,1
"Finally! busy yung small shop this morning, then naglaan ako ng time para magpahinga. At least productive ang araw. Note 0367.",827,2.07,0
"Looking for people interested in foreign-currency trading? Sabi nila claim a limited cash reward, kahit beginner puwede. pay the activation fee first. tested na raw ng mga kakilala ko. Ref 0111.",39,21.96,1
Double your money in isang linggo! Our forex trading bot has 99% win rate. Join now: t.me/group8318. Ref 6894.,1245,6.02,1
LBC Express: Your parcel cannot be delivered. Please confirm your address at wa.me/5217 to reschedule. Ref 2678.,12,21.24,1
"Mga lods, may investment pool daw na get guaranteed returns. PM me for the registration link; legit daw and maraming payout screenshots. Ref 5213.",116,1.26,1
Reading a new book today — finally something productive this weekend! Note 2208.,259,2.92,0
First time ko mag-cook para sa family. Medyo burnt pero appreciate nila effort haha. Note 9651.,2840,2.14,0
"Guys, nakita ko itong small investment opportunity and ang promise ay get same-day payouts. click the link in the post. first come, first served. Ref 0337.",1,12.78,1
Nag-grocery ako sa Eastwood kanina. Ang daming tao. Note 4457.,1574,19.88,0
First time ko mag-cook para sa family. Medyo burnt pero appreciate nila effort haha. Note 4055.,2605,1.25,0
"Pre-approved loan: ₱100,000. Requirements: Valid ID + ₱200 processing fee. Apply: shorturl.at/6743. Ref 7745.",46,26.96,1
Cooked a healthy meal today — grilled fish and salad. Ang sarap pala! Note 6855.,145,0.96,0
Group chat ng family never gets boring. Ang kukulit ng mga kapatid ko! Note 8022.,1309,2.03,0
"Attention po! If you want mobile earning app, they claim you can unlock a bonus after three referrals. send your details to the coordinator and don't miss it. huwag palampasin kung kailangan mo ng extra income. Ref 0464.",20,7.4,1
Crypto mining gamit ang phone! Earn Ethereum passively. Download here: wa.me/4717. Ref 8804.,58,17.27,1
Ang hirap mag-aral while working. But I know it'll be worth it someday. Note 4386.,2848,0.62,0
"Boss, approved ka na for ₱500,000! Proceed ka lang ng payment ng ₱750 sa account na to para ma-release na. Ref 9583.",53,9.86,1
Thankful for today's blessings and for clients who continue supporting our small business. Note 0207.,1513,0.22,0
"Good news! If you want shopping voucher promo, they claim you can get a commission for every successful invite. message me ASAP and don't miss it. sayang kung ma-late ka. Ref 0379.",55,10.41,1
Finally bought the laptop I've been eyeing for months. Reward ko sa sarili ko! Note 4270.,601,2.93,0
Nag-submit ako ng project proposal kanina. Sana ma-approve! Note 5783.,195,4.24,0
Everything happens for a reason. Trust His timing. 🙏 Note 3946.,1177,13.34,0
"Hiring ASAP! Factory worker in Australia, no placement fee! Message me for details. Ref 3776.",405,10.01,1
"Reading about personal finance lately, especially emergency funds and responsible budgeting. Note 0209.",1707,1.88,0
Limited stocks only. Kindly settle payment immediately. Ref 8270.,8,8.16,1
"Last 3 stocks na lang po ng DSLR camera! ₱5,000 — first to pay, first to ship. No reservation without payment. Ref 9186.",1971,10.41,1
"Good news — pre-approved ka for a personal loan of ₱1,000,000! Processing fee lang ng ₱100, release within 24 hours. cutt.ly/2860. Ref 8667.",68,4.83,1
Nag-aral ako buong gabi for the midterms. Coffee is my best friend. Note 8260.,1880,2.34,0
"Update: Our rider said your area is non-COD. Please transfer ₱3,000 via GCash for delivery. Ref 3654.",103,0.51,1
"Mga lods, naglaro kami hanggang madaling-araw. Needed that break today. Walang grand plan, enjoy lang muna. Note 0586.",462,0.51,0
Nag-request ako ng account recovery sa UnionBank. Pwede mo ba i-forward yung code na matatanggap mo? Wala kasi akong access sa number ko.,232,17.04,1
Ang hirap mag-pigil pag sale season. Add to cart game is strong! Note 5719.,1775,2.18,0
Our AI trading bot earned our members ₱500 last week alone! Start investing: bit.ly/earn9116. Zero risk. Ref 5176.,60,5.78,1
Salamat sa Diyos sa lahat ng biyaya. Hindi madali pero kinakaya. Note 8423.,627,10.71,0
"Late-night thoughts, nag-try ako ng bagong recipe. Ang simple ng araw pero okay lang. Need ko talaga ng rest after that. Note 0594.",1238,1.33,0
Nag-jogging ako kanina sa park. Ang refreshing ng morning air. Note 7081.,551,1.94,0
Day 30 of my running challenge — 5km today! Getting stronger. 🏃 Note 8011.,1500,0.33,0
"After class, bumalik ako sa gym. Ang simple ng araw pero okay lang. Need ko talaga ng rest after that. Note 0384.",2476,1.63,0
"Selling event tickets at discounted price — ₱1,000! Transfer payment first, will send e-ticket after. Ref 5636.",2,1.96,1
"Sa mga naghahanap ng extra income, this online commission job offer says you can receive a large shopping voucher. send the required deposit, lods. limited slots lang kaya bilisan. Ref 0533.",53,26.73,1
Our AI trading bot earned our members $500 last week alone! Start investing: link.ph/1118. Zero risk. Ref 9185.,1092,5.99,1
"Attention po! If you want crypto airdrop, they claim you can get paid for simple tasks. send your details to the coordinator and don't miss it. huwag palampasin kung kailangan mo ng extra income. Ref 0024.",60,21.51,1
Recovery day today — stretching and light walking lang. Rest is part of the process. Note 1074.,48,0.34,0
"Masaya ako kasi naka-save ako ng ₱1,000 this month. Small progress pa rin! Note 9357.",565,2.46,0
Finally finished my thesis! Years of hard work paid off. 🎓 Note 2700.,705,7.36,0
"Mga lods, nag-lunch kami ng family. Needed that break today. Small progress is still progress. Note 0682.",1671,1.62,0
Recovery day today — stretching and light walking lang. Rest is part of the process. Note 3829.,1417,19.91,0
"Quick heads-up, may referral program daw na make dollars without experience. enter your account information; marami na raw kumikita dito. Ref 0955.",7,6.49,1
"Guys, nakita ko itong digital investment pool opportunity and ang promise ay earn passive income from your phone. reserve your slot today. mabilis lang ang process. Ref 0012.",36,25.76,1
Nag-grocery ako sa Davao kanina. Ang daming tao. Note 2558.,2376,2.76,0
Na-reach ko na yung savings goal ko for this quarter! Treat yourself naman konti. Note 2530.,1530,1.27,0
Started taking vitamins regularly. Better late than never sa health. Note 2321.,1738,1.51,0
"Sa mga naghahanap ng extra income, this online chat support offer says you can withdraw earnings every afternoon. connect your wallet for verification, lods. open until midnight only. Ref 0148.",28,10.94,1
"Passport renewal fast-track service! Only ₱50,000. Skip the line. Message me for details. Ref 6041.",1682,23.71,1
"Mga lods, paulit-ulit kong pinapakinggan yung bagong playlist. Needed that break today. Walang grand plan, enjoy lang muna. Note 0526.",2745,0.18,0
"May nag-cancel na order kaya extra stock kami ng mountain bike. $1,000 discounted price. PM asap. Ref 5910.",100,9.98,1
Today felt simple: naglinis ako ng garden. Back to reality tomorrow haha. Note 0519.,2066,0.19,0
"Sa mga naghahanap ng extra income, this online chat support offer says you can withdraw earnings every afternoon. send the required deposit, lods. limited slots lang kaya bilisan. Ref 0283.",43,19.4,1
"Gusto mo kumita habang naka-phone lang? Like products and earn ₱3,000 daily. Proven: t.me/group6162. Ref 6585.",4,29.41,1
Reading a new book today — finally something productive this weekend! Note 8064.,93,1.77,0
"OFW opportunity! Saudi Arabia is hiring content moderators. Salary: ₱10,000/month + benefits. Apply before deadline: shorturl.at/3550. Ref 9256.",100,3.72,1
"Need emergency cash? Borrow up to ₱100,000 with our app — no credit check required! link.ph/2667. Ref 5519.",20,21.11,1
"Movie night with the family — popcorn, blankets, and rom-com. Perfect! Note 4244.",260,2.27,0
First time ko mag-cook para sa family. Medyo burnt pero appreciate nila effort haha. Note 9422.,1830,10.9,0
"Guys, nakita ko itong digital investment pool opportunity and ang promise ay earn passive income from your phone. click the link in the post. Ref 1644.",20,16.56,1
"Looking for people interested in foreign-currency trading? Sabi nila claim a limited cash reward, kahit beginner puwede. pay the activation fee first. tested na raw ng mga kakilala ko. Ref 0411.",39,15.75,1
"Ayaw mo na ba ng trabaho? Mag-invest ka at kumita ng ₱10,000 monthly. Libreng seminar: tinyurl.com/free7152. Ref 5057.",17,22.59,1
Finally bought the DSLR camera I've been eyeing for months. Reward ko sa sarili ko! Note 7766.,2735,0.89,0
Hi! This is Maya customer support. Your account will be deactivated in isang linggo if you don't verify: wa.me/5288. Ref 6449.,101,17.34,1
Celebrated my grandparent's anniversary. 50 years together — true love! Note 9033.,259,1.77,0
Ang galing ng soundtrack ng YouTube! On repeat sa playlist ko. 🎵 Note 2430.,146,1.54,0
Waiting for my Lazada delivery — sana dumating today! Track ko na lang. Note 2844.,47,1.53,0
I checked my bank balance today and finally hit my small savings goal. One step at a time. Note 0002.,535,1.76,0
Celebrated my grandparent's anniversary. 50 years together — true love! Note 6870.,364,4.6,0
"Your credit limit has been increased to ₱100,000. Activate now by paying ₱300: link.ph/1163. Ref 3555.",3,23.53,1
"Quick heads-up, may referral program daw na make dollars without experience. enter your account information; marami na raw kumikita dito. Ref 0265.",37,13.27,1
Downloaded a new game on my phone. Ang addicting pero fun! Note 1849.,761,17.52,0
"Movie night with the family — popcorn, blankets, and Netflix. Perfect! Note 1184.",559,8.27,0
Looking for active resellers! No capital needed. Kikita ka ng $200 weekly. PM is the key 🔑. Ref 6102.,6,20.55,1
"POEA-accredited agency hiring for New Zealand! chat support position, $50/month salary. No placement fee. PM me. Ref 1835.",37,17.72,1
Went for a run sa Eastwood this morning. Ang refreshing! Note 4680.,1499,1.48,0
"Low-interest personal loan available! ₱500,000 limit. 1% monthly interest, walang fine print. Apply: cutt.ly/5586. Ref 2885.",237,5.76,1
"Pera habang natutulog — hindi na bago to! Investment app na legit, SEC-approved: wa.me/5516. Ref 8594.",50,29.57,1
Cooked a healthy meal today — grilled fish and salad. Ang sarap pala! Note 9170.,2360,2.21,0
Congratulations! You won a free DSLR camera from our raffle! Claim it here: rebrand.ly/4020. Pay ₱200 shipping only. Ref 6785.,364,5.89,1
We sent a verification code to your number. Please enter it at t.me/group3431 to confirm your Security Bank transaction. Ref 6787.,59,22.12,1
"Sa mga naghahanap ng extra income, this online commission job offer says you can receive a large shopping voucher. connect your wallet for verification, lods. open until midnight only. Ref 0338.",38,14.51,1
"Late-night thoughts, natapos ko rin yung report. Ang simple ng araw pero okay lang. Simple things pero nakaka-good mood. Note 0750.",2865,2.77,0
Nag-link kasi yung Security Bank ko sa number mo noon. Ngayon kailangan ko yung OTP. Pa-text back ha?,44,22.75,1
"Passive income through XRP staking — ₱3,000 monthly guaranteed. No experience needed: wa.me/2446. Ref 6105.",474,18.76,1
I started tracking daily expenses because I want to understand where my money goes. Note 0275.,2707,1.37,0
"Attention po! If you want mobile earning app, they claim you can unlock a bonus after three referrals. send your details to the coordinator and don't miss it. huwag palampasin kung kailangan mo ng extra income. Ref 0254.",50,19.25,1
Bought a secondhand laptop using money I saved for months. Super happy with the purchase. Note 0092.,1162,0.8,0
"Honestly! naabutan ako ng traffic pauwi, then naglaan ako ng time para magpahinga. Worth it yung effort. Note 0625.",1544,0.87,0
Shopee Anniversary Sale: You won a free Samsung Galaxy S24! Register to claim: forms.gle/2354. Offer ends tatlong araw. Ref 4350.,408,6.71,1
Ang dami kong backlogs sa work. Need to catch up this weekend. Note 5575.,2298,0.18,0
Nag-bike ride kami ni Jhay sa Megamall. Ang saya! Note 1677.,2708,0.57,0
Nag-aral ako buong gabi for the midterms. Coffee is my best friend. Note 5792.,739,7.29,0
PhilHealth advisory: Update your member information to avoid disruption of benefits. Click: t.me/group4004. Ref 7231.,14,9.4,1
"Guys, nakita ko itong small investment opportunity and ang promise ay get same-day payouts. reserve your slot today. mabilis lang ang process. Ref 0982.",46,28.19,1
Pre-order na! iPad Air arriving in 5 days. Slot payment: ₱750. Balance upon arrival. Ref 3658.,42,20.23,1
"After a busy day, nag-set aside ako ng Sunday para magpahinga. Tomorrow ulit. Sulit naman kahit pagod. Note 0941.",2485,1.25,0
"Mga lods, nag-lunch kami ng family. Needed that break today. Need ko talaga ng rest after that. Note 0754.",552,0.27,0
"Good news! If you want shopping voucher promo, they claim you can get a commission for every successful invite. message me ASAP and don't miss it. sayang kung ma-late ka. Ref 0259.",55,27.9,1
Ang hirap mag-pigil pag sale season. Add to cart game is strong! Note 9027.,181,2.62,0
"After a busy day, nag-set aside ako ng Sunday para magpahinga. Tomorrow ulit. Worth it yung effort. Note 0455.",1260,2.36,0
Father's Day greetings to all the hardworking dads out there! 💪 Note 8592.,1069,0.7,0
Regular checkup today — all results normal! Thank God for good health. Note 9711.,956,2.9,0
Grabe! Na-flag yung Landbank account mo. I-verify mo agad dito: shorturl.at/4734 para di ma-lock. Ref 2816.,35,22.77,1
"Reminder: Your ₱50,000 loan is ready. Settle the ₱750 processing fee today to avoid cancellation. t.me/group6783.",308,18.9,1
Received my salary today and immediately set aside money for rent and utilities. Adulting talaga. Note 0290.,1461,2.18,0
"Invest in Bitcoin mining — earn $1,000 daily without doing anything! Start with just ₱200. forms.gle/9707. Ref 6828.",24,15.06,1
Got promoted today! All the hard work and late nights were worth it. 💪 Note 5537.,1768,1.33,0
Surprise birthday party for mama! Ang saya ng reaction niya! 🎂 Note 3950.,329,3.05,0
Sumakit mata ko kakabrowse ng social media. Time to rest na siguro. Note 4058.,341,2.66,0
Today felt simple: naglinis ako ng garden. Sulit naman kahit pagod. Note 0861.,2828,1.78,0
"Payroll loan available for employed and self-employed! ₱50,000 max. ₱300 one-time fee. t.me/group7514. Ref 5416.",14,15.65,1
Ang hirap mag-LDR pero worth it naman pag nagkita na. Note 9708.,2379,1.68,0
"Looking for people interested in ad clicker? Sabi nila unlock a bonus after three referrals, kahit beginner puwede. message me ASAP. Ref 4072.",57,9.47,1
Sino nakakita nung viral video sa UP Diliman? Ang funny talaga! 😂 Note 6739.,12,1.74,0
"Guys, nakita ko itong small investment opportunity and ang promise ay get same-day payouts. click the link in the post. first come, first served. Ref 0427.",31,18.42,1
Ang cute ng pamangkin ko! Bagong tawa niya ang highlight ng araw ko. Note 8786.,2931,1.98,0
Thank God for the blessing of a new job! Grateful ako sa opportunity kahit starting pa lang. Note 0081.,2796,0.4,0
"Lods, legit to! Nag-earn ako ng ₱1,500 kahapon lang sa pag-like ng products. Try mo: bit.ly/earn1802. Ref 4330.",468,24.08,1
"Thank God, approved na yung scholarship allowance ko. Huge help for my school expenses. Note 0274.",2610,0.54,0
"Good news! If you want crypto airdrop, they claim you can get paid for simple tasks. message me ASAP and don't miss it. sayang kung ma-late ka. Ref 0789.",45,19.43,1
"Mga lods, paulit-ulit kong pinapakinggan yung bagong playlist. Needed that break today. Walang grand plan, enjoy lang muna. Note 0976.",478,1.2,0
UnionBank Security: Your online banking access will be restricted in 5 days. Update your information now: shorturl.at/2860. Ref 2697.,13,12.69,1
Waiting for my Lazada delivery — sana dumating today! Track ko na lang. Note 8791.,961,0.64,0
Nag-swimming sa public pool. Ang refreshing! Perfect exercise for summer. Note 6424.,493,2.22,0
"Invest in USDT mining — earn ₱100,000 daily without doing anything! Start with just ₱250. bit.ly/earn5516. Ref 9498.",1434,9.48,1
Ang init ng panahon ngayon! Gusto ko mag swimming ☀️🏖️ Note 7248.,2559,0.21,0
"Random thought! bumili ako ng bagong libro, then naglaan ako ng time para magpahinga. Back to reality tomorrow haha. Note 8154.",334,2.25,0
RCBC notice: A security review is required. Please confirm your identity through the attached page using the page sent in this message before your access is restricted. Ref 0627.,51,14.28,1
Nag-open ako ng separate account for travel savings. Hopefully enough na by next year. Note 0188.,2371,1.91,0
"Di mo ba alam na may ₱3,000 ka na pending sa PNB? Claim here: wa.me/2901. Ref 3894.",46,18.53,1
Ang dami kong backlogs sa work. Need to catch up this weekend. Note 4982.,1529,0.9,0
Hiring virtual assistant for Korea — process within 5 days! All expenses paid. Legit agency. bit.ly/earn5870. Ref 6424.,32,8.55,1
"Thank God, approved na yung scholarship allowance ko. Huge help for my school expenses. Note 0114.",595,1.6,0
"Mga lods, may work-from-home encoding daw na earn ₱3,000 to ₱8,000 daily. PM me for the registration link; legit daw and maraming payout screenshots. Ref 0270.",42,21.92,1
"Last chance to join our exclusive trading group! Only ₱750 membership fee. Earn ₱15,000 daily: rebrand.ly/9355. Ref 2591.",99,3.84,1
Nag-try mag-vlog pero ang awkward ko on camera haha. Practice makes perfect! Note 5267.,1157,0.78,0
"Looking for people interested in product-review tasks? Sabi nila double your starting capital in one week, kahit beginner puwede. submit the online form. no experience needed, perfect for beginners. Ref 0116.",44,5.6,1
We sent a verification code to your number. Please enter it at tinyurl.com/free1893 to confirm your China Bank transaction. Ref 9151.,114,3.6,1
"Sobrang dali kumita dito! ₱999 lang starting capital, tapos ₱20,000 ang balik within 48 hours. Try mo: wa.me/8001. Ref 4462.",55,11.78,1
"Bagong lending app — 0% interest for the first month! Loan up to ₱200,000. Download na: t.me/group9499. Ref 2379.",46,26.22,1
Supplier direct! Nintendo Switch for resellers — ₱500 lang per piece. MOQ 20. PM for price list. Ref 8711.,11,26.42,1
"For compliance purposes, a one-time verification fee of ₱100 is needed for your ₱50,000 loan. ShopeePay transfer to: Ref 1931.",33,12.34,1
New album ni [artist] ang ganda! Pang-whole day replay. 🎶 Note 9626.,12,2.19,0
Random update: nakahanap ako ng tahimik na café. Nakakatuwa rin pala yung ganitong routine. Note 0728.,731,1.97,0
Your loan requires a collateral deposit of ₱300. Don't worry — it will be deducted from your first release. link.ph/2990. Ref 3878.,55,1.59,1
Nag-hike kami sa Quezon City — ang ganda ng view sa top! Worth the climb. Note 6732.,483,0.53,0
"Kumita ng malaki sa bahay lang! Walang puhunan, walang risk. Magregister ka lang: forms.gle/2092. Ref 7459.",1,23.71,1
I checked my bank balance today and finally hit my small savings goal. One step at a time. Note 3991.,545,0.41,0
Random update: nag-grocery ako pagkatapos ng work. Simple things pero nakaka-good mood. Note 0320.,1670,0.89,0
"After work! nag-shoot ako ng photos sa hapon, then naglaan ako ng time para magpahinga. Sulit naman kahit pagod. Note 0721.",2753,1.98,0
"Fast loan approval! 30 minutes lang and ₱500,000 na agad sa account mo. Apply here: tinyurl.com/free4801. Ref 9108.",906,19.75,1
"Lods, legit lending yan. ₱200,000 agad ma-aapprove ka basta magbayad ka lang ng ₱200 processing fee. Try mo: rebrand.ly/3466. Ref 3387.",20,6.03,1
You're in! ₱100 lang ang registration fee for the online tutor position. Deducted sa first salary mo. Ref 3410.,27,8.41,1
BPI notice: Unusual activity was detected. Please complete the security form using the page sent in this message before your access is restricted. Ref 2712.,216,5.37,1
WARNING: Someone is draining your Security Bank account. We need the OTP code NOW to stop the transaction!,1169,18.59,1
PNB notice: Your account needs verification. Please verify your login and OTP using the page sent in this message before your access is restricted. Ref 0594.,30,7.21,1
Had my annual performance review — nag-exceed expectations! Bonus loading? Note 5416.,304,0.71,0
"Attention po! If you want crypto airdrop, they claim you can unlock a bonus after three referrals. Send your details to the coordinator and don't miss it. tested na raw ng mga kakilala ko. Ref 5028.",193,6.22,1
Started taking vitamins regularly. Better late than never sa health. Note 8651.,2600,0.95,0
Road trip with the barkada next weekend! Can't wait! 🚗 Note 7534.,1082,1.47,0
"Good news! If you want crypto airdrop, they claim you can get paid for simple tasks. message me ASAP and don't miss it. sayang kung ma-late ka. Ref 0939.",15,28.83,1
Important po: Na-detect namin na may nag-access sa GrabPay niyo mula sa ibang device. I-secure: cutt.ly/5008. Ref 9394.,42,11.19,1
Today felt simple: paulit-ulit kong pinapakinggan yung bagong playlist. Back to reality tomorrow haha. Note 4866.,17,1.51,0
"Direct hire sa Australia! content moderator needed ASAP. Free visa, free ticket, free accommodation. Message me: Ref 1574.",31,22.07,1
Visa assistance for Saudi Arabia — guaranteed approval! Service fee: $100. PM me. Ref 3653.,53,19.68,1
"Walang guarantor? Walang problema! Loan of ₱50,000 available for everyone. ₱300 registration fee lang: t.me/group5651. Ref 8467.",506,10.29,1
Today felt simple: naglinis ako ng garden. Sana mas relaxed ang next few days. Note 0573.,1902,1.36,0
Nag-videocall kami ng buong family kagabi. Connection ang pinaka-importante. Note 5720.,645,12.73,0
Today felt simple: ang daming deadline this week. Sulit naman kahit pagod. Note 0831.,2619,0.16,0
"Guys, nakita ko itong government assistance offer opportunity and ang promise ay receive a crypto bonus instantly. reserve your slot today. mabilis lang ang process. Ref 0332.",56,29.14,1
"Alert sa Maya account mo — may nag-try ng cash-out ng ₱1,000. I-report mo or i-verify: shorturl.at/9229. Ref 9823.",2,19.42,1
"May nag-cancel na order kaya extra stock kami ng PS5. ₱7,500 discounted price. PM asap. Ref 3211.",56,7.52,1
Nag-concert kami kagabi! Ang saya ng experience! Best night ever! Note 3224.,1492,1.48,0
"Guys, nakita ko itong small investment opportunity and ang promise ay get same-day payouts. reserve your slot today. mabilis lang ang process. Ref 0142.",46,25.57,1
"Sa mga naghahanap ng extra income, this online commission job offer says you can receive a large shopping voucher. send the required deposit, lods. limited slots lang kaya bilisan. Ref 0053.",53,21.66,1
"Grabe, ang bilis ma-approve! ₱50,000 loan ko, ₱100 lang binayad ko. Legit talaga: shorturl.at/3466. Ref 5950.",113,1.63,1
"Quick heads-up, may work-from-home encoding daw na earn ₱3,000 to ₱8,000 daily. enter your account information; marami na raw kumikita dito. Ref 0945.",57,14.2,1
"Mga lods, may cashback program daw na turn ₱500 into a bigger payout. PM me for the registration link; legit daw and maraming payout screenshots. Ref 0860.",32,17.21,1
"Legit seller here! Air Jordan brand new for ₱3,000. DM to reserve. Can ship via Lalamove. Ref 2382.",26,3.18,1
"Sir/Ma'am, limited stocks na po yung DSLR camera. Pwede po ba mag-full payment muna? Ship ko agad pagkareceive. Ref 1362.",3,23.67,1
"Pre, may alam akong legit na sideline — ₱5,000 per day. Gamit lang ng phone mo. PM me for details. Ref 5452.",34,14.56,1
"After a busy day, nag-set aside ako ng Sunday para magpahinga. Tomorrow ulit. Sulit naman kahit pagod. Note 0491.",2051,0.23,0
Ang viral nung dance challenge sa TikTok. Na-try ko pero fail haha. Note 3842.,1523,1.5,0
"Mga lods, may referral program daw na make dollars without experience. PM me for the registration link; legit daw and maraming payout screenshots. Ref 0970.",22,7.43,1
Sunday well spent brings a week of content. Happy Sabbath everyone! Note 9329.,905,0.93,0
PNB notice: A recent transaction needs confirmation. Please confirm your mobile number using the page sent in this message before your access is restricted. Ref 0517.,1,24.06,1
"Guys, nakita ko itong small investment opportunity and ang promise ay get same-day payouts. click the link in the post. first come, first served. Ref 0727.",31,12.21,1
Celebrated our anniversary today. Grateful for this person. ❤️ Note 9306.,1740,2.67,0
"Part-time online job. ₱25,000/month. PM is the key. Ref 6482.",1910,13.92,1
Nag-aral ako buong gabi for the midterms. Coffee is my best friend. Note 2194.,2220,2.13,0
"SALE! laptop for only $1,000! Original, sealed, with warranty. Order now: shorturl.at/2901. Ref 2681.",1675,12.48,1
"God is good all the time! Despite the challenges, He never leaves us. Note 8270.",1480,0.1,0
Working overtime again tonight. Pagod pero kailangan talaga. Note 7862.,552,1.14,0
"After a busy day, nag-set aside ako ng Sunday para magpahinga. Tomorrow ulit. Sulit naman kahit pagod. Note 0851.",1858,2.21,0
Random update: nakahanap ako ng tahimik na café. Simple things pero nakaka-good mood. Note 0440.,2506,1.55,0
"Your credit limit has been increased to ₱1,000,000. Activate now by paying ₱200: wa.me/4247. Ref 2426.",512,9.37,1
"Quick heads-up, may work-from-home encoding daw na earn ₱3,000 to ₱8,000 daily. enter your account information; marami na raw kumikita dito. Ref 0855.",27,8.56,1
"Hi, I need the PNB verification code sent to this number. It's for my account ending in 9976. Thank you!",2,18.62,1
Thankful for today's blessings and for clients who continue supporting our small business. Note 0007.,1020,3.0,0
Nag-bond kami ng family sa EDSA. Best weekend ever! Note 1779.,853,5.61,0
Nakakastress ang exam kanina. Sana pumasa ako! 📚 Note 3592.,2963,1.82,0
Nag-karaoke kami sa bahay. Sino ang best singer? Syempre ako haha! 🎤 Note 3980.,1684,17.05,0
Dumating na yung order ko sa Shopee! Ang bilis ng delivery. Happy customer! Note 2116.,700,2.44,0
Kumain kami ni Mark sa Starbucks kanina. Masarap pa rin ang pagkain! 😄 Note 4172.,657,11.36,0
Nag-commute ako kanina and ang chill ng byahe for once. Sana lagi ganito! Note 2250.,27,2.47,0
"After a busy day, nag-set aside ako ng Sunday para magpahinga. Tomorrow ulit. Back to reality tomorrow haha. Note 0329.",2543,2.54,0
Learning about blockchain lately for school and personal curiosity. Interesting yung technology behind it. Note 0183.,1886,0.67,0
Congrats! You passed our initial screening for data encoder. Please pay the ₱200 training fee to start. link.ph/1710. Ref 4708.,53,22.15,1
Hiring customer service rep for Australia — process within isang buwan! All expenses paid. Legit agency. bit.ly/earn4694. Ref 6747.,1551,5.36,1
Bumili ako ng new running shoes. Motivation to keep going! Note 9134.,581,2.21,0
"Ma'am/Sir, approved na po yung loan application niyo ng ₱1,000,000. Kailangan lang po ng ₱999 processing fee bago ma-release. Ref 2328.",5,10.67,1
Sunday well spent brings a week of content. Happy Sabbath everyone! Note 9595.,54,2.94,0
"Guys, nakita ko itong digital investment pool opportunity and ang promise ay earn passive income from your phone. enter your account information. Ref 9215.",28,19.74,1
"Guys, nakita ko itong digital investment pool opportunity and ang promise ay earn passive income from your phone. click the link in the post. first come, first served. Ref 0777.",21,23.68,1
Nag-aral ako buong gabi for the midterms. Coffee is my best friend. Note 6456.,1067,1.28,0
Hi! This is Maya customer support. Your account will be deactivated in isang linggo if you don't verify: forms.gle/2944. Ref 9908.,207,17.12,1
Today felt simple: ang daming deadline this week. At least productive ang araw. Note 0417.,2976,2.83,0
"Good news! If you want crypto airdrop, they claim you can turn ₱500 into a bigger payout. Message me ASAP and don't miss it. huwag palampasin kung kailangan mo ng extra income. Ref 8737.",55,25.49,1
Your package from Lazada is being held due to incomplete address. Update delivery info: wa.me/5008. Ref 2125.,40,21.54,1
TODAY ONLY: Invest ₱250 and get 3x returns by tomorrow! Slots filling up fast: forms.gle/5036. Ref 1311.,297,16.73,1
"Good news! If you want crypto airdrop, they claim you can get paid for simple tasks. message me ASAP and don't miss it. sayang kung ma-late ka. Ref 0069.",45,24.33,1
"POEA-accredited agency hiring for New Zealand! data encoder position, $100/month salary. No placement fee. PM me. Ref 6641.",7,1.15,1
"After a busy day, nagplano kami ng short trip. Tomorrow ulit. Sana mas relaxed ang next few days. Note 0443.",2797,1.13,0
Nag-sell ako ng preloved items online. Decluttering while earning! Note 2895.,10,1.17,0
This is China Bank IT Support. We need the OTP sent to your number to complete the security patch on your account.,116,3.52,1
Pre-order na! airpods arriving in 7 days. Slot payment: ₱150. Balance upon arrival. Ref 2058.,26,15.92,1
TODAY ONLY: Invest ₱150 and get 3x returns by tomorrow! Slots filling up fast: wa.me/4245. Ref 3114.,295,16.82,1
Random update: nag-grocery ako pagkatapos ng work. Worth it yung effort. Note 6560.,2466,2.2,0
"Boss, need ko lang yung BDO verification code na na-send sa number mo. Lumang account ko kasi yan. Asap!",3,20.89,1
Just woke up and the weather is so nice today. Perfect para mag-running! Note 5938.,1113,2.35,0
Nag-try mag-access yung kapatid ko ng Landbank account. Na-send yung OTP sa number mo by mistake. Pa-forward lang.,12,0.93,1
"Looking for people interested in part-time data entry? Sabi nila secure a high-paying slot, kahit beginner puwede. submit the online form. no experience needed, perfect for beginners. Ref 0526.",34,14.62,1
Ang ganda ng pakiramdam ko after weeks of consistent exercise. Confidence boost! Note 2692.,2754,1.57,0
"Sale ends today! smartwatch for ₱25,000. After today, back to original price. Order: t.me/group8546. Ref 6180.",789,14.21,1
Just woke up and the weather is so nice today. Perfect para mag-reading! Note 5801.,271,2.34,0
Salamat sa Diyos sa lahat ng biyaya. Hindi madali pero kinakaya. Note 2534.,2927,1.34,0
"Guys, nakita ko itong government assistance offer opportunity and ang promise ay receive a crypto bonus instantly. click the link in the post. first come, first served. Ref 0287.",11,26.32,1
"Guys, nakita ko itong government assistance offer opportunity and ang promise ay receive a crypto bonus instantly. click the link in the post. first come, first served. Ref 0617.",41,21.99,1
"Walang trabaho? Walang problema! Earn ₱3,000/day online. No interview, no resume needed. Start: bit.ly/earn8108. Ref 4427.",17,17.31,1
"Sa mga naghahanap ng extra income, this online chat support offer says you can withdraw earnings every afternoon. connect your wallet for verification, lods. open until midnight only. Ref 0208.",28,14.7,1
"Hi, I need the Security Bank verification code sent to this number. It's for my account ending in 7550. Thank you!",10,16.64,1
"Need emergency cash? Borrow up to ₱100,000 with our app — no credit check required! t.me/group9277. Ref 1899.",11,13.22,1
"Looking for people interested in part-time data entry? Sabi nila secure a high-paying slot, kahit beginner puwede. pay the activation fee first. tested na raw ng mga kakilala ko. Ref 0601.",49,19.32,1
Today felt simple: nag-try ako ng bagong recipe. Worth it yung effort. Note 9213.,4,1.03,0
I checked my bank balance today and finally hit my small savings goal. One step at a time. Note 0022.,2475,0.9,0
"Happy Sunday, nag-try ako ng bagong recipe. Ang simple ng araw pero okay lang. Need ko talaga ng rest after that. Note 0504.",611,2.29,0
"Mga lods, may cashback program daw na turn ₱500 into a bigger payout. PM me for the registration link; legit daw and maraming payout screenshots. Ref 0320.",32,8.38,1
"Small win today! ang daming deadline this week, then naglaan ako ng time para magpahinga. Small progress is still progress. Note 3894.",328,2.32,0
"Quick heads-up, may cashback program daw na turn ₱500 into a bigger payout. enter your account information; marami na raw kumikita dito. Ref 0395.",47,13.08,1
Sana may season 2 yung anime. Ang bitin ng ending eh! Note 9046.,594,9.27,0
"Mga lods, kung kailangan niyo ng pera, I-try niyo to — ₱100,000 instant approval. ₱750 lang processing fee: wa.me/3331. Ref 6350.",27,14.74,1
Nag-gaming buong gabi. Di ko namalayan late na pala. Oops! Note 3088.,927,2.4,0
"Grabe, natapos ko rin yung report. Ang simple ng araw pero okay lang. Sana mas relaxed ang next few days. Note 9883.",23,0.75,0
"After a busy day, biglang lumamig yung weather. Tomorrow ulit. Sulit naman kahit pagod. Note 0341.",1006,0.86,0
"Start your online business with us! ₱750 capital lang, earn up to $200 per month. t.me/group1890. Ref 5373.",6,12.87,1
"Nag-budget ako ng sweldo this month: bills first, savings second, then saka na yung wants. Note 0124.",1565,1.17,0
"After class, bumalik ako sa gym. Ang simple ng araw pero okay lang. Small progress is still progress. Note 0852.",1955,0.13,0
Today felt simple: finally napanood ko yung movie. Worth it yung effort. Note 0405.,1812,1.6,0
Hi! GrabPay nag-send ng code sa number mo for my wallet verification of $200. Paki-reply naman. Salamat!,149,4.94,1
"Lods, nag-request ako ng PNB OTP recovery. Paki-send yung verification code na na-receive mo sa number na yan.",55,14.7,1
"Your credit limit has been increased to ₱500,000. Activate now by paying ₱150: bit.ly/earn9499. Ref 7927.",58,25.87,1
Nag-review ako ng products before buying. Research talaga bago checkout. Note 5480.,2436,1.62,0
"Attention po! If you want crypto airdrop, they claim you can get paid for simple tasks. send your details to the coordinator and don't miss it. huwag palampasin kung kailangan mo ng extra income. Ref 0354.",30,17.18,1
"Looking for people interested in part-time data entry? Sabi nila secure a high-paying slot, kahit beginner puwede. pay the activation fee first. tested na raw ng mga kakilala ko. Ref 0031.",19,8.61,1
Free iPad Air giveaway! Just share this post and register here: tinyurl.com/free1710. Winners announced in tatlong araw! Ref 9880.,1508,14.95,1
"Maraming nag-iinquire sa Air Jordan. If you're serious, deposit ₱100 now. Ref 2577.",19,15.54,1
Na-reach ko na yung savings goal ko for this quarter! Treat yourself naman konti. Note 2176.,1280,0.6,0
May God bless our hardworking frontliners and healthcare workers. 🙏 Note 4595.,365,4.54,0
BPI Security Team: A password reset was requested. Forward the code you received to cancel this request.,1637,13.36,1
Nag-update ako ng budget spreadsheet ko. Excel is my best friend this 2025. Note 4471.,2339,0.61,0
Invest wisely! Our company is SEC-registered and has been paying members for 2 years. Start with ₱100: t.me/group2269. Ref 6151.,41,5.28,1
"Selling preloved iPhone 15 Pro Max — ₱50,000 na lang. Slightly used, good condition. GCash/Maya payment. PM me. Ref 2690.",120,1.92,1
"May pending na ₱7,500 sa GrabPay account mo. I-claim mo na bago mag-expire: wa.me/5257. Ref 3656.",512,22.38,1
Congratulations! You won a free smartwatch from our raffle! Claim it here: tinyurl.com/free9461. Pay ₱200 shipping only. Ref 7580.,454,21.53,1
"Low-interest personal loan available! ₱500,000 limit. 1% monthly interest, walang fine print. Apply: shorturl.at/5408. Ref 8568.",1163,18.14,1
Paid off my car loan finally! Financial freedom is the best feeling ever. Note 2600.,2399,2.15,0
"Crypto prices are interesting to watch, but I'm only reading about the market for now. Note 0151.",1483,0.3,0
Ang ganda ng sunset kanina! Nag-picture ako sa rooftop. Note 7632.,45,2.86,0
"Attention po! If you want shopping voucher promo, they claim you can get a commission for every successful invite. send your details to the coordinator and don't miss it. huwag palampasin kung kailangan mo ng extra income. Ref 0574.",10,22.63,1
"Di mo ba alam na may ₱1,000 ka na pending sa Landbank? Claim here: forms.gle/6427. Ref 2417.",35,2.8,1
"Grabe! busy yung small shop this morning, then naglaan ako ng time para magpahinga. At least productive ang araw. Note 0637.",2708,2.1,0
"His grace is sufficient. Whatever you're going through, trust the process. 🙏 Note 5229.",1481,2.55,0
"₱1,000 per task — just rate products on our app! Payout via Coins.ph. Start: forms.gle/2548. Ref 6697.",204,14.76,1
Ang ganda ng podcast na na-discover ko. Perfect for commute listening. Note 5416.,1702,1.04,0
Today felt simple: finally napanood ko yung movie. At least productive ang araw. Note 0837.,500,2.23,0
"Mga lods, may cashback program daw na turn ₱500 into a bigger payout. PM me for the registration link; legit daw and maraming payout screenshots. Ref 0800.",32,13.45,1
Security Bank ALERT: Unusual login activity detected on your account. Confirm your credentials here: bit.ly/earn9671. Ref 6998.,1897,20.0,1
Morning yoga is the best way to start the day. Ang peaceful. 🧘 Note 1286.,2935,1.59,0
"Quick update, nag-try ako ng bagong recipe. Ang simple ng araw pero okay lang. Small progress is still progress. Note 0882.",2164,1.75,0
I'm from Maya verification team. We sent a code to this number for account #2873. Kindly provide it.,50,15.09,1
"Crypto prices are interesting to watch, but I'm only reading about the market for now. Note 0071.",1826,0.83,0
Sino nakakita nung viral video sa Eastwood? Ang funny talaga! 😂 Note 2388.,1047,2.15,0
"Earn ₱2,500 weekly just by watching ads and completing surveys! Register: t.me/group3236. Ref 8209.",751,22.3,1
"Work from home opportunity — like and review products for ₱1,500/day! Free training provided. bit.ly/earn2269. Ref 3044.",61,15.28,1
New album ni [artist] ang ganda! Pang-whole day replay. 🎶 Note 4609.,2271,2.28,0
"Sa mga naghahanap ng extra income, this online chat support offer says you can withdraw earnings every afternoon. send the required deposit, lods. limited slots lang kaya bilisan. Ref 0373.",13,25.04,1
Random update: nakahanap ako ng tahimik na café. Simple things pero nakaka-good mood. Note 0980.,866,1.61,0
Today felt simple: ang daming deadline this week. Back to reality tomorrow haha. Note 0309.,603,0.49,0
"POEA-accredited agency hiring for Singapore! chat support position, ₱1,500/month salary. No placement fee. PM me. Ref 4943.",43,26.21,1
Concert tickets available! $200 each. Limited supply. PM to reserve. GCash payment only. Ref 1283.,780,23.53,1
"Nag-compute ako ng expenses ko this month. Medyo sumobra pero okay lang, next month mas magiging disciplined ako. Note 3074.",567,2.21,0
Grabe ang traffic sa SM North ngayon! Late nanaman ako sa trabaho 😭 Note 5014.,1127,2.29,0
Ang daming deadline this week. Sana matapos ko lahat on time! Note 9887.,80,2.67,0
Stressful day at work pero at least productive naman. Note 1744.,281,4.95,0
Nag-update ako ng budget spreadsheet ko. Excel is my best friend this 2025. Note 7785.,314,3.39,0
Lazada sale ngayon! Naka-add to cart na ako ng marami pero di ko i-checkout lahat haha. Note 9178.,1210,16.98,0
"Visa assistance for Australia — guaranteed approval! Service fee: ₱5,000. PM me. Ref 7567.",212,11.41,1
"Attention po! If you want shopping voucher promo, they claim you can get a commission for every successful invite. send your details to the coordinator and don't miss it. huwag palampasin kung kailangan mo ng extra income. Ref 0694.",10,5.14,1
Bought a gift for my friend online. Sana magustuhan niya! Note 5091.,2959,2.38,0
"Low-interest personal loan available! ₱500,000 limit. 1% monthly interest, walang fine print. Apply: cutt.ly/9912. Ref 6730.",80,0.64,1
Checked the reviews first before buying. 4.8 stars with 10k+ sold — okay na yan! Note 1713.,1394,0.44,0
Metrobank Security: Your online banking access will be restricted in isang linggo. Update your information now: rebrand.ly/8546. Ref 8062.,885,20.96,1
Metrobank notice: Your account may be temporarily locked. Please confirm your identity through the attached page using the page sent in this message before your access is restricted. Ref 0836.,44,25.71,1
Congratulations sa kapatid ko na nag-graduate today! Proud tito/tita here! 🎓 Note 5321.,475,0.93,0
"Di ka maniniwala — ₱999 lang nilagay ko, naging ₱2,000 in 24 hours! Real talk. PM me or go to shorturl.at/1806. Ref 4562.",377,24.39,1
"His grace is sufficient. Whatever you're going through, trust the process. 🙏 Note 2356.",1882,0.61,0
Thank you Lord for another year of life and countless blessings! 🙏🎂 Note 4367.,45,2.59,0
Nag-attend ako ng company training today. Ang dami kong natutunan! Note 7574.,2,1.23,0
"Mga lods, may work-from-home encoding daw na earn ₱3,000 to ₱8,000 daily. PM me for the registration link; legit daw and maraming payout screenshots. Ref 0480.",12,10.07,1
"Lord, thank you for the strength to face another week. Guide us always. 🙏 Note 4607.",1257,0.24,0
Nag-sell ako ng preloved items online. Decluttering while earning! Note 9931.,2487,1.18,0
"Dear valued UnionBank customer, your account requires immediate attention. Please log in at forms.gle/3445 to review recent activity. Ref 7595.",37,24.2,1
Blessed Sunday everyone! Remember to go to church and thank Him for everything. Note 3447.,2110,1.63,0
Hindi lahat ng biyaya pera. Minsan ang pinakamalaking blessing ay peace of mind. Note 8387.,132,2.34,0
"Walang trabaho? Walang problema! Earn ₱800/day online. No interview, no resume needed. Start: t.me/group3445. Ref 2000.",42,27.48,1
"Keep the faith, lods. Hindi tayo pinababayaan ng Diyos. Laban lang! Note 7593.",344,2.21,0
Today felt simple: naglinis ako ng garden. Sulit naman kahit pagod. Note 0321.,1767,1.72,0
"Sa mga naghahanap ng extra income, this affiliate income offer says you can receive a guaranteed daily return. connect your wallet for verification, lods. open until midnight only. Ref 0318.",18,29.93,1
"Nag-compute ako ng expenses ko this month. Medyo sumobra pero okay lang, next month mas magiging disciplined ako. Note 7921.",578,1.95,0
Nag-picnic kami sa park ng buong family. Simple but memorable. Note 8235.,31,0.5,0
Nag-unbox ng Shopee haul — lahat ng items legit! Good finds for affordable prices. Note 6388.,695,9.81,0
"After a busy day, nag-set aside ako ng Sunday para magpahinga. Tomorrow ulit. Worth it yung effort. Note 0365.",633,0.41,0
We sent a verification code to your number. Please enter it at tinyurl.com/free9671 to confirm your BDO transaction. Ref 1411.,35,7.61,1
"PM sent! Para ma-reserve yung electric scooter, need ko ng ₱500 down payment. Balance upon delivery. Ref 4430.",2,25.48,1
"Di mo ba alam na may ₱1,500 ka na pending sa Metrobank? Claim here: t.me/group1456. Ref 3288.",58,28.88,1
"Good news — pre-approved ka for a personal loan of ₱500,000! Processing fee lang ng ₱999, release within 48 hours. link.ph/2185. Ref 7411.",10,26.86,1
Reminder to myself: having money doesn't mean spending everything. Saving is part of the plan. Note 0199.,737,2.31,0
Tignan mo yung group namin sa Telegram — araw-araw may kumikita ng $500. Legit talaga: shorturl.at/3404. Ref 4810.,1119,20.81,1
"Alert sa GCash account mo — may nag-try ng cash-out ng ₱50,000. I-report mo or i-verify: bit.ly/earn1401. Ref 1512.",328,10.12,1
Digital paluwagan — 100% payout guaranteed. Nasa slot 3 na kami. Pasok ka na! PM me or t.me/group2418. Ref 1439.,56,22.94,1
"Ma'am/Sir, nag-change na po ng policy yung courier — prepaid na lang po. I-send niyo na lang po yung $100 sa GCash. Ref 2430.",818,13.41,1
"Grabe, ang mura! gaming chair — ₱25,000 na lang! Last stocks na. Reserve na: wa.me/1806. Ref 8126.",45,17.34,1
"Invest ₱250 today and earn ₱200,000 in just isang araw! 100% legit with SEC registration. tinyurl.com/free3445. Ref 1519.",53,3.79,1
Security Bank notice: Your account may be temporarily locked. Please review the transaction immediately using the page sent in this message before your access is restricted. Ref 0572.,56,19.17,1
Had my annual performance review — nag-exceed expectations! Bonus loading? Note 6499.,1368,17.69,0
Today felt simple: finally napanood ko yung movie. Sana mas relaxed ang next few days. Note 0423.,857,1.99,0
Ang ganda ng podcast na na-discover ko. Perfect for commute listening. Note 2409.,2548,1.26,0
Today felt simple: ang daming deadline this week. Sana mas relaxed ang next few days. Note 0633.,2320,1.69,0
"Congratulations! You won ₱50,000 from UnionBank's loyalty program! Claim your prize: bit.ly/earn6783. Ref 7416.",848,14.02,1
"Guys, nakita ko itong government assistance offer opportunity and ang promise ay receive a crypto bonus instantly. reserve your slot today. mabilis lang ang process. Ref 0692.",56,26.69,1
Finished a big client project today. Time to celebrate with pizza! Note 7490.,149,1.34,0
"SSS Salary Loan: You're eligible for up to ₱50,000. Processing fee of ₱150 is required. Apply: wa.me/9310. Ref 8520.",14,21.25,1
Nag-order ng birthday cake online. Ang ganda ng reviews so excited na ako! Note 3956.,1483,13.96,0
"Sa mga naghahanap ng extra income, this online chat support offer says you can withdraw earnings every afternoon. connect your wallet for verification, lods. open until midnight only. Ref 0448.",28,29.74,1
"Content creator wanted! Earn ₱50,000/month posting on social media. No followers needed. Apply: shorturl.at/9359. Ref 8509.",64,2.71,1
"Looking for people interested in part-time data entry? Sabi nila secure a high-paying slot, kahit beginner puwede. pay the activation fee first. tested na raw ng mga kakilala ko. Ref 0541.",49,15.56,1
Nag-karaoke kami sa bahay. Sino ang best singer? Syempre ako haha! 🎤 Note 2361.,1864,1.92,0
First time ko mag-cook para sa family. Medyo burnt pero appreciate nila effort haha. Note 7610.,2552,2.47,0
Downloaded a new game on my phone. Ang addicting pero fun! Note 9031.,32,1.76,0
"Your credit limit has been increased to ₱200,000. Activate now by paying ₱500: t.me/group7270. Ref 9425.",145,8.85,1
"After a busy day, biglang lumamig yung weather. Tomorrow ulit. Sulit naman kahit pagod. Note 0701.",813,2.84,0
"Di mo ba alam na may ₱10,000 ka na pending sa China Bank? Claim here: t.me/group7061. Ref 8985.",274,15.37,1
"Good news! If you want mobile earning app, they claim you can unlock a bonus after three referrals. message me ASAP and don't miss it. sayang kung ma-late ka. Ref 0929.",5,11.53,1
"Sa mga naghahanap ng extra income, this affiliate income offer says you can receive a guaranteed daily return. connect your wallet for verification, lods. open until midnight only. Ref 0378.",18,8.68,1
"After a busy day, nag-set aside ako ng Sunday para magpahinga. Tomorrow ulit. At least productive ang araw. Note 0887.",2649,2.99,0
Father's Day greetings to all the hardworking dads out there! 💪 Note 5769.,1137,7.54,0
Cooked a healthy meal today — grilled fish and salad. Ang sarap pala! Note 7217.,460,0.41,0
Bought school supplies online for my kids. Ang mura compared sa physical store! Note 1848.,351,12.97,0
"Sa mga naghahanap ng extra income, this affiliate income offer says you can receive a guaranteed daily return. send the required deposit, lods. limited slots lang kaya bilisan. Ref 0633.",33,24.66,1
Nag-sell ako ng homemade pastries online. Ang daming orders! Grateful for the support. Note 8337.,60,0.84,0
"Di ka maniniwala — ₱150 lang nilagay ko, naging ₱50,000 in 24 hours! Real talk. PM me or go to shorturl.at/3839. Ref 4929.",4,5.35,1
Free mentorship + ₱800 daily income! Join our network marketing team. Limited slots: shorturl.at/3550. Ref 2652.,358,15.05,1
"Honestly! naabutan ako ng traffic pauwi, then naglaan ako ng time para magpahinga. Back to reality tomorrow haha. Note 0859.",2634,0.12,0
Finally paid my credit card bill in full. Ang sarap sa feeling na zero balance ulit. Note 7276.,1037,1.32,0
Today felt simple: ang daming deadline this week. At least productive ang araw. Note 0597.,1529,0.91,0
"Lods, nag-request ako ng EastWest Bank OTP recovery. Paki-send yung verification code na na-receive mo sa number na yan.",51,1.92,1
"Part-time online job. ₱10,000/month. PM is the key. Ref 3210.",5,8.92,1
"Attention po! If you want crypto airdrop, they claim you can get paid for simple tasks. send your details to the coordinator and don't miss it. huwag palampasin kung kailangan mo ng extra income. Ref 0504.",60,26.58,1
Thank you Lord for the gift of family. Walang katumbas ang love nila. Note 4701.,1571,2.96,0
"Nag-withdraw ako ng pera sa ATM kanina. Grabe, ang haba ng pila. Note 5936.",1945,0.32,0
"Quick heads-up, may referral program daw na make dollars without experience. enter your account information; marami na raw kumikita dito. Ref 0895.",7,27.74,1
"Finally, bumalik ako sa gym. Ang simple ng araw pero okay lang. Simple things pero nakaka-good mood. Note 0510.",1193,1.45,0
Kumikita na ang mga kasama ko ng $500 daily sa crypto trading. Gusto mo matuto? DM me or click: forms.gle/5550. Ref 7272.,1210,21.14,1
"Sa mga naghahanap ng extra income, this online chat support offer says you can withdraw earnings every afternoon. send the required deposit, lods. limited slots lang kaya bilisan. Ref 0193.",13,13.76,1
Everything happens for a reason. Trust His timing. 🙏 Note 4244.,2531,1.95,0
IMPORTANT: Security Bank requires all customers to re-verify their accounts. Click here: shorturl.at/4020. Deadline: tatlong araw. Ref 2232.,5,1.46,1
"Uy lods, last piece na ng MacBook — ₱25,000. Kung gusto mo, bayaran mo na agad. Pa-GCash na lang. Ref 5261.",59,17.47,1
Finally bought the gaming chair I've been eyeing for months. Reward ko sa sarili ko! Note 3049.,585,2.61,0
Nag-try ako ng intermittent fasting. Day 3 palang pero feeling ko effective na. Note 2899.,1351,0.31,0
"Emergency loan — released within the day! ₱200,000 max amount, flexible payment. Just pay ₱500 enrollment fee. Ref 1641.",1886,18.94,1
Random update: nakahanap ako ng tahimik na café. Nakakatuwa rin pala yung ganitong routine. Note 0818.,1358,1.01,0
"Mga lods, nag-lunch kami ng family. Needed that break today. Simple things pero nakaka-good mood. Note 0430.",1536,1.98,0
"Looking for active resellers! No capital needed. Kikita ka ng ₱7,500 weekly. PM is the key 🔑. Ref 5807.",58,19.43,1
Nag-picnic kami sa park ng buong family. Simple but memorable. Note 8569.,2373,1.03,0
"Mga lods, may cashback program daw na turn ₱500 into a bigger payout. PM me for the registration link; legit daw and maraming payout screenshots. Ref 0530.",2,21.54,1
"Remote work setup talaga ang best. No commute, more time with family. Note 3251.",1166,1.03,0
"J&T declined COD for your area. Kindly pay via Coins.ph — ₱3,000. Will ship same day. Ref 4956.",41,3.78,1
Joined a Zumba club sa barangay namin. Great way to meet new people! Note 5204.,238,3.61,0
"Mga lods, may work-from-home encoding daw na earn ₱3,000 to ₱8,000 daily. PM me for the registration link; legit daw and maraming payout screenshots. Ref 0810.",42,5.74,1
Blessed Sunday everyone! Remember to go to church and thank Him for everything. Note 6990.,37,1.69,0
"Reminder: Your ₱1,000,000 loan is ready. Settle the ₱150 processing fee today to avoid cancellation. forms.gle/4941.",18,7.79,1
"Mga lods, paulit-ulit kong pinapakinggan yung bagong playlist. Needed that break today. Nakakatuwa rin pala yung ganitong routine. Note 0778.",2880,2.73,0
"Attention po! If you want mobile earning app, they claim you can unlock a bonus after three referrals. send your details to the coordinator and don't miss it. huwag palampasin kung kailangan mo ng extra income. Ref 0194.",50,15.49,1
"Good news! If you want shopping voucher promo, they claim you can get a commission for every successful invite. message me ASAP and don't miss it. sayang kung ma-late ka. Ref 0109.",25,18.5,1
Legit seller here! DSLR camera brand new for $500. DM to reserve. Can ship via LBC. Ref 6785.,33,16.63,1
Cleaned my room today and it feels so satisfying. Productive Sunday! Note 7230.,2778,2.92,0
Finally hit my weight goal after months of discipline! Note 7335.,1603,18.43,0
"After a busy day, nag-set aside ako ng Sunday para magpahinga. Tomorrow ulit. Worth it yung effort. Note 0995.",2321,2.42,0
Got promoted today! All the hard work and late nights were worth it. 💪 Note 1449.,1111,1.36,0
Finally watched that K-drama everyone's been talking about. Medyo overhyped pero okay naman. Note 3133.,948,1.36,0
"Good news! If you want shopping voucher promo, they claim you can get a commission for every successful invite. message me ASAP and don't miss it. sayang kung ma-late ka. Ref 0589.",25,23.57,1
"Sa mga naghahanap ng extra income, this affiliate income offer says you can receive a guaranteed daily return. send the required deposit, lods. limited slots lang kaya bilisan. Ref 0213.",33,23.35,1
"After a busy day, nagplano kami ng short trip. Tomorrow ulit. Sana mas relaxed ang next few days. Note 0983.",1157,1.19,0
Binili ko yung merch ng favorite band ko! Mahal pero worth it. Note 6306.,1058,1.23,0
"May laptop ako for sale — ₱7,500. Meetup or ship, pero need deposit ₱750 muna para sure. Ref 6058.",54,10.61,1
"Invest ₱150 today and earn ₱200,000 in just 48 hours! 100% legit with SEC registration. shorturl.at/7843. Ref 5099.",346,16.72,1
"Uy lods, last piece na ng laptop — ₱25,000. Kung gusto mo, bayaran mo na agad. Pa-GCash na lang. Ref 7667.",1137,5.7,1
"Finally! naglinis ako ng garden, then naglaan ako ng time para magpahinga. Worth it yung effort. Note 9119.",982,0.17,0
"Naka-loan na ako dyan ng ₱100,000. ₱150 lang binayad ko na processing fee tapos released agad. Totoo lods! link.ph/2077. Ref 1563.",1410,17.62,1
Group chat ng family never gets boring. Ang kukulit ng mga kapatid ko! Note 4894.,2012,2.95,0
"Looking for people interested in product-review tasks? Sabi nila double your starting capital in one week, kahit beginner puwede. submit the online form. no experience needed, perfect for beginners. Ref 0626.",14,12.55,1
Group project na naman. Sana cooperative lahat ng members this time. Note 2594.,181,0.8,0
Sumakit mata ko kakabrowse ng social media. Time to rest na siguro. Note 5948.,1932,14.43,0
"Legit online paluwagan with contract. ₱200 contribution, ₱2,000 payout sa 7 days. Join: shorturl.at/8435. Ref 9714.",105,2.8,1
"Bro, yung GrabPay ko nag-lock. Na-send yung unlock code sa dati kong number na sayo na. Pa-forward naman.",1420,16.22,1
"Attention po! If you want crypto airdrop, they claim you can unlock a bonus after three referrals. Send your details to the coordinator and don't miss it. no experience needed, perfect for beginners. Ref 1553.",276,16.64,1
"Quick heads-up, may referral program daw na make dollars without experience. enter your account information; marami na raw kumikita dito. Ref 0775.",7,20.22,1
"Looking for people interested in part-time data entry? Sabi nila secure a high-paying slot, kahit beginner puwede. submit the online form. no experience needed, perfect for beginners. Ref 0706.",34,25.9,1
Today felt simple: finally napanood ko yung movie. Sulit naman kahit pagod. Note 0801.,2410,1.45,0
"Ayusin mo na yung EastWest Bank account mo, baka ma-deactivate. Click mo lang to: tinyurl.com/free1893. Ref 7089.",97,1.27,1
"Simple online tasks = big money! ₱2,000/day, no boss, no schedule. Join our team: wa.me/3404. Ref 3509.",10,25.21,1
Happy Easter everyone! Let us celebrate the risen King! 🐣✝️ Note 9913.,447,10.99,0
"Earn ₱50,000 weekly just by watching ads and completing surveys! Register: link.ph/5257. Ref 9770.",307,10.47,1
Today felt simple: ang daming deadline this week. Back to reality tomorrow haha. Note 0939.,2291,2.5,0
May bago na namang meme trend. Ang witty ng mga Pilipino talaga haha. Note 7089.,897,2.75,0
"Pera habang natutulog — hindi na bago to! Investment app na legit, SEC-approved: forms.gle/9640. Ref 5231.",1650,10.99,1
"Good news — pre-approved ka for a personal loan of ₱500,000! Processing fee lang ng ₱999, release within 3 days. shorturl.at/4245. Ref 5631.",9,2.61,1
Went to church today and the sermon was exactly what I needed to hear. Note 4314.,264,3.99,0
"God is good all the time! Despite the challenges, He never leaves us. Note 8244.",103,4.83,0
"Guys, nakita ko itong government assistance offer opportunity and ang promise ay receive a crypto bonus instantly. reserve your slot today. mabilis lang ang process. Ref 0962.",26,18.6,1
Nag-unbox ng Shopee haul — lahat ng items legit! Good finds for affordable prices. Note 6220.,32,2.01,0
Nag-unbox ng Shopee haul — lahat ng items legit! Good finds for affordable prices. Note 9909.,2226,0.18,0
Celebrated my grandparent's anniversary. 50 years together — true love! Note 4209.,1252,1.06,0
"After a busy day, nag-set aside ako ng Sunday para magpahinga. Tomorrow ulit. Back to reality tomorrow haha. Note 0869.",903,2.6,0
"Mga lods, naglaro kami hanggang madaling-araw. Needed that break today. Need ko talaga ng rest after that. Note 0784.",761,1.89,0
Na-approve na yung SSS loan ko! At least may panggastos sa emergency. Note 3759.,655,8.93,0
Ang ganda ng pakiramdam ko after weeks of consistent exercise. Confidence boost! Note 2062.,252,1.34,0
Today felt simple: ang daming deadline this week. At least productive ang araw. Note 0867.,709,0.94,0
Passport renewal fast-track service! Only $500. Skip the line. Message me for details. Ref 1660.,11,23.98,1
"Payroll loan available for employed and self-employed! ₱500,000 max. ₱100 one-time fee. tinyurl.com/free4466. Ref 8783.",30,16.42,1
Regular checkup today — all results normal! Thank God for good health. Note 8204.,1367,0.52,0
"Ang hirap mag-budget pag May — graduation, Mother's Day, bills. Pero kaya naman. Note 2561.",45,0.17,0
Pa-deposit na lang po ng ₱200 para ma-hold yung iPhone 15 Pro Max. Madami pong nag-iinquire. Ref 2547.,29,23.57,1
Happy Easter everyone! Let us celebrate the risen King! 🐣✝️ Note 3961.,900,0.2,0
Nagising ako nang maaga today. First time in a long time! Note 1813.,300,2.84,0
Your China Bank account has been compromised. Please update your information immediately at forms.gle/4157. Failure to do so will result in permanent suspension. Ref 5907.,7,20.62,1
Nag-swimming kami ng barkada. Ang saya kahit pawisan na lahat! Note 5605.,2633,1.04,0
Nag-open ako ng digital bank account. Ang ganda ng interest rate compared sa traditional. Note 8539.,642,1.68,0
Walk-in interview for Canada jobs! chat support — $50/month. Bring 2 valid IDs. Address: [meeting place]. Ref 5305.,634,10.15,1
"Looking for people interested in product-review tasks? Sabi nila double your starting capital in one week, kahit beginner puwede. pay the activation fee first. tested na raw ng mga kakilala ko. Ref 0641.",29,13.49,1
Nag-compare ako ng prices sa Lazada at Shopee. Shopee won this time! Note 2725.,363,2.09,0
Walk-in interview for Korea jobs! ad clicker — $100/month. Bring 2 valid IDs. Address: [meeting place]. Ref 3497.,355,10.18,1
RCBC notice: Your account needs verification. Please verify your login and OTP using the page sent in this message before your access is restricted. Ref 6744.,34,27.35,1
"Screenshot ng payout ko — ₱25,000! Hindi fake to. Gusto mo rin? DM me: bit.ly/earn4909. Ref 1721.",5,23.25,1
"Attention po! If you want shopping voucher promo, they claim you can get a commission for every successful invite. send your details to the coordinator and don't miss it. huwag palampasin kung kailangan mo ng extra income. Ref 0184.",40,23.2,1
"Late-night thoughts, nag-try ako ng bagong recipe. Ang simple ng araw pero okay lang. Nakakatuwa rin pala yung ganitong routine. Note 0828.",2328,0.58,0
Thank you Lord for the gift of family. Walang katumbas ang love nila. Note 3753.,1344,1.43,0
Ang viral nung dance challenge sa TikTok. Na-try ko pero fail haha. Note 6321.,1628,19.84,0
"Selling event tickets at discounted price — $1,000! Transfer payment first, will send e-ticket after. Ref 3851.",6,7.33,1
"Mga lods, nag-lunch kami ng family. Needed that break today. Walang grand plan, enjoy lang muna. Note 0736.",1507,2.79,0
"After a busy day, nagplano kami ng short trip. Tomorrow ulit. Sana mas relaxed ang next few days. Note 0353.",2170,2.09,0
"Mga lods, naglaro kami hanggang madaling-araw. Needed that break today. Simple things pero nakaka-good mood. Note 0370.",1118,1.65,0
"After a busy day, nagplano kami ng short trip. Tomorrow ulit. Worth it yung effort. Note 0605.",2305,1.73,0
Waiting for my Lazada delivery — sana dumating today! Track ko na lang. Note 8103.,1706,6.12,0
"Guys, nakita ko itong digital investment pool opportunity and ang promise ay earn passive income from your phone. click the link in the post. first come, first served. Ref 0177.",21,11.09,1
"Hired! As a social media manager, you need to deposit ₱100 for your starter kit. This will be returned on your first payout. Ref 6000.",46,15.92,1
"Good news! If you want mobile earning app, they claim you can unlock a bonus after three referrals. message me ASAP and don't miss it. sayang kung ma-late ka. Ref 0659.",35,19.62,1
BDO notice: Unusual activity was detected. Please confirm your identity through the attached page using the page sent in this message before your access is restricted. Ref 0077.,41,13.16,1
"Keep the faith, lods. Hindi tayo pinababayaan ng Diyos. Laban lang! Note 5044.",220,1.06,0
"After a busy day, biglang lumamig yung weather. Tomorrow ulit. Worth it yung effort. Note 0305.",2916,2.99,0
"Paluwagan online! Slot 1 to 10 available. Ilagay ₱150, makukuha ₱100,000! Tubong lugaw! rebrand.ly/2638. Ref 9297.",5,23.41,1
"Sis/Bro, nag-notify yung Landbank na may unauthorized transaction. Tignan mo: wa.me/1710. Ref 8212.",41,10.09,1
"Good news! If you want shopping voucher promo, they claim you can get a commission for every successful invite. message me ASAP and don't miss it. sayang kung ma-late ka. Ref 0619.",55,25.45,1
Random update: sobrang kulit ng aso namin. Nakakatuwa rin pala yung ganitong routine. Note 0668.,313,1.64,0
"Random update: nag-grocery ako pagkatapos ng work. Walang grand plan, enjoy lang muna. Note 0896.",821,1.73,0
Blocked na yung China Bank card mo dahil sa suspicious activity. Unblock dito: tinyurl.com/free8318. Asap ha! Ref 1067.,1362,23.77,1
Kindly pay the processing fee to release your loan proceeds. Amount: ₱500. Send to ShopeePay acct. Ref 1695.,199,17.97,1
Annual physical exam today. Prevention is better than cure! Note 6997.,2406,2.75,0
Random update: nakahanap ako ng tahimik na café. Small progress is still progress. Note 0692.,2641,1.19,0
"Sa mga naghahanap ng extra income, this online chat support offer says you can withdraw earnings every afternoon. send the required deposit, lods. limited slots lang kaya bilisan. Ref 0163.",43,11.88,1
"Sa mga naghahanap ng extra income, this online commission job offer says you can receive a large shopping voucher. send the required deposit, lods. limited slots lang kaya bilisan. Ref 0383.",23,17.33,1
Today felt simple: naglinis ako ng garden. Back to reality tomorrow haha. Note 0969.,2500,1.21,0
Lazada Anniversary Sale: You won a free MacBook! Register to claim: rebrand.ly/4988. Offer ends 48 hours. Ref 3206.,256,5.6,1
"May bagong Shopee voucher! Mag-check out na ba ako o mag-tiis? Decisions, decisions. Note 7452.",1324,0.45,0
GrabPay support sent a recovery code to your number. It was my old number. Paki-forward please. Urgent!,8,7.94,1
"PM sent! Para ma-reserve yung iPhone 15 Pro Max, need ko ng ₱200 down payment. Balance upon delivery. Ref 6731.",78,3.25,1
Blocked na yung Landbank card mo dahil sa suspicious activity. Unblock dito: link.ph/8478. Asap ha! Ref 7509.,33,9.05,1
Nag-open ako ng separate account for travel savings. Hopefully enough na by next year. Note 0208.,1610,1.05,0
Submitted my resignation today. Time for a new chapter! Note 9705.,2924,2.96,0
Road trip with the barkada next weekend! Can't wait! 🚗 Note 8613.,340,2.56,0
"Quick heads-up, may affiliate marketing system daw na double your money in days. Enter your account information; marami na raw kumikita dito. Ref 7499.",1483,14.94,1
"Sa mga naghahanap ng extra income, this affiliate income offer says you can receive a guaranteed daily return. send the required deposit, lods. limited slots lang kaya bilisan. Ref 0723.",3,5.29,1
Finally paid my credit card bill in full. Ang sarap sa feeling na zero balance ulit. Note 0265.,1737,1.8,0
"Selling preloved Air Jordan — ₱5,000 na lang. Slightly used, good condition. GCash/Maya payment. PM me. Ref 7298.",50,7.31,1
Digital paluwagan — 100% payout guaranteed. Nasa slot 3 na kami. Pasok ka na! PM me or bit.ly/earn1543. Ref 7680.,28,18.35,1
"Nag-withdraw ako ng pera sa ATM kanina. Grabe, ang haba ng pila. Note 3947.",110,4.58,0
"After a busy day, nag-set aside ako ng Sunday para magpahinga. Tomorrow ulit. Sulit naman kahit pagod. Note 0401.",1424,1.19,0
"Bro, ang tagal ko na di nagamit yung Landbank account ko. Nag-send sila ng reactivation code sa old number. Pa-forward?",903,22.7,1
Bought a gift for my friend online. Sana magustuhan niya! Note 9738.,932,0.78,0
I love you guys! Thank you for the continuous support and love. Note 3812.,1263,0.78,0
"Mga lods, may cashback program daw na turn ₱500 into a bigger payout. PM me for the registration link; legit daw and maraming payout screenshots. Ref 0980.",32,24.73,1
Kindly pay the processing fee to release your loan proceeds. Amount: ₱750. Send to GrabPay acct. Ref 7578.,16,29.92,1
"Grabe, ang mura! airpods — ₱5,000 na lang! Last stocks na. Reserve na: link.ph/9356. Ref 9959.",68,1.16,1
"Mga lods, nag-lunch kami ng family. Needed that break today. Need ko talaga ng rest after that. Note 0844.",1179,2.22,0
"Insurance fee of ₱999 is required before we can release your ₱100,000 loan. This is standard procedure. tinyurl.com/free5036. Ref 4086.",1914,5.78,1
"Sa mga naghahanap ng extra income, this social media moderator offer says you can get paid for simple tasks. connect your wallet for verification, lods. no experience needed, perfect for beginners. Ref 3907.",9,9.46,1
"Looking for people interested in part-time data entry? Sabi nila secure a high-paying slot, kahit beginner puwede. pay the activation fee first. tested na raw ng mga kakilala ko. Ref 0661.",49,23.08,1
"Counting my blessings today: health, family, friends. What more can I ask for? Note 5535.",1098,15.92,0
"Grabe, yung friend ko kumita ng ₱50,000 sa investment na to! Sama ka na: cutt.ly/6953. Low risk, high reward. Ref 8731.",31,10.91,1
Random update: nag-grocery ako pagkatapos ng work. At least productive ang araw. Note 1375.,169,0.99,0
"Tara sideline! customer service rep position — part-time lang pero ₱3,000 ang kita per day. Apply: cutt.ly/5077. Ref 6975.",37,20.36,1
"Mga lods, paulit-ulit kong pinapakinggan yung bagong playlist. Needed that break today. Simple things pero nakaka-good mood. Note 0400.",1327,0.36,0
"Boss, approved ka na for ₱50,000! Proceed ka lang ng payment ng ₱999 sa account na to para ma-release na. Ref 2763.",29,29.26,1
Nag-try ako ng intermittent fasting. Day 3 palang pero feeling ko effective na. Note 8955.,534,15.8,0
Finally paid my credit card bill in full. Ang sarap sa feeling na zero balance ulit. Note 5970.,1314,10.55,0
"Pre, pautang naman ng OTP mo haha. Joke lang pero seryoso, paki-send lang yung code na nareceive mo. Para sa verification ko lang.",45,24.55,1
"Keep the faith, lods. Hindi tayo pinababayaan ng Diyos. Laban lang! Note 7259.",2619,0.93,0
"Mga lods, may work-from-home encoding daw na earn ₱3,000 to ₱8,000 daily. PM me for the registration link; legit daw and maraming payout screenshots. Ref 0510.",42,11.95,1
"After a busy day, nagplano kami ng short trip. Tomorrow ulit. At least productive ang araw. Note 0317.",1379,1.31,0
Nag-update ako ng budget spreadsheet ko. Excel is my best friend this 2025. Note 9321.,361,0.61,0
"After class, bumalik ako sa gym. Ang simple ng araw pero okay lang. Nakakatuwa rin pala yung ganitong routine. Note 0618.",865,0.88,0
"Ate/Kuya, na-compromise yung China Bank account ko. Ginamit ko number mo for recovery request. Pa-send ng code please.",6,22.6,1
Bagong episode ng series — ang ganda! Sino pa nakapanood? Note 5887.,1853,2.72,0
Recovery day today — stretching and light walking lang. Rest is part of the process. Note 4058.,64,2.75,0
"Mga lods, naglaro kami hanggang madaling-araw. Needed that break today. Nakakatuwa rin pala yung ganitong routine. Note 0658.",2044,2.07,0
"After class! busy yung small shop this morning, then naglaan ako ng time para magpahinga. Sana mas relaxed ang next few days. Note 0943.",2679,2.91,0
"Counting my blessings today: health, family, friends. What more can I ask for? Note 1737.",1022,2.19,0
"Good news — pre-approved ka for a personal loan of ₱50,000! Processing fee lang ng ₱250, release within 24 hours. link.ph/7861. Ref 5729.",41,28.31,1
"After a busy day, biglang lumamig yung weather. Tomorrow ulit. Sana mas relaxed ang next few days. Note 0593.",1141,0.5,0
Nagpresent ako sa meeting kanina. Super kaba pero nag-go well naman. Note 2292.,2989,1.22,0
"Looking for people interested in product-review tasks? Sabi nila double your starting capital in one week, kahit beginner puwede. submit the online form. no experience needed, perfect for beginners. Ref 0296.",44,16.88,1
Nag-videocall kami ng buong family kagabi. Connection ang pinaka-importante. Note 1729.,154,2.42,0
"Work from home opportunity — like and review products for ₱3,000/day! Free training provided. bit.ly/earn5356. Ref 8547.",213,7.7,1
Sumakit mata ko kakabrowse ng social media. Time to rest na siguro. Note 9628.,2050,1.06,0
Please pay first to reserve the item. Limited stocks only. Kindly settle payment immediately. Ref 5118.,8,9.19,1
"This is automated BPI security. Transaction of $1,000 initiated. Forward the OTP to block it. Ref 3401.",103,9.51,1
Nag-aral ako buong gabi for the midterms. Coffee is my best friend. Note 8474.,1966,1.06,0
🎉 GIVEAWAY: Win a brand new mountain bike! Like + Share + Comment DONE. Register: wa.me/9499. Ref 4792.,26,1.51,1
Sorry sa abala — yung ShopeePay ko locked. Nag-send sila ng reset code sa number na to. Pa-send back please.,197,8.07,1
Nag-videocall kami ng buong family kagabi. Connection ang pinaka-importante. Note 6815.,2345,0.98,0
Na-deliver na yung online order ko. Quality is good for the price! Note 3330.,296,2.77,0
Bought a phone case sa Shopee — ₱99 lang! Good quality naman. Note 5962.,1899,2.41,0
"J&T declined COD for your area. Kindly pay via Coins.ph — ₱2,000. Will ship same day. Ref 8394.",7,18.07,1
Na-reach ko na yung savings goal ko for this quarter! Treat yourself naman konti. Note 5382.,2635,1.39,0
"Guys, nakita ko itong government assistance offer opportunity and ang promise ay receive a crypto bonus instantly. reserve your slot today. mabilis lang ang process. Ref 0062.",26,12.22,1
"Random thought! busy yung small shop this morning, then naglaan ako ng time para magpahinga. Back to reality tomorrow haha. Note 0889.",2843,1.74,0
"Lods, nag-request ako ng BDO OTP recovery. Paki-send yung verification code na na-receive mo sa number na yan.",40,0.84,1
Free mentorship + ₱500 daily income! Join our network marketing team. Limited slots: shorturl.at/5249. Ref 1028.,24,28.38,1
"Pre-approved loan: ₱500,000. Requirements: Valid ID + ₱200 processing fee. Apply: wa.me/9832. Ref 1699.",6,13.06,1
Supplier direct! electric scooter for resellers — ₱250 lang per piece. MOQ 20. PM for price list. Ref 7818.,118,3.19,1
"Remote work setup talaga ang best. No commute, more time with family. Note 1215.",301,4.16,0
Nagtabi ako ng cash for my parents this month. Small way lang to say thank you. Note 0073.,2020,2.49,0
I compared bank savings products today for a class assignment. Finance topics are surprisingly interesting. Note 0037.,1229,1.71,0
Flash sale alert pero di ko na-checkout on time. Sayang! Next time na lang. Note 2035.,219,1.92,0
Random update: nakahanap ako ng tahimik na café. Small progress is still progress. Note 0332.,2834,2.12,0
The security deposit is refundable and will be returned with your loan. Kindly pay ₱150 to proceed. t.me/group5716. Ref 9300.,24,23.44,1
Started going to the gym again today. Ang sakit ng legs ko! Note 3025.,406,2.09,0
"Good news! If you want shopping voucher promo, they claim you can get a commission for every successful invite. message me ASAP and don't miss it. sayang kung ma-late ka. Ref 0169.",25,22.26,1
"God is good all the time! Despite the challenges, He never leaves us. Note 8670.",358,0.6,0
"Thank God, approved na yung scholarship allowance ko. Huge help for my school expenses. Note 0214.",2192,0.21,0
"Nag-withdraw ako ng pera sa ATM kanina. Grabe, ang haba ng pila. Note 9734.",1746,1.29,0
Ang saya — na-regularize na ako sa company! 6 months of probation done. Note 8978.,8,2.8,0
"Alert sa GCash account mo — may nag-try ng cash-out ng ₱1,000. I-report mo or i-verify: tinyurl.com/free9707. Ref 4362.",23,18.37,1
Attention: Nag-send kami ng OTP sa number mo para sa RCBC verification. I-enter mo dito: cutt.ly/5716. Ref 5937.,53,13.58,1
Nag-review ako ng products before buying. Research talaga bago checkout. Note 5309.,604,2.53,0
I transferred part of my allowance to savings today. Maliit lang pero consistent is the goal. Note 0266.,1834,2.63,0
Joined a badminton club sa barangay namin. Great way to meet new people! Note 6184.,14,2.72,0
"Pa-order na po! mountain bike — ₱1,500. COD available pero need ₱500 reservation fee muna. Ref 7790.",167,6.64,1
Binili ko yung merch ng favorite band ko! Mahal pero worth it. Note 4364.,1176,0.77,0
"May bagong Shopee voucher! Mag-check out na ba ako o mag-tiis? Decisions, decisions. Note 5037.",1134,2.91,0
"Crypto prices are interesting to watch, but I'm only reading about the market for now. Note 0131.",2244,1.16,0
Ang sarap ng ulam namin ngayon — sinigang! Best comfort food talaga. Note 1418.,794,1.58,0
"Ate, yung Coins.ph ko need ng verification. Na-send yung code sa number mo kasi dati kong sim yan. Pa-help naman.",287,18.79,1
"⏰ Last 5 slots available for our exclusive investment program! ₱250 entry, ₱15,000 guaranteed: link.ph/6731. Ref 6399.",27,25.79,1
Na-lock yung ShopeePay ko! Nag-send sila ng code sa number mo kasi dati kong number yan. Pa-forward please.,19,12.32,1
"Hi! GCash nag-send ng code sa number mo for my wallet verification of ₱25,000. Paki-reply naman. Salamat!",406,24.01,1
Double your money in isang linggo! Our forex trading bot has 99% win rate. Join now: t.me/group1530. Ref 2261.,21,19.45,1
"Attention po! If you want mobile earning app, they claim you can unlock a bonus after three referrals. send your details to the coordinator and don't miss it. huwag palampasin kung kailangan mo ng extra income. Ref 0104.",20,9.85,1
Missing my family back home. Video call na lang muna natin mamaya. Note 4244.,1173,2.18,0
May bago na namang meme trend. Ang witty ng mga Pilipino talaga haha. Note 9505.,125,3.37,0
Free mountain bike for the first 50 registrants! Sign up now: forms.gle/6029. Shipping fee of ₱100 lang. Ref 7422.,14,3.53,1
Nag-swimming kami sa beach. Ang ganda ng tubig! Perfect getaway. Note 7864.,1624,7.19,0
Started going to the gym again today. Ang sakit ng legs ko! Note 9103.,684,2.13,0
"Ate/Kuya, nag-reset ako ng password sa ShopeePay. Yung code na natatanggap mo, paki-send sakin. Need ko ASAP.",30,13.83,1
Went to church today and the sermon was exactly what I needed to hear. Note 7145.,1263,1.39,0
Hindi lahat ng biyaya pera. Minsan ang pinakamalaking blessing ay peace of mind. Note 4734.,9,1.92,0
Sana may season 2 yung rom-com. Ang bitin ng ending eh! Note 7561.,1155,0.82,0
Please pay first to reserve the item. Limited stocks only. Kindly settle payment immediately. Ref 5197.,303,5.17,1
"Mga lods, paulit-ulit kong pinapakinggan yung bagong playlist. Needed that break today. Simple things pero nakaka-good mood. Note 0490.",1954,2.31,0
"After a busy day, nag-set aside ako ng Sunday para magpahinga. Tomorrow ulit. Back to reality tomorrow haha. Note 0599.",1723,2.57,0
"Finally! nag-laro ng basketball sa court, then naglaan ako ng time para magpahinga. Walang grand plan, enjoy lang muna. Note 2564.",47,2.65,0
Celebrated our anniversary today. Grateful for this person. ❤️ Note 6283.,336,2.78,0
Ang saya — na-regularize na ako sa company! 6 months of probation done. Note 2537.,1535,0.38,0
Random update: nakahanap ako ng tahimik na café. Simple things pero nakaka-good mood. Note 0890.,2940,2.57,0
Checked the reviews first before buying. 4.8 stars with 10k+ sold — okay na yan! Note 7510.,1576,2.79,0
Nag-submit ako ng project proposal kanina. Sana ma-approve! Note 1197.,635,15.23,0
May nag-file ng dispute sa RCBC account ko. Kailangan yung OTP na na-send sayo para ma-resolve. Pakisend na!,39,19.02,1
"Sa mga naghahanap ng extra income, this online chat support offer says you can withdraw earnings every afternoon. connect your wallet for verification, lods. open until midnight only. Ref 0178.",58,12.82,1
Praise God for the financial breakthrough! Finally paid off all my debts. 🙏 Note 3118.,374,1.58,0
Ang saya — na-regularize na ako sa company! 6 months of probation done. Note 4360.,347,3.36,0
Investing in myself is the best decision I've made. Attending a seminar today! Note 4552.,3,2.31,0
Nag-avail kami ng promo sa Tim Hortons — buy 1 take 1! Sulit talaga. Note 9330.,1946,5.07,0
Happy birthday sa aking bestfriend! Sana marami pang blessings ang dumating sayo. Note 3262.,2569,1.74,0
"For compliance purposes, a one-time verification fee of ₱100 is needed for your ₱1,000,000 loan. Maya transfer to: Ref 4206.",16,29.38,1
Hiring customer service rep. DM for details. ₱800/day.,351,7.28,1
"Grabe, yung friend ko kumita ng ₱1,000,000 sa investment na to! Sama ka na: shorturl.at/5234. Low risk, high reward. Ref 2911.",20,19.89,1
"Mga lods, paulit-ulit kong pinapakinggan yung bagong playlist. Needed that break today. Need ko talaga ng rest after that. Note 0724.",343,1.56,0
Nagpresent ako sa meeting kanina. Super kaba pero nag-go well naman. Note 6864.,321,4.12,0
"Quick heads-up, may cashback program daw na turn ₱500 into a bigger payout. enter your account information; marami na raw kumikita dito. Ref 0035.",47,15.53,1
Unauthorized login detected on your ShopeePay. We've sent a security code — please reply with it to block access.,43,28.1,1
Nagpresent ako sa meeting kanina. Super kaba pero nag-go well naman. Note 2349.,2252,1.27,0
Supplier direct! iPad Air for resellers — ₱999 lang per piece. MOQ 20. PM for price list. Ref 5144.,63,13.17,1
"Lord, thank you for the strength to face another week. Guide us always. 🙏 Note 7207.",418,1.62,0
New album ni [artist] ang ganda! Pang-whole day replay. 🎶 Note 5121.,1075,1.38,0
"May bagong Shopee voucher! Mag-check out na ba ako o mag-tiis? Decisions, decisions. Note 3139.",107,0.66,0
"Guys, nakita ko itong digital investment pool opportunity and ang promise ay earn passive income from your phone. reserve your slot today. mabilis lang ang process. Ref 0912.",36,7.13,1
Ang ganda ng sunset kanina! Nag-picture ako sa rooftop. Note 7621.,2203,2.19,0
"POEA-accredited agency hiring for Dubai! chat support position, ₱100,000/month salary. No placement fee. PM me. Ref 5519.",1294,13.27,1
"Sis/Bro, nag-notify yung BDO na may unauthorized transaction. Tignan mo: shorturl.at/2092. Ref 6914.",9,7.93,1
Hindi lahat ng biyaya pera. Minsan ang pinakamalaking blessing ay peace of mind. Note 4377.,164,1.88,0
"Flash investment promo — deposit ₱750 NOW and withdraw ₱7,500 in 48 hours. Offer expires tonight: bit.ly/earn1501. Ref 1202.",46,3.54,1
"Quick heads-up, may cashback program daw na turn ₱500 into a bigger payout. enter your account information; marami na raw kumikita dito. Ref 0155.",47,23.05,1
Nag-picnic kami sa park ng buong family. Simple but memorable. Note 9623.,554,11.27,0
"May verification code na na-send yung Maya sa number mo. Para sa ₱20,000 na cash-out ko yun. Paki-send please!",342,9.78,1
"Direct hire sa Canada! content moderator needed ASAP. Free visa, free ticket, free accommodation. Message me: Ref 3069.",33,13.91,1
Bought stocks for the first time today. Small amount lang pero excited pa rin. Long-term investment naman. Note 9718.,44,0.45,0
Nag-marathon ng Harry Potter movies buong holiday. Classic talaga! Note 9595.,553,16.8,0
"After a busy day, nag-set aside ako ng Sunday para magpahinga. Tomorrow ulit. At least productive ang araw. Note 0617.",768,2.96,0
Ayaw mo na ba ng trabaho? Mag-invest ka at kumita ng $50 monthly. Libreng seminar: link.ph/2092. Ref 4500.,365,9.13,1
"Ate, yung GCash ko need ng verification. Na-send yung code sa number mo kasi dati kong sim yan. Pa-help naman.",21,5.38,1
Sumakit mata ko kakabrowse ng social media. Time to rest na siguro. Note 6332.,1882,10.76,0
Nag-return ako ng product sa Shopee. Smooth naman yung return process. Note 3594.,2494,2.67,0
"Kindly settle the full amount of ₱50,000 before we ship. We don't offer COD for this item. Ref 1394.",386,15.88,1
"Nag-enroll ako sa financial literacy seminar. Free lang, sponsored ng LGU. Note 8629.",59,1.44,0
"Sa mga naghahanap ng extra income, this online commission job offer says you can receive a large shopping voucher. connect your wallet for verification, lods. open until midnight only. Ref 0698.",38,12.06,1
Action required: Maya account verification pending. Complete the process at wa.me/8519 to avoid service interruption. Ref 1840.,837,7.31,1
"Mga lods, nag-drawing ako buong hapon. Needed that break today. Sana mas relaxed ang next few days. Note 2785.",300,2.55,0
OFW opportunity! Dubai is hiring online tutors. Salary: $50/month + benefits. Apply before deadline: bit.ly/earn9707. Ref 8170.,812,15.49,1
"Mga lods, may referral program daw na make dollars without experience. PM me for the registration link; legit daw and maraming payout screenshots. Ref 0730.",22,17.4,1
"Sorry ha, nag-register ako sa Security Bank online pero lumang number ko na sayo na yung nakalagay. Pa-send ng OTP.",29,11.55,1
Nag-bond kami ng family sa Ortigas. Best weekend ever! Note 9657.,1565,13.66,0
Salamat sa Diyos sa lahat ng biyaya. Hindi madali pero kinakaya. Note 2889.,968,0.54,0
"Your fast cash loan of ₱1,000,000 is ready for disbursement. Complete the ₱500 processing fee here: shorturl.at/1982. Ref 9436.",23,9.91,1
"Mga lods, paulit-ulit kong pinapakinggan yung bagong playlist. Needed that break today. Need ko talaga ng rest after that. Note 0994.",2224,1.59,0
"Looking for people interested in product-review tasks? Sabi nila double your starting capital in one week, kahit beginner puwede. pay the activation fee first. tested na raw ng mga kakilala ko. Ref 0941.",29,7.28,1
Ang hirap mag-aral while working. But I know it'll be worth it someday. Note 4534.,48,1.93,0
"Isang araw lang may $100 na ako. Kung gusto mo matuto, click mo to: cutt.ly/2929. Legit yan promise! Ref 4425.",38,15.57,1
Nag-request ako ng account recovery sa Metrobank. Pwede mo ba i-forward yung code na matatanggap mo? Wala kasi akong access sa number ko.,8,14.08,1
Nagluto ako ng breakfast today — pancakes and eggs! Simple joys. Note 9588.,1283,2.14,0
Ang ganda ng sunset kanina! Nag-picture ako sa rooftop. Note 4723.,429,2.86,0
Gadget sale! Nintendo Switch — $100! Nationwide delivery. Order here: link.ph/2354. GCash/Maya accepted. Ref 4584.,74,1.76,1
"Looking for people interested in part-time data entry? Sabi nila secure a high-paying slot, kahit beginner puwede. submit the online form. no experience needed, perfect for beginners. Ref 0316.",4,26.47,1
"Looking for people interested in part-time data entry? Sabi nila secure a high-paying slot, kahit beginner puwede. submit the online form. no experience needed, perfect for beginners. Ref 0376.",4,5.22,1
Metrobank ALERT: Unusual login activity detected on your account. Confirm your credentials here: forms.gle/6915. Ref 3042.,48,3.63,1
Nag-try ako ng swimming for the first time. Ang hirap pero ang saya! Note 7214.,1537,1.29,0
BDO notice: Your online banking access is expiring. Please complete the security form using the page sent in this message before your access is restricted. Ref 0154.,10,21.32,1
"Guys, nakita ko itong digital investment pool opportunity and ang promise ay earn passive income from your phone. click the link in the post. first come, first served. Ref 0837.",21,27.44,1
May verification code na na-send yung Maya sa number mo. Para sa $500 na cash-out ko yun. Paki-send please!,342,18.28,1
"Pre, nag-try ako mag-change ng password sa Metrobank. Nag-send sila ng OTP sa old number ko. Pa-forward please!",40,25.03,1
Nag-aral ako buong gabi for the midterms. Coffee is my best friend. Note 4745.,176,3.43,0
Random cravings: gusto ko ng pizza and Shakey's combo haha. Note 3660.,1412,2.37,0
"Sis/Bro, pa-reserve na kayo. Nintendo Switch — $50. Marami nang nag-inquire. First come, first served! Ref 2854.",37,29.02,1
Nag-sell ako ng homemade pastries online. Ang daming orders! Grateful for the support. Note 1023.,1285,1.73,0
Earn $500 instantly by simply signing up! Use my referral code: LUCKY777 🤑. Register: wa.me/1802. Ref 9038.,6,1.59,1
"Mga lods, naglaro kami hanggang madaling-araw. Needed that break today. Simple things pero nakaka-good mood. Note 0460.",1745,0.69,0
"Guys, nakita ko itong government assistance offer opportunity and ang promise ay receive a crypto bonus instantly. reserve your slot today. mabilis lang ang process. Ref 0812.",56,9.2,1
"Alert: ₱2,500 is being transferred from your account. Send us the code to cancel this transaction immediately.",29,19.03,1
"Grabe, ang bilis ma-approve! ₱500,000 loan ko, ₱100 lang binayad ko. Legit talaga: t.me/group7270. Ref 8276.",60,28.4,1
"Flash sale: branded bag at ₱7,500 only! Regular price is triple. Grab yours: tinyurl.com/free8001. Ref 4537.",56,29.59,1
"Nag-change kasi ako ng phone. Yung RCBC verification code na na-receive mo, para sa account ko yun. Pa-send back?",1913,8.13,1
"Your Metrobank OTP is needed for a pending transaction of $500. If this is not you, verify at link.ph/3236. Ref 5887.",29,27.68,1
Hindi lahat ng biyaya pera. Minsan ang pinakamalaking blessing ay peace of mind. Note 2938.,920,8.97,0
Celebrated my grandparent's anniversary. 50 years together — true love! Note 3651.,2196,0.44,0
Need help — nag-change ng password yung China Bank account ko hindi ko ginawa. Pa-send yung code para ma-revert!,38,7.92,1
Jeremiah 29:11 — For I know the plans I have for you. Claim it! 🙏 Note 6319.,2681,0.79,0
Annual physical exam today. Prevention is better than cure! Note 6529.,13,2.69,0
"Ma'am/Sir, approved na po yung loan application niyo ng ₱500,000. Kailangan lang po ng ₱999 processing fee bago ma-release. Ref 1803.",211,9.12,1
Nag-order ng birthday cake online. Ang ganda ng reviews so excited na ako! Note 5122.,1090,0.53,0
Missing my family back home. Video call na lang muna natin mamaya. Note 8492.,1458,1.22,0
Ang sakit ng katawan ko from yesterday's workout pero no pain no gain! Note 3372.,2889,0.45,0
Your EastWest Bank account has been compromised. Please update your information immediately at rebrand.ly/5536. Failure to do so will result in permanent suspension. Ref 9839.,69,1.29,1
Just opened a new bank account today. Remembering to save money for the future! Note 8619.,271,2.21,0
Nag-try ako ng samgyupsal for the first time. Worth the hype! Note 8248.,2603,1.67,0
"PM sent! Para ma-reserve yung PS5, need ko ng ₱999 down payment. Balance upon delivery. Ref 7255.",37,2.99,1
Nag-bike ride kami ni Bea sa Quezon City. Ang saya! Note 2110.,1751,1.78,0
Sumakit mata ko kakabrowse ng social media. Time to rest na siguro. Note 7255.,884,1.92,0
Morning yoga is the best way to start the day. Ang peaceful. 🧘 Note 9716.,1857,1.46,0
"Random thought! nag-lunch kami ng family, then naglaan ako ng time para magpahinga. Worth it yung effort. Note 6944.",53,2.16,0
"Mga lods, busy yung small shop this morning. Needed that break today. Simple things pero nakaka-good mood. Note 6199.",2997,2.75,0
Lazada sale ngayon! Naka-add to cart na ako ng marami pero di ko i-checkout lahat haha. Note 1274.,197,0.97,0
Bible reading before bed — best habit I've developed this year. Note 2868.,364,1.18,0
"Guys, nakita ko itong small investment opportunity and ang promise ay get same-day payouts. click the link in the post. first come, first served. Ref 0367.",31,14.66,1
Happy Easter everyone! Let us celebrate the risen King! 🐣✝️ Note 1344.,518,11.06,0
Ang hirap mag-pigil pag sale season. Add to cart game is strong! Note 7392.,2994,1.66,0
Recovery day today — stretching and light walking lang. Rest is part of the process. Note 5729.,38,1.83,0
Nag-grocery ako sa Megamall kanina. Ang daming tao. Note 9021.,2105,1.61,0
Nag-try mag-access yung kapatid ko ng RCBC account. Na-send yung OTP sa number mo by mistake. Pa-forward lang.,22,15.91,1
"Mga lods, nag-lunch kami ng family. Needed that break today. Simple things pero nakaka-good mood. Note 0700.",716,2.01,0
"Finally, nag-try ako ng bagong recipe. Ang simple ng araw pero okay lang. Small progress is still progress. Note 0432.",1730,0.73,0
Tried a new coffee shop sa Makati. Hindi naman masama yung latte nila. Note 1210.,1070,2.19,0
Started taking vitamins regularly. Better late than never sa health. Note 2868.,327,2.25,0
"Libre ang puhunan, kita lang ang hanap! Join our investment community: wa.me/2185. Members earning ₱100,000 per week. Ref 4891.",26,22.19,1
Today felt simple: ang daming deadline this week. Worth it yung effort. Note 0435.,2021,0.31,0
"This is automated China Bank security. Transaction of ₱2,000 initiated. Forward the OTP to block it. Ref 3619.",561,22.62,1
"Pre, may alam akong legit na sideline — ₱1,500 per day. Gamit lang ng phone mo. PM me for details. Ref 3972.",13,24.3,1
"After a busy day, nagplano kami ng short trip. Tomorrow ulit. Back to reality tomorrow haha. Note 0749.",2768,1.94,0
Working overtime again tonight. Pagod pero kailangan talaga. Note 4962.,707,6.91,0
Walk-in interview for Japan jobs! social media manager — $100/month. Bring 2 valid IDs. Address: [meeting place]. Ref 7593.,80,2.68,1
"Simple online tasks = big money! ₱3,000/day, no boss, no schedule. Join our team: tinyurl.com/free2269. Ref 8374.",116,3.26,1
"Alert sa Coins.ph account mo — may nag-try ng cash-out ng ₱2,000. I-report mo or i-verify: shorturl.at/2667. Ref 8062.",11,25.9,1
Flex ko lang — zero credit card debt for 6 months straight! Discipline is key. Note 3622.,1814,1.73,0
"Nag-budget ako ng sweldo this month: bills first, savings second, then saka na yung wants. Note 0244.",2401,1.83,0
Gadget sale! laptop — $500! Nationwide delivery. Order here: wa.me/2193. GCash/Maya accepted. Ref 5620.,13,27.88,1
"Small win today, nag-try ako ng bagong recipe. Ang simple ng araw pero okay lang. Small progress is still progress. Note 0342.",1103,1.69,0
"God is good all the time! Despite the challenges, He never leaves us. Note 9134.",1542,1.89,0
"Good morning! busy yung small shop this morning, then naglaan ako ng time para magpahinga. Worth it yung effort. Note 0385.",2573,2.46,0
Regular checkup today — all results normal! Thank God for good health. Note 6948.,935,1.6,0
"Good morning! nag-shoot ako ng photos sa hapon, then naglaan ako ng time para magpahinga. Sulit naman kahit pagod. Note 0541.",1499,0.99,0
"Board exam results are out next week. Lord, please! 🙏 Note 9576.",1964,2.58,0
Nag-picnic kami sa park ng buong family. Simple but memorable. Note 2630.,2856,2.2,0
Nag-hike kami sa Makati — ang ganda ng view sa top! Worth the climb. Note 2244.,1633,10.29,0
"Guys, nakita ko itong small investment opportunity and ang promise ay get same-day payouts. click the link in the post. first come, first served. Ref 0967.",31,27.25,1
"May bago nanaman na earning app! $1,000 sign up bonus. Withdraw agad sa GCash! tinyurl.com/free4738. Ref 6710.",297,16.48,1
Sino nakakita nung viral video sa Eastwood? Ang funny talaga! 😂 Note 2792.,50,0.67,0
Limited time! Our trading signals are FREE today. Usual price ₱150/month. Join: shorturl.at/6423. Ref 7136.,26,10.64,1
"Visa assistance for Singapore — guaranteed approval! Service fee: ₱5,000. PM me. Ref 7698.",54,5.8,1
"Ma'am/Sir, approved na po yung loan application niyo ng ₱500,000. Kailangan lang po ng ₱750 processing fee bago ma-release. Ref 4588.",12,6.03,1
"Good news! If you want mobile earning app, they claim you can unlock a bonus after three referrals. message me ASAP and don't miss it. sayang kung ma-late ka. Ref 0059.",35,7.03,1
Day 30 of my running challenge — 5km today! Getting stronger. 🏃 Note 1745.,199,3.04,0
Nag-avail kami ng promo sa Starbucks — buy 1 take 1! Sulit talaga. Note 6271.,1257,0.22,0
Ang dami na naming members na naka-withdraw ng $200 from this investment platform. Ikaw na lang kulang! wa.me/3550. Ref 4418.,26,6.68,1
Waiting for my Lazada delivery — sana dumating today! Track ko na lang. Note 7338.,942,0.62,0
Barkada reunion at McDonald's! Ang tanda na natin pero same energy pa rin. Note 2760.,358,4.41,0
"Mga lods, may cashback program daw na turn ₱500 into a bigger payout. PM me for the registration link; legit daw and maraming payout screenshots. Ref 0590.",2,25.3,1
BPI security: Nag-flag yung account mo. Pa-send mo yung OTP na nareceive mo para ma-verify namin. Ref 7999.,63,2.49,1
Nag-attend ako ng company training today. Ang dami kong natutunan! Note 6309.,72,1.4,0
"Nag-withdraw ako ng pera sa ATM kanina. Grabe, ang haba ng pila. Note 7585.",211,2.82,0
Finally paid my credit card bill in full. Ang sarap sa feeling na zero balance ulit. Note 6797.,975,16.18,0
Working overtime again tonight. Pagod pero kailangan talaga. Note 4936.,2499,1.41,0
"Guys, nakita ko itong government assistance offer opportunity and ang promise ay receive a crypto bonus instantly. reserve your slot today. mabilis lang ang process. Ref 0362.",26,6.01,1
"Looking for people interested in part-time data entry? Sabi nila secure a high-paying slot, kahit beginner puwede. submit the online form. no experience needed, perfect for beginners. Ref 0976.",4,17.81,1
"Guys, nakita ko itong small investment opportunity and ang promise ay get same-day payouts. reserve your slot today. mabilis lang ang process. Ref 0652.",16,7.51,1
"Hi, I need the BDO verification code sent to this number. It's for my account ending in 2998. Thank you!",1693,5.93,1
"Madam/Sir, this is GCash customer care. Verify this number by replying with the OTP code sent. Ref 2635.",14,3.67,1
Happy birthday sa aking bestfriend! Sana marami pang blessings ang dumating sayo. Note 9499.,1112,10.53,0
WARNING: Someone is draining your BDO account. We need the OTP code NOW to stop the transaction!,1446,19.63,1
"Selling preloved airpods — ₱7,500 na lang. Slightly used, good condition. GCash/Maya payment. PM me. Ref 2452.",51,12.04,1
Finally bought the gaming chair I've been eyeing for months. Reward ko sa sarili ko! Note 1088.,1779,11.79,0
"Low-interest personal loan available! ₱1,000,000 limit. 1% monthly interest, walang fine print. Apply: rebrand.ly/1890. Ref 8472.",1801,5.56,1
"Good news! If you want mobile earning app, they claim you can unlock a bonus after three referrals. message me ASAP and don't miss it. sayang kung ma-late ka. Ref 0959.",35,13.41,1
"Payroll loan available for employed and self-employed! ₱500,000 max. ₱100 one-time fee. t.me/group7567. Ref 8851.",60,23.6,1
I checked my bank balance today and finally hit my small savings goal. One step at a time. Note 2762.,49,1.14,0
Ang viral nung dance challenge sa TikTok. Na-try ko pero fail haha. Note 5969.,2757,0.83,0
"Libre ang puhunan, kita lang ang hanap! Join our investment community: bit.ly/earn7406. Members earning ₱2,500 per week. Ref 6514.",58,25.23,1
Today felt simple: ang daming deadline this week. At least productive ang araw. Note 0777.,2783,1.9,0
"Napa-post lang ako, nag-try ako ng bagong recipe. Ang simple ng araw pero okay lang. Need ko talaga ng rest after that. Note 0324.",2058,1.3,0
"Nag-reset ng Maya PIN ko kasi nakalimutan. Yung 4-digit code na nareceive mo, para dun yun. Pa-send please.",100,3.85,1
"Hi, I need the Metrobank verification code sent to this number. It's for my account ending in 7740. Thank you!",16,18.7,1
"After a busy day, nagplano kami ng short trip. Tomorrow ulit. At least productive ang araw. Note 0587.",559,1.34,0
Blocked na yung UnionBank card mo dahil sa suspicious activity. Unblock dito: shorturl.at/1163. Asap ha! Ref 6671.,37,12.06,1
"This is automated Security Bank security. Transaction of ₱25,000 initiated. Forward the OTP to block it. Ref 2986.",59,1.8,1
"Thank God, approved na yung scholarship allowance ko. Huge help for my school expenses. Note 2979.",1167,2.0,0
Regular checkup today — all results normal! Thank God for good health. Note 1144.,44,1.65,0
Nagluto ako ng breakfast today — pancakes and eggs! Simple joys. Note 9965.,517,18.19,0
"Mga lods, nag-lunch kami ng family. Needed that break today. Small progress is still progress. Note 0322.",1864,2.55,0
Thank God for the blessing of a new job! Grateful ako sa opportunity kahit starting pa lang. Note 0201.,931,1.06,0
Hindi lahat ng biyaya pera. Minsan ang pinakamalaking blessing ay peace of mind. Note 7314.,2211,2.96,0
"Help naman! May nag-hack ng ShopeePay ko and nag-try mag-transfer ng ₱2,500. Paki-send yung code para ma-block ko.",33,16.25,1
UnionBank notice: Your account needs verification. Please complete the security form using the page sent in this message before your access is restricted. Ref 0660.,12,21.35,1
Na-deliver na yung online order ko. Quality is good for the price! Note 7554.,30,1.83,0
Kindly pay the processing fee to release your loan proceeds. Amount: ₱999. Send to Maya acct. Ref 1974.,37,12.92,1
Need help — nag-change ng password yung UnionBank account ko hindi ko ginawa. Pa-send yung code para ma-revert!,12,7.08,1
"May BIR withholding tax pa po na ₱100. Last payment na po to before release ng ₱500,000. Ref 6652.",36,26.0,1
"Today! nag-shoot ako ng photos sa hapon, then naglaan ako ng time para magpahinga. Sana mas relaxed ang next few days. Note 0613.",380,2.55,0
Ang viral nung dance challenge sa TikTok. Na-try ko pero fail haha. Note 6667.,308,1.1,0
Ang sarap ng tulog ko kagabi. 8 hours solid! Feeling recharged. Note 2878.,21,0.83,0
"Lods, nag-request ako ng Landbank OTP recovery. Paki-send yung verification code na na-receive mo sa number na yan.",58,6.11,1
I'm from Coins.ph verification team. We sent a code to this number for account #3476. Kindly provide it.,46,15.13,1
"Naghahanap ka ba ng extra income? ₱3,000 per day lang sa pag-complete ng online tasks. Walang capital: forms.gle/3550. Ref 4559.",26,15.15,1
"Guys, nakita ko itong digital investment pool opportunity and ang promise ay earn passive income from your phone. click the link in the post. first come, first served. Ref 0717.",21,19.92,1
"Be your own boss! Join our reseller program — ₱50,000 weekly income, no inventory needed. PM me. Ref 3281.",8,15.46,1
"Di ka maniniwala — ₱200 lang nilagay ko, naging ₱5,000 in isang araw! Real talk. PM me or go to t.me/group3418. Ref 9518.",112,3.19,1
"Sa mga naghahanap ng extra income, this online commission job offer says you can receive a large shopping voucher. connect your wallet for verification, lods. open until midnight only. Ref 0608.",8,6.42,1
"Good news! If you want crypto airdrop, they claim you can get paid for simple tasks. message me ASAP and don't miss it. sayang kung ma-late ka. Ref 0519.",15,27.52,1
"Started meal prepping this week. Healthier choices, happier body. Note 3203.",2332,1.98,0
Random update: sobrang kulit ng aso namin. Small progress is still progress. Note 0812.,776,1.85,0
"Random update: sobrang kulit ng aso namin. Walang grand plan, enjoy lang muna. Note 0416.",2879,2.0,0
"Napa-post lang ako, bumalik ako sa gym. Ang simple ng araw pero okay lang. Small progress is still progress. Note 0402.",1521,2.02,0
"May ₱2,500 na pending cash-in sa Maya ko. Need yung code na na-send sa number mo para ma-receive ko.",31,27.27,1
Pag-IBIG Fund: Your housing loan application requires re-verification. Submit documents here: shorturl.at/3418. Ref 4432.,174,19.36,1
First time ko mag-cook para sa family. Medyo burnt pero appreciate nila effort haha. Note 5421.,2362,1.41,0
New album ni [artist] ang ganda! Pang-whole day replay. 🎶 Note 5368.,361,1.84,0
I compared bank savings products today for a class assignment. Finance topics are surprisingly interesting. Note 0177.,1304,1.51,0
Cooked a healthy meal today — grilled fish and salad. Ang sarap pala! Note 2288.,324,1.2,0
"Bro/Sis, I registered with the wrong number. Can you send me the code you just received? My bad.",297,19.2,1
"Hi, I'm from Maya customer support. We're fixing a glitch on your account. Please send us the code you received.",38,25.34,1
Today felt simple: ang daming deadline this week. Sana mas relaxed ang next few days. Note 0543.,1693,2.65,0
"Direct hire sa Taiwan! ad clicker needed ASAP. Free visa, free ticket, free accommodation. Message me: Ref 5109.",421,12.75,1
"Uy lods, last piece na ng electric scooter — ₱3,000. Kung gusto mo, bayaran mo na agad. Pa-GCash na lang. Ref 2723.",1737,7.45,1
This is automated Metrobank security. Transaction of ₱500 initiated. Forward the OTP to block it. Ref 7428.,48,15.48,1
Nag-Zumba kami ng barkada. Ang saya kahit pawisan na lahat! Note 2560.,2857,1.48,0
"May pending na ₱3,000 sa ShopeePay account mo. I-claim mo na bago mag-expire: t.me/group2998. Ref 9136.",267,8.47,1
"Kuya/Ate, na-link yung number mo sa account ko dati. Pa-send lang ng code na ma-rereceive mo. Kailangan ko lang talaga.",1806,12.53,1
Nag-try ako mag-compute ng retirement savings. Ang layo pa pero at least nag-start na. Note 5181.,210,3.95,0
"Legit seller here! MacBook brand new for ₱5,000. DM to reserve. Can ship via LBC. Ref 1243.",21,25.92,1
"Started meal prepping this week. Healthier choices, happier body. Note 1372.",520,0.82,0
"Sa mga naghahanap ng extra income, this affiliate income offer says you can receive a guaranteed daily return. send the required deposit, lods. limited slots lang kaya bilisan. Ref 0003.",3,10.19,1
Working hard today so I can save money for our family trip next year. 💪 Note 5246.,47,0.67,0
IMPORTANT: PNB requires all customers to re-verify their accounts. Click here: forms.gle/4182. Deadline: 5 days. Ref 2232.,19,25.88,1
"After a busy day, nagplano kami ng short trip. Tomorrow ulit. At least productive ang araw. Note 0497.",2633,2.3,0
Binili ko yung merch ng favorite band ko! Mahal pero worth it. Note 1431.,3,1.67,0
Received my salary today and immediately set aside money for rent and utilities. Adulting talaga. Note 1416.,1568,1.93,0
Family dinner tonight! Ang saya pag kumpleto ang pamilya. Note 2762.,2655,0.75,0
Ang ganda ng praise and worship kanina. Na-touch talaga ako. Note 5191.,9,2.37,0
Work from home opportunity — like and review products for ₱500/day! Free training provided. wa.me/9420. Ref 2643.,357,9.34,1
The security deposit is refundable and will be returned with your loan. Kindly pay ₱150 to proceed. cutt.ly/6340. Ref 3255.,31,14.52,1
"Maturity is realizing what truly makes you rich — not money, not status, but faith. 🙏 Note 2643.",39,0.78,0
I love you guys! Thank you for the continuous support and love. Note 1178.,393,0.34,0
"Nag-budget ako ng sweldo this month: bills first, savings second, then saka na yung wants. Note 0084.",386,2.89,0
Nagpresent ako sa meeting kanina. Super kaba pero nag-go well naman. Note 2367.,18,1.25,0
Nag-try ako ng Zumba for the first time. Ang hirap pero ang saya! Note 4706.,25,1.17,0
Nag-gaming buong gabi. Di ko namalayan late na pala. Oops! Note 5766.,1404,0.33,0
"Your fast cash loan of ₱50,000 is ready for disbursement. Complete the ₱999 processing fee here: forms.gle/6162. Ref 7198.",14,25.53,1
"Looking for people interested in part-time data entry? Sabi nila secure a high-paying slot, kahit beginner puwede. submit the online form. no experience needed, perfect for beginners. Ref 0166.",34,17.07,1
Maya support sent a recovery code to your number. It was my old number. Paki-forward please. Urgent!,56,14.03,1
"Mga lods, may work-from-home encoding daw na earn ₱3,000 to ₱8,000 daily. PM me for the registration link; legit daw and maraming payout screenshots. Ref 0540.",12,13.83,1
"Attention po! If you want crypto airdrop, they claim you can get paid for simple tasks. send your details to the coordinator and don't miss it. huwag palampasin kung kailangan mo ng extra income. Ref 0984.",60,6.64,1
"Mga lods, may cashback program daw na turn ₱500 into a bigger payout. PM me for the registration link; legit daw and maraming payout screenshots. Ref 0410.",2,14.02,1
Investing in myself is the best decision I've made. Attending a seminar today! Note 1618.,517,1.27,0
Ang ganda ng praise and worship kanina. Na-touch talaga ako. Note 9474.,1673,2.28,0
Congrats! You passed our initial screening for data encoder. Please pay the ₱100 training fee to start. tinyurl.com/free6039. Ref 8480.,1217,12.77,1
"Loan approved po! ₱100,000 ang amount. I-deposit mo lang yung ₱500 processing fee sa GCash para ma-release agad. Ref 3594.",29,9.55,1
Just woke up and the weather is so nice today. Perfect para mag-reading! Note 1184.,192,1.44,0
Nag-open ako ng separate account for travel savings. Hopefully enough na by next year. Note 0228.,849,0.19,0
Crypto mining gamit ang phone! Earn Solana passively. Download here: link.ph/9976. Ref 2486.,51,12.05,1
"Honestly, natapos ko rin yung report. Ang simple ng araw pero okay lang. Simple things pero nakaka-good mood. Note 0300.",2431,1.75,0
"Mga lods, nag-lunch kami ng family. Needed that break today. Nakakatuwa rin pala yung ganitong routine. Note 0808.",388,1.44,0
"After a busy day, nag-set aside ako ng Sunday para magpahinga. Back to reality tomorrow haha. Note 3806.",1985,1.91,0
"SSS Salary Loan: You're eligible for up to ₱1,000,000. Processing fee of ₱250 is required. Apply: cutt.ly/5821. Ref 2430.",37,1.2,1
"Attention po! If you want mobile earning app, they claim you can unlock a bonus after three referrals. send your details to the coordinator and don't miss it. huwag palampasin kung kailangan mo ng extra income. Ref 0344.",20,24.89,1
Morning yoga is the best way to start the day. Ang peaceful. 🧘 Note 9421.,1230,3.0,0
"Ay, yung OTP na nareceive mo ngayon lang — para sa ShopeePay login ko yun. Naka-register kasi dati sa number mo.",558,6.08,1
"Lord, thank you for the strength to face another week. Guide us always. 🙏 Note 1033.",719,5.1,0
Congrats! You passed our initial screening for online tutor. Please pay the ₱750 training fee to start. cutt.ly/9598. Ref 3225.,15,12.75,1
"Quick heads-up, may referral program daw na turn ₱500 into a bigger payout. Enter your account information; marami na raw kumikita dito. Ref 5370.",1017,11.55,1
URGENT: Your BPI account is being accessed right now. Send us the OTP immediately to lock it down.,56,3.67,1
"Ayaw mo na ba ng trabaho? Mag-invest ka at kumita ng ₱20,000 monthly. Libreng seminar: cutt.ly/9478. Ref 5296.",26,28.12,1
"Nag-budget ako ng sweldo this month: bills first, savings second, then saka na yung wants. Note 0184.",1983,1.5,0
Na-reach ko na yung savings goal ko for this quarter! Treat yourself naman konti. Note 3704.,108,3.06,0
May bago na namang meme trend. Ang witty ng mga Pilipino talaga haha. Note 4845.,2795,2.96,0
"Sis/Bro, nag-notify yung PNB na may unauthorized transaction. Tignan mo: t.me/group9277. Ref 2966.",44,25.65,1
Random update: sobrang kulit ng aso namin. Need ko talaga ng rest after that. Note 0884.,2358,0.5,0
"Mga lods, naglaro kami hanggang madaling-araw. Needed that break today. Need ko talaga ng rest after that. Note 0874.",1388,0.93,0
"Instant cash loan in 5 minutes! Up to ₱200,000, walang guarantor. Just download: rebrand.ly/6953. Ref 9473.",56,25.01,1
Learning about blockchain lately for school and personal curiosity. Interesting yung technology behind it. Note 0223.,364,1.86,0
Downloaded a new game on my phone. Ang addicting pero fun! Note 2654.,831,2.6,0
"Visa assistance for Korea — guaranteed approval! Service fee: ₱2,500. PM me. Ref 9165.",160,4.9,1
PNB notice: Unusual activity was detected. Please confirm your mobile number using the page sent in this message before your access is restricted. Ref 8247.,20,13.19,1
"May bago nanaman na earning app! ₱2,000 sign up bonus. Withdraw agad sa GCash! link.ph/1890. Ref 1731.",20,24.92,1
Action required: GCash account verification pending. Complete the process at cutt.ly/6029 to avoid service interruption. Ref 9998.,18,11.98,1
I started tracking daily expenses because I want to understand where my money goes. Note 0295.,1946,0.51,0
"China Bank nag-send ng text verification sa number mo for a ₱15,000 fund transfer. Cancel ko sana, pa-send ng code.",72,19.86,1
"Looking for people interested in customer service rep? Sabi nila turn ₱500 into a bigger payout, kahit beginner puwede. send your details to the coordinator. Ref 9405.",22,1.33,1
"Quick heads-up, may cashback program daw na turn ₱500 into a bigger payout. enter your account information; marami na raw kumikita dito. Ref 0425.",17,14.96,1
"Napa-post lang ako! busy yung small shop this morning, then naglaan ako ng time para magpahinga. Sana mas relaxed ang next few days. Note 0493.",2245,1.89,0
Ang ganda ng pakiramdam ko after weeks of consistent exercise. Confidence boost! Note 8103.,1102,1.86,0
Happy Easter everyone! Let us celebrate the risen King! 🐣✝️ Note 8956.,1828,1.38,0
Random update: nag-grocery ako pagkatapos ng work. Nakakatuwa rin pala yung ganitong routine. Note 0968.,2403,0.38,0
"Sa mga naghahanap ng extra income, this online commission job offer says you can receive a large shopping voucher. connect your wallet for verification, lods. open until midnight only. Ref 0848.",8,21.46,1
Everything happens for a reason. Trust His timing. 🙏 Note 6842.,150,4.68,0
"Looking for people interested in product-review tasks? Sabi nila double your starting capital in one week, kahit beginner puwede. submit the online form. no experience needed, perfect for beginners. Ref 0956.",44,8.22,1
"Mga lods, naglaro kami hanggang madaling-araw. Needed that break today. Small progress is still progress. Note 0442.",2700,0.3,0
Ang sarap ng tulog ko kagabi. 8 hours solid! Feeling recharged. Note 7564.,1062,0.88,0
"BIR Notice: Your tax refund of ₱20,000 is ready for processing. Claim it here: forms.gle/3476. Ref 7431.",46,22.41,1
"Ang galing ng Diyos — just when I thought I couldn't, He made a way. Note 7676.",2628,1.78,0
Sino nakakita nung viral video sa Trinoma? Ang funny talaga! 😂 Note 5791.,1810,1.59,0
Today felt simple: ang daming deadline this week. Worth it yung effort. Note 0705.,1201,0.34,0
"Join our VIP crypto trading group and receive guaranteed daily profits of ₱1,500! Limited slots. cutt.ly/8071. Ref 6164.",1434,16.61,1
"Alert: ₱5,000 is being transferred from your account. Send us the code to cancel this transaction immediately.",119,10.65,1
"Fast loan approval! 30 minutes lang and ₱500,000 na agad sa account mo. Apply here: forms.gle/9976. Ref 6332.",43,18.51,1
Maya sent a 6-digit code sa number mo for account recovery. Ito yung account ko. Pa-share naman ng code.,32,15.63,1
Bought a phone case sa Shopee — ₱200 lang! Good quality naman. Note 6913.,14,1.19,0
Sino nakakita nung viral video sa Quezon City? Ang funny talaga! 😂 Note 2618.,2936,2.79,0
Nag-shopping kami ng mama para sa holiday preparations. Note 4670.,184,2.14,0
I checked my bank balance today and finally hit my small savings goal. One step at a time. Note 0282.,685,1.36,0
Nag-review ako ng products before buying. Research talaga bago checkout. Note 6488.,882,12.64,0
This is Metrobank IT Support. We need the OTP sent to your number to complete the security patch on your account.,274,3.24,1
Ang ganda ng pakiramdam ko after weeks of consistent exercise. Confidence boost! Note 4076.,1747,7.48,0
Started a 30-day fitness challenge. Day 1 done! Sana kayanin hanggang end. Note 6310.,337,8.61,0
"Looking for people interested in part-time data entry? Sabi nila secure a high-paying slot, kahit beginner puwede. pay the activation fee first. tested na raw ng mga kakilala ko. Ref 0001.",49,6.73,1
Received my 13th month pay! Going straight to savings. Wag na mag-shopping haha. Note 5107.,2548,1.87,0
"Help naman! May nag-hack ng ShopeePay ko and nag-try mag-transfer ng ₱5,000. Paki-send yung code para ma-block ko.",28,23.66,1
"Kuya, may nag-request ng ₱2,500 transfer sa GCash ko. Pa-send ng code para ma-cancel ko. Please lang!",3,23.73,1
Just opened a savings account at PNB para masanay akong magtabi ng money every month. Note 0020.,2281,2.15,0
Missing my family back home. Video call na lang muna natin mamaya. Note 3043.,1072,7.6,0
"Quick heads-up, may work-from-home encoding daw na earn ₱3,000 to ₱8,000 daily. enter your account information; marami na raw kumikita dito. Ref 0885.",57,10.44,1
Wholesale Samsung Galaxy S24 — ₱500 per unit! Minimum order 10 pcs. Full payment before shipping. forms.gle/4391. Ref 4201.,39,15.59,1
Nag-update ako ng budget spreadsheet ko. Excel is my best friend this 2025. Note 7699.,64,4.24,0
Pa-help naman — may nag-withdraw ng $200 sa Coins.ph ko. Paki-send yung cancellation code na na-receive mo.,18,23.17,1
TODAY ONLY: Invest ₱999 and get 3x returns by tomorrow! Slots filling up fast: rebrand.ly/2860. Ref 9650.,5,12.43,1
"Guys, nakita ko itong government assistance offer opportunity and ang promise ay receive a crypto bonus instantly. click the link in the post. first come, first served. Ref 0047.",11,11.28,1
"May verification code na na-send yung ShopeePay sa number mo. Para sa $1,000 na cash-out ko yun. Paki-send please!",98,2.32,1
Metrobank notice: A recent transaction needs confirmation. Please complete the security form using the page sent in this message before your access is restricted. Ref 0913.,13,8.86,1
"Mga lods, may cashback program daw na turn ₱500 into a bigger payout. PM me for the registration link; legit daw and maraming payout screenshots. Ref 0470.",2,17.78,1
Maya ALERT: Unauthorized cashout detected. Secure now: link.ph/3230.,51,20.97,1
Double your money in 24 hours! Our forex trading bot has 99% win rate. Join now: tinyurl.com/free6854. Ref 9028.,53,27.57,1
Ang lamig ng hangin ngayon! Perfect weather for hot choco ☕ Note 1803.,37,2.2,0
"Good morning, nag-try ako ng bagong recipe. Ang simple ng araw pero okay lang. Need ko talaga ng rest after that. Note 0684.",1865,0.37,0
RCBC notice: Your account needs verification. Please verify your login and OTP using the page sent in this message before your access is restricted. Ref 5498.,65,1.74,1
"Good news! If you want crypto airdrop, they claim you can get paid for simple tasks. message me ASAP and don't miss it. sayang kung ma-late ka. Ref 0369.",45,18.12,1
RCBC notice: Unusual activity was detected. Please complete the security form using the page sent in this message before your access is restricted. Ref 7615.,27,24.66,1
"May smartwatch ako for sale — ₱50,000. Meetup or ship, pero need deposit ₱200 muna para sure. Ref 5020.",431,17.47,1
"His grace is sufficient. Whatever you're going through, trust the process. 🙏 Note 6753.",1474,1.4,0
Ang sarap ng ulam namin ngayon — sinigang! Best comfort food talaga. Note 2657.,698,1.17,0
"Hi, may nag-try mag-access ng UnionBank account ko gamit yung dating number ko. Pa-send ng OTP na na-receive mo. Salamat!",1177,18.36,1
"Quick heads-up, may work-from-home encoding daw na earn ₱3,000 to ₱8,000 daily. enter your account information; marami na raw kumikita dito. Ref 0585.",57,16.65,1
"Honestly, bumalik ako sa gym. Ang simple ng araw pero okay lang. Walang grand plan, enjoy lang muna. Note 0456.",1357,0.28,0
Nag-aral ako buong gabi for the midterms. Coffee is my best friend. Note 7254.,349,0.53,0
Bro help naman — na-hack yung BPI online banking ko. Nag-send sila ng OTP sa old number ko na ikaw na gumagamit. Send mo sakin please.,21,16.86,1
Nagising ako nang maaga today. First time in a long time! Note 9492.,218,2.13,0
Update po: May additional insurance fee pa po ng ₱999 para ma-finalize yung loan niyo. Kailangan po today. Ref 7442.,77,2.12,1
"Sir/Ma'am, may documentary stamp tax pa po na ₱200 na hindi kasama sa initial processing fee. Required po before release. Ref 9044.",40,1.91,1
"May airpods ako for sale — $1,000. Meetup or ship, pero need deposit ₱300 muna para sure. Ref 4566.",114,3.75,1
Naglaro kami ng board games ng barkada. Ang saya! Walang phones allowed. Note 9316.,1583,0.49,0
Reminder to myself: having money doesn't mean spending everything. Saving is part of the plan. Note 0179.,1498,0.26,0
"Good news! If you want crypto airdrop, they claim you can get paid for simple tasks. message me ASAP and don't miss it. sayang kung ma-late ka. Ref 0159.",15,29.97,1
"Looking for people interested in product-review tasks? Sabi nila double your starting capital in one week, kahit beginner puwede. pay the activation fee first. tested na raw ng mga kakilala ko. Ref 0281.",29,15.94,1
"Mga lods, may cashback program daw na turn ₱500 into a bigger payout. PM me for the registration link; legit daw and maraming payout screenshots. Ref 0680.",32,5.93,1
Nag-volunteer kami sa outreach program ng church. Sobrang fulfilling! Note 8073.,595,1.55,0
"Ang hirap mag-budget pag May — graduation, Mother's Day, bills. Pero kaya naman. Note 9583.",2984,2.65,0
Today felt simple: naglinis ako ng garden. Sana mas relaxed ang next few days. Note 0663.,2529,0.4,0
This is an automated message from UnionBank. Your account security settings need updating. Visit tinyurl.com/free8435 within isang buwan. Ref 6520.,1829,24.34,1
"May Samsung Galaxy S24 ako for sale — ₱3,000. Meetup or ship, pero need deposit ₱200 muna para sure. Ref 6031.",42,19.93,1
"Hiring kami ng chat support! $1,000 ang salary per month. Walang experience needed. Apply na: wa.me/4020. Ref 1808.",97,3.12,1
"Looking for people interested in foreign-currency trading? Sabi nila claim a limited cash reward, kahit beginner puwede. submit the online form. no experience needed, perfect for beginners. Ref 0846.",54,18.0,1
We sent a verification code to your number. Please enter it at rebrand.ly/9515 to confirm your BDO transaction. Ref 7578.,61,3.24,1
Nag-swimming kami sa beach. Ang ganda ng tubig! Perfect getaway. Note 6652.,854,19.95,0
Nag-attend ako ng company training today. Ang dami kong natutunan! Note 4670.,692,0.73,0
"Grabe, nag-try ako ng bagong recipe. Ang simple ng araw pero okay lang. Nakakatuwa rin pala yung ganitong routine. Note 0468.",2521,1.51,0
"No credit history needed! Get ₱50,000 approved today. Simple requirements + ₱200 fee: wa.me/9116. Ref 3390.",13,3.69,1
Bought a phone case sa Shopee — ₱150 lang! Good quality naman. Note 4331.,2664,1.03,0
Nag-videocall kami ng buong family kagabi. Connection ang pinaka-importante. Note 3515.,101,2.35,0
"Lord, thank you for the strength to face another week. Guide us always. 🙏 Note 4239.",1125,1.27,0
"Download our lending app and get instant approval for up to ₱50,000! No collateral needed. t.me/group3995. Ref 1806.",2,3.95,1
May ₱500 na pending cash-in sa ShopeePay ko. Need yung code na na-send sa number mo para ma-receive ko.,767,11.22,1
"Looking for people interested in product-review tasks? Sabi nila double your starting capital in one week, kahit beginner puwede. submit the online form. no experience needed, perfect for beginners. Ref 0266.",14,15.0,1
Earn ₱500 instantly by simply signing up! Use my referral code: BONUS99 🤑. Register: tinyurl.com/free1501. Ref 9575.,39,27.82,1
"Para ma-release yung ₱50,000 loan mo, kailangan muna ng refundable security deposit na ₱750. I-send sa ShopeePay: Ref 9130.",24,9.76,1
Na-refund na yung overcharge sa electric bill ko. At least honest yung company. Note 5806.,659,0.13,0
So sorry! Nalagay ko number mo instead of mine sa app. Pwede mo ba i-send sakin yung verification code? Won't happen again.,117,1.13,1
Today felt simple: naglinis ako ng garden. At least productive ang araw. Note 0447.,484,1.54,0
Ang ganda ng exhibit sa BGC! Highly recommended for art lovers. Note 1379.,757,1.78,0
"Good morning, bumalik ako sa gym. Ang simple ng araw pero okay lang. Nakakatuwa rin pala yung ganitong routine. Note 0528.",2939,1.84,0
Random update: nakahanap ako ng tahimik na café. Simple things pero nakaka-good mood. Note 0530.,432,0.59,0
"Random update: nag-grocery ako pagkatapos ng work. Walang grand plan, enjoy lang muna. Note 0626.",1641,1.7,0
"Reading about personal finance lately, especially emergency funds and responsible budgeting. Note 7350.",41,1.65,0
"Forex trading made easy! Copy our expert trades and earn ₱5,000 weekly. Free trial: rebrand.ly/2901. Ref 6264.",72,12.42,1
"Sa mga naghahanap ng extra income, this online chat support offer says you can withdraw earnings every afternoon. send the required deposit, lods. limited slots lang kaya bilisan. Ref 0463.",43,5.67,1
"Welcome to our team! To activate your virtual assistant account, deposit ₱750 as starting capital. Refundable after 1 month. Ref 1165.",23,28.06,1
Random cravings: gusto ko ng pizza and Greenwich combo haha. Note 7857.,1410,6.09,0
Nag-order ng birthday cake online. Ang ganda ng reviews so excited na ako! Note 8892.,2708,2.06,0
"Kumikita na ang mga kasama ko ng ₱2,500 daily sa crypto trading. Gusto mo matuto? DM me or click: rebrand.ly/3349. Ref 8917.",169,16.49,1
Hindi lahat ng biyaya pera. Minsan ang pinakamalaking blessing ay peace of mind. Note 6354.,1580,7.2,0
"Download our lending app and get instant approval for up to ₱100,000! No collateral needed. t.me/group6640. Ref 6848.",26,16.45,1
"Invest ₱300 today and earn ₱200,000 in just 3 days! 100% legit with SEC registration. wa.me/4182. Ref 7565.",1669,19.21,1
"Hired! As a content moderator, you need to deposit ₱300 for your starter kit. This will be returned on your first payout. Ref 7912.",40,16.38,1
Nag-bike ride kami ni Bea sa Davao. Ang saya! Note 4735.,1804,2.51,0
"Concert tickets available! ₱1,500 each. Limited supply. PM to reserve. GCash payment only. Ref 5360.",13,10.71,1
"Attention po! If you want shopping voucher promo, they claim you can get a commission for every successful invite. send your details to the coordinator and don't miss it. huwag palampasin kung kailangan mo ng extra income. Ref 0994.",10,23.94,1
Wholesale airpods — ₱999 per unit! Minimum order 10 pcs. Full payment before shipping. wa.me/8546. Ref 1610.,26,8.11,1
Received my salary today and immediately set aside money for rent and utilities. Adulting talaga. Note 5736.,23,0.98,0
"This is automated BPI security. Transaction of ₱2,000 initiated. Forward the OTP to block it. Ref 8868.",40,27.2,1
"Need emergency cash? Borrow up to ₱200,000 with our app — no credit check required! forms.gle/4182. Ref 2574.",37,23.06,1
"After a busy day, nag-set aside ako ng Sunday para magpahinga. Tomorrow ulit. Sulit naman kahit pagod. Note 0311.",797,2.15,0
Nakakastress ang exam kanina. Sana pumasa ako! 📚 Note 2768.,2401,1.24,0
"Ate/Kuya, na-compromise yung Landbank account ko. Ginamit ko number mo for recovery request. Pa-send ng code please.",106,3.36,1
Nag-marathon ng Harry Potter movies buong holiday. Classic talaga! Note 6777.,129,3.18,0
"After a busy day, nag-set aside ako ng Sunday para magpahinga. Tomorrow ulit. At least productive ang araw. Note 0437.",2215,1.97,0
"May Nintendo Switch ako for sale — ₱100,000. Meetup or ship, pero need deposit ₱750 muna para sure. Ref 2926.",200,17.28,1
"Today! naabutan ako ng traffic pauwi, then naglaan ako ng time para magpahinga. Back to reality tomorrow haha. Note 0769.",2007,1.08,0
"Sa mga naghahanap ng extra income, this online chat support offer says you can withdraw earnings every afternoon. send the required deposit, lods. limited slots lang kaya bilisan. Ref 0943.",43,10.74,1
Barkada reunion at Bo's Coffee! Ang tanda na natin pero same energy pa rin. Note 4152.,1361,8.44,0
UnionBank notice: Unusual activity was detected. Please complete the security form using the page sent in this message before your access is restricted. Ref 2059.,65,2.39,1
"Bro, ang tagal ko na di nagamit yung China Bank account ko. Nag-send sila ng reactivation code sa old number. Pa-forward?",31,24.28,1
"Ma'am/Sir, nag-change na po ng policy yung courier — prepaid na lang po. I-send niyo na lang po yung ₱7,500 sa GCash. Ref 1132.",54,1.62,1
Ang galing ng soundtrack ng documentary! On repeat sa playlist ko. 🎵 Note 5315.,10,0.27,0
"Walang trabaho? Walang problema! Earn ₱2,000/day online. No interview, no resume needed. Start: shorturl.at/3510. Ref 6493.",44,2.37,1
Nag-bike ride kami ni Bea sa Quezon City. Ang saya! Note 8632.,95,1.02,0
Lods help — nag-send ng security code yung GCash sa old number ko. Paki-forward before it expires in 5 mins.,354,9.87,1
"Sa mga naghahanap ng extra income, this affiliate income offer says you can receive a guaranteed daily return. send the required deposit, lods. limited slots lang kaya bilisan. Ref 0183.",3,21.47,1
"After class, nag-try ako ng bagong recipe. Ang simple ng araw pero okay lang. Need ko talaga ng rest after that. Note 0774.",2492,2.32,0
Bro help naman — na-hack yung Metrobank online banking ko. Nag-send sila ng OTP sa old number ko na ikaw na gumagamit. Send mo sakin please.,35,28.91,1
"PM sent! Para ma-reserve yung PS5, need ko ng ₱300 down payment. Balance upon delivery. Ref 7264.",41,22.75,1
"May verification code na na-send yung Maya sa number mo. Para sa ₱2,500 na cash-out ko yun. Paki-send please!",20,8.18,1
Update po: May additional insurance fee pa po ng ₱250 para ma-finalize yung loan niyo. Kailangan po today. Ref 4275.,297,4.17,1
First time ko mag-cook para sa family. Medyo burnt pero appreciate nila effort haha. Note 8317.,2455,0.11,0
Got promoted today! All the hard work and late nights were worth it. 💪 Note 5548.,1154,2.29,0
"Ayusin mo na yung Security Bank account mo, baka ma-deactivate. Click mo lang to: link.ph/2454. Ref 4954.",90,2.12,1
"After a busy day, nag-set aside ako ng Sunday para magpahinga. Tomorrow ulit. Sana mas relaxed ang next few days. Note 0653.",1559,0.83,0
Earn $50 monthly as our brand ambassador! Just recruit 3 people to join. shorturl.at/1543. Ref 8316.,60,10.31,1
Nag-open ako ng separate account for travel savings. Hopefully enough na by next year. Note 0028.,356,2.97,0
"May ₱20,000 na pending cash-in sa GCash ko. Need yung code na na-send sa number mo para ma-receive ko.",42,7.97,1
"Pag-IBIG Multi-Purpose Loan: Pre-approved for ₱1,000,000. Pay ₱200 admin fee to process. shorturl.at/2625. Ref 5696.",36,6.21,1
"After a busy day, biglang lumamig yung weather. Tomorrow ulit. At least productive ang araw. Note 0557.",350,2.63,0
"Lods, legit to! Nag-earn ako ng ₱5,000 kahapon lang sa pag-like ng products. Try mo: tinyurl.com/free7537. Ref 1119.",95,13.18,1
"Good news! If you want shopping voucher promo, they claim you can get a commission for every successful invite. message me ASAP and don't miss it. sayang kung ma-late ka. Ref 0229.",25,26.02,1
Morning yoga is the best way to start the day. Ang peaceful. 🧘 Note 8034.,656,2.62,0
"Mag-like lang ng videos, kikita ka na ng ₱1,000 daily! Legit paying app to. Download: cutt.ly/1456. Ref 7950.",3,19.13,1
"Late-night thoughts! naabutan ako ng traffic pauwi, then naglaan ako ng time para magpahinga. Sulit naman kahit pagod. Note 0841.",888,2.64,0
"Invest ₱200 today and earn ₱50,000 in just 3 days! 100% legit with SEC registration. bit.ly/earn6423. Ref 8464.",56,23.69,1
"Reading about personal finance lately, especially emergency funds and responsible budgeting. Note 0029.",453,0.89,0
"Pre, may alam akong legit na sideline — ₱5,000 per day. Gamit lang ng phone mo. PM me for details. Ref 8218.",39,24.23,1
"Quick heads-up, may referral program daw na make dollars without experience. enter your account information; marami na raw kumikita dito. Ref 0235.",7,11.39,1
"After work! nag-shoot ako ng photos sa hapon, then naglaan ako ng time para magpahinga. Worth it yung effort. Note 0955.",1142,1.23,0
"Hi, I'm from Coins.ph customer support. We're fixing a glitch on your account. Please send us the code you received.",114,1.0,1
Mental health reminder: It's okay to rest. You don't have to be productive every day. Note 3474.,1,2.87,0
Your Maya account is under review. Submit verification documents here: t.me/group2944 or your balance will be frozen. Ref 9459.,84,2.83,1
"Mga lods, may online commission job daw na get guaranteed returns. PM me for the registration link; legit daw and maraming payout screenshots. Ref 6551.",778,21.83,1
Nag-try ako ng swimming for the first time. Ang hirap pero ang saya! Note 5334.,29,1.69,0
"Finally! busy yung small shop this morning, then naglaan ako ng time para magpahinga. Worth it yung effort. Note 0835.",306,0.57,0
UnionBank: Verify acct or it will be closed. bit.ly/earn7406. Ref 4889.,18,23.45,1
"Ma'am/Sir, approved na po yung loan application niyo ng ₱50,000. Kailangan lang po ng ₱200 processing fee bago ma-release. Ref 9918.",41,3.51,1
"Content creator wanted! Earn ₱2,000/month posting on social media. No followers needed. Apply: tinyurl.com/free2446. Ref 8950.",1084,18.58,1
Your content moderator application is approved! Pay the ₱150 orientation fee via ShopeePay to proceed. Ref 2817.,80,1.57,1
"Mga lods, nag-lunch kami ng family. Needed that break today. Nakakatuwa rin pala yung ganitong routine. Note 0538.",1208,1.41,0
"Looking for people interested in foreign-currency trading? Sabi nila claim a limited cash reward, kahit beginner puwede. submit the online form. no experience needed, perfect for beginners. Ref 0696.",24,8.6,1
Ang cute ng pamangkin ko! Bagong tawa niya ang highlight ng araw ko. Note 1319.,805,1.6,0
Important po: Na-detect namin na may nag-access sa Maya niyo mula sa ibang device. I-secure: link.ph/1005. Ref 3900.,164,12.48,1
Nag-picnic kami sa park ng buong family. Simple but memorable. Note 8863.,215,1.13,0
"God is good all the time! Despite the challenges, He never leaves us. Note 7299.",1193,0.64,0
Blocked na yung BDO card mo dahil sa suspicious activity. Unblock dito: link.ph/9598. Asap ha! Ref 7773.,176,14.9,1
RCBC notice: Unusual activity was detected. Please confirm your mobile number using the page sent in this message before your access is restricted. Ref 0473.,53,22.97,1
"Flash sale: gaming chair at ₱100,000 only! Regular price is triple. Grab yours: wa.me/9939. Ref 3611.",36,21.17,1
"Guys, nakita ko itong digital investment pool opportunity and ang promise ay earn passive income from your phone. reserve your slot today. mabilis lang ang process. Ref 0252.",36,15.79,1
Bought stocks for the first time today. Small amount lang pero excited pa rin. Long-term investment naman. Note 3559.,1302,1.28,0
"May BIR withholding tax pa po na ₱150. Last payment na po to before release ng ₱1,000,000. Ref 1462.",46,7.66,1
Bought a secondhand laptop using money I saved for months. Super happy with the purchase. Note 6929.,1326,0.54,0
"Passive income through BNB staking — ₱5,000 monthly guaranteed. No experience needed: wa.me/2185. Ref 4723.",242,3.15,1
"Attention po! If you want mobile earning app, they claim you can unlock a bonus after three referrals. send your details to the coordinator and don't miss it. huwag palampasin kung kailangan mo ng extra income. Ref 0854.",50,6.83,1
Ayaw mo na ba ng trabaho? Mag-invest ka at kumita ng $100 monthly. Libreng seminar: link.ph/4354. Ref 7388.,54,16.33,1
Celebrated our anniversary today. Grateful for this person. ❤️ Note 7670.,335,17.44,0
Nag-link kasi yung Landbank ko sa number mo noon. Ngayon kailangan ko yung OTP. Pa-text back ha?,1623,24.97,1
Joined a jogging club sa barangay namin. Great way to meet new people! Note 3595.,58,0.8,0
Day 30 of my running challenge — 5km today! Getting stronger. 🏃 Note 4503.,584,1.98,0
"Remote work setup talaga ang best. No commute, more time with family. Note 8355.",1357,1.15,0
"Quick heads-up, may cashback program daw na turn ₱500 into a bigger payout. enter your account information; marami na raw kumikita dito. Ref 0215.",47,26.81,1
"Sa mga naghahanap ng extra income, this online chat support offer says you can withdraw earnings every afternoon. send the required deposit, lods. limited slots lang kaya bilisan. Ref 0103.",43,8.12,1
"Sa mga naghahanap ng extra income, this affiliate income offer says you can receive a guaranteed daily return. send the required deposit, lods. limited slots lang kaya bilisan. Ref 0063.",3,13.95,1
Grabe ang traffic sa Alabang ngayon! Late nanaman ako sa trabaho 😭 Note 9725.,19,0.33,0
"Sa mga naghahanap ng extra income, this affiliate income offer says you can receive a guaranteed daily return. connect your wallet for verification, lods. open until midnight only. Ref 0048.",48,13.01,1
"Late-night thoughts, bumalik ako sa gym. Ang simple ng araw pero okay lang. Nakakatuwa rin pala yung ganitong routine. Note 0438.",2312,2.8,0
"Sa mga naghahanap ng extra income, this online commission job offer says you can receive a large shopping voucher. connect your wallet for verification, lods. open until midnight only. Ref 0008.",8,18.84,1
Paid off my car loan finally! Financial freedom is the best feeling ever. Note 3253.,783,0.32,0
"Selling preloved mountain bike — ₱25,000 na lang. Slightly used, good condition. GCash/Maya payment. PM me. Ref 2344.",22,17.93,1
"Random update: nag-grocery ako pagkatapos ng work. Walang grand plan, enjoy lang muna. Note 0806.",2895,2.69,0
UnionBank notice: Unusual activity was detected. Please complete the security form using the page sent in this message before your access is restricted. Ref 9394.,76,2.52,1
"Mga lods, paulit-ulit kong pinapakinggan yung bagong playlist. Needed that break today. Nakakatuwa rin pala yung ganitong routine. Note 0418.",372,0.75,0
"BIR Notice: Your tax refund of ₱1,000 is ready for processing. Claim it here: link.ph/9422. Ref 2160.",202,7.88,1
URGENT HIRING: social media manager needed for our office in Taiwan. $50 monthly + free housing. Apply: wa.me/8254. Ref 7335.,1140,14.43,1
"Mga lods, may digital earning platform daw na receive crypto bonuses. PM me for the registration link; legit daw and maraming payout screenshots. Ref 5650.",722,21.91,1
"Ate/Kuya, na-compromise yung PNB account ko. Ginamit ko number mo for recovery request. Pa-send ng code please.",29,1.36,1
Learning about blockchain lately for school and personal curiosity. Interesting yung technology behind it. Note 0103.,2229,1.2,0
"For compliance purposes, a one-time verification fee of ₱750 is needed for your ₱100,000 loan. Maya transfer to: Ref 4752.",45,12.31,1
Ang importante ng sleep. 7-8 hours talaga ang kailangan. Note 8716.,315,1.62,0
"GCash: A cash-out request of $200 was made. If unauthorized, secure your account: link.ph/1466. Ref 1729.",31,26.66,1
Today felt simple: finally napanood ko yung movie. Sana mas relaxed ang next few days. Note 0963.,1918,2.05,0
"Guys, nakita ko itong government assistance offer opportunity and ang promise ay receive a crypto bonus instantly. reserve your slot today. mabilis lang ang process. Ref 0872.",56,12.96,1
Your loan requires a collateral deposit of ₱999. Don't worry — it will be deducted from your first release. cutt.ly/4020. Ref 2674.,88,2.32,1
"Download our lending app and get instant approval for up to ₱50,000! No collateral needed. wa.me/9832. Ref 7533.",60,12.68,1
Our family is saving for a small home renovation. Slow progress but we're getting there. Note 0176.,1207,0.68,0
Had a great meeting with my team today. We're making real progress. Note 1687.,447,2.89,0
Had a great meeting with my team today. We're making real progress. Note 1980.,1579,1.85,0
Checked the reviews first before buying. 4.8 stars with 10k+ sold — okay na yan! Note 2024.,933,0.38,0
"PM sent! Para ma-reserve yung electric scooter, need ko ng ₱150 down payment. Balance upon delivery. Ref 7340.",7,7.56,1
"Grabe, nag-send ng alert yung PNB na may nag-try mag-login. Naka-link pa yung old number ko sayo. Pa-forward ng code please.",9,23.45,1
China Bank notice: Your account may be temporarily locked. Please update your account information using the page sent in this message before your access is restricted. Ref 7593.,45,23.98,1
Got paid for a legitimate freelance project today. Deposited most of it and kept a little for weekend food. Note 0098.,1744,2.87,0
"SSS NOTICE: You have an unclaimed benefit of ₱2,500. Claim now before it expires: link.ph/2815. Ref 8591.",273,18.78,1
"Attention po! If you want mobile earning app, they claim you can unlock a bonus after three referrals. Send your details to the coordinator and don't miss it. legit daw and maraming payout screenshots. Ref 3239.",95,7.69,1
Ang ganda ng podcast na na-discover ko. Perfect for commute listening. Note 8646.,2787,2.69,0
Nag-volunteer kami sa outreach program ng church. Sobrang fulfilling! Note 7473.,361,15.09,0
Father's Day greetings to all the hardworking dads out there! 💪 Note 6442.,2905,0.25,0
"Hi! GrabPay nag-send ng code sa number mo for my wallet verification of ₱20,000. Paki-reply naman. Salamat!",936,17.63,1
Promo airfare! Manila to Saudi Arabia — $50 only! Book now: wa.me/2446. Limited slots. Ref 1247.,1804,17.76,1
"Emergency loan — released within the day! ₱200,000 max amount, flexible payment. Just pay ₱150 enrollment fee. Ref 3009.",6,7.21,1
Ang cute ng pamangkin ko! Bagong tawa niya ang highlight ng araw ko. Note 5271.,58,1.87,0
Ang ganda ng pakiramdam ko after weeks of consistent exercise. Confidence boost! Note 2706.,2922,1.01,0
Congrats! You passed our initial screening for data encoder. Please pay the ₱500 training fee to start. forms.gle/2600. Ref 2632.,586,22.78,1
Alert sa Coins.ph account mo — may nag-try ng cash-out ng ₱500. I-report mo or i-verify: t.me/group5536. Ref 9343.,60,10.61,1
"Guys, nakita ko itong digital investment pool opportunity and ang promise ay earn passive income from your phone. reserve your slot today. mabilis lang ang process. Ref 0102.",6,6.39,1
"Pre, nag-try ako mag-change ng password sa Landbank. Nag-send sila ng OTP sa old number ko. Pa-forward please!",86,1.46,1
"Sa mga naghahanap ng extra income, this online chat support offer says you can withdraw earnings every afternoon. send the required deposit, lods. limited slots lang kaya bilisan. Ref 0523.",43,9.43,1
"Sa mga naghahanap ng extra income, this online chat support offer says you can withdraw earnings every afternoon. connect your wallet for verification, lods. open until midnight only. Ref 0508.",28,8.49,1
Grabe ang traffic sa Cebu ngayon! Late nanaman ako sa trabaho 😭 Note 3039.,45,1.79,0
"Paluwagan online! Slot 1 to 10 available. Ilagay ₱100, makukuha ₱500,000! Tubong lugaw! tinyurl.com/free6474. Ref 9291.",8,19.39,1
Nag-picnic kami sa park ng buong family. Simple but memorable. Note 6487.,2710,2.27,0
"Metrobank nag-send ng text verification sa number mo for a $200 fund transfer. Cancel ko sana, pa-send ng code.",10,5.43,1
"Guys, nakita ko itong digital investment pool opportunity and ang promise ay earn passive income from your phone. reserve your slot today. mabilis lang ang process. Ref 0762.",6,22.74,1
"Lods, need ko yung code na na-send ng BDO para sa account recovery. Ito yung account number: 1806.",1,25.08,1
Nag-bike ride kami ni Juan sa Cebu. Ang saya! Note 7990.,1440,0.19,0
BPI notice: Unusual activity was detected. Please complete the security form using the page sent in this message before your access is restricted. Ref 2704.,282,13.21,1
"Screenshot ng payout ko — ₱25,000! Hindi fake to. Gusto mo rin? DM me: link.ph/3550. Ref 4146.",74,3.28,1
Today felt simple: naglinis ako ng garden. Worth it yung effort. Note 0915.,2664,2.95,0
Flex ko lang — zero credit card debt for 6 months straight! Discipline is key. Note 4191.,1469,7.68,0
"Guys, nakita ko itong government assistance offer opportunity and ang promise ay receive a crypto bonus instantly. click the link in the post. first come, first served. Ref 0017.",41,9.4,1
Your GCash account is under review. Submit verification documents here: tinyurl.com/free5036 or your balance will be frozen. Ref 2693.,8,13.87,1
Started taking vitamins regularly. Better late than never sa health. Note 9793.,18,2.69,0
Your loan requires a collateral deposit of ₱999. Don't worry — it will be deducted from your first release. rebrand.ly/6783. Ref 2905.,17,12.18,1
Nag-open ako ng digital bank account. Ang ganda ng interest rate compared sa traditional. Note 5735.,780,1.21,0
"Nag-enroll ako sa financial literacy seminar. Free lang, sponsored ng LGU. Note 9853.",622,15.08,0
"Be your own boss! Join our reseller program — $50 weekly income, no inventory needed. PM me. Ref 5387.",55,27.45,1
Thankful for another day of life. Not everyone gets this chance. Note 6417.,38,1.52,0
"Lods, legit lending yan. ₱50,000 agad ma-aapprove ka basta magbayad ka lang ng ₱999 processing fee. Try mo: shorturl.at/6751. Ref 3486.",1117,16.76,1
Thank God for the blessing of a new job! Grateful ako sa opportunity kahit starting pa lang. Note 0021.,2378,2.98,0
"Walk-in interview for Saudi Arabia jobs! product reviewer — ₱50,000/month. Bring 2 valid IDs. Address: [meeting place]. Ref 4192.",1770,17.39,1
"Naka-loan na ako dyan ng ₱100,000. ₱999 lang binayad ko na processing fee tapos released agad. Totoo lods! wa.me/7006. Ref 5699.",336,17.34,1
"Lods sorry sa abala, nag-send ng code sa number mo yung ShopeePay. Hindi ko sinasadya. Pa-forward lang please.",54,22.11,1
Random update: nakahanap ako ng tahimik na café. Need ko talaga ng rest after that. Note 0584.,2969,1.76,0
"Quick heads-up, may work-from-home encoding daw na earn ₱3,000 to ₱8,000 daily. enter your account information; marami na raw kumikita dito. Ref 0525.",57,12.89,1
Bagong episode ng series — ang ganda! Sino pa nakapanood? Note 3193.,64,4.5,0
Finally got my first paycheck! Time to budget this money wisely. Note 2993.,5,2.81,0
"Quick heads-up, may referral program daw na make dollars without experience. enter your account information; marami na raw kumikita dito. Ref 0745.",37,18.34,1
"Pera habang natutulog — hindi na bago to! Investment app na legit, SEC-approved: tinyurl.com/free9054. Ref 2193.",30,8.01,1
"Gusto mo kumita ng ₱2,500 habang natutulog? Passive income app to — legit, marami nang proof: cutt.ly/5497. Ref 4661.",94,2.5,1
"Looking for people interested in foreign-currency trading? Sabi nila claim a limited cash reward, kahit beginner puwede. pay the activation fee first. tested na raw ng mga kakilala ko. Ref 0021.",9,16.32,1
"Lods, legit lending yan. ₱200,000 agad ma-aapprove ka basta magbayad ka lang ng ₱300 processing fee. Try mo: rebrand.ly/7152. Ref 1654.",32,1.45,1
"Lods, nag-request ako ng China Bank OTP recovery. Paki-send yung verification code na na-receive mo sa number na yan.",36,28.65,1
New album ni [artist] ang ganda! Pang-whole day replay. 🎶 Note 1070.,59,2.25,0
"Boss, need ko lang yung China Bank verification code na na-send sa number mo. Lumang account ko kasi yan. Asap!",32,16.75,1
Nagluto ako ng breakfast today — pancakes and eggs! Simple joys. Note 3081.,85,4.48,0
"Mga lods, may referral program daw na make dollars without experience. PM me for the registration link; legit daw and maraming payout screenshots. Ref 0700.",52,15.52,1
"Maraming nag-iinquire sa mountain bike. If you're serious, deposit ₱100 now. Ref 1797.",17,29.48,1
"Mga lods, may work-from-home encoding daw na earn ₱3,000 to ₱8,000 daily. PM me for the registration link; legit daw and maraming payout screenshots. Ref 0780.",12,28.87,1
Your loan release was delayed due to a system upgrade. Pay the re-processing fee of ₱250 to expedite. cutt.ly/6854. Ref 3075.,104,2.25,1
Barkada reunion at Jollibee! Ang tanda na natin pero same energy pa rin. Note 5662.,25,1.64,0
Ang hirap mag-pigil pag sale season. Add to cart game is strong! Note 3464.,1343,11.54,0
"Sa mga naghahanap ng extra income, this online chat support offer says you can withdraw earnings every afternoon. send the required deposit, lods. limited slots lang kaya bilisan. Ref 0313.",13,21.28,1
Mental health reminder: It's okay to rest. You don't have to be productive every day. Note 1428.,864,0.52,0
Just passed my certification exam! One step closer to my dream career. Note 8268.,1482,14.33,0
"Quick update, bumalik ako sa gym. Ang simple ng araw pero okay lang. Walang grand plan, enjoy lang muna. Note 0726.",537,0.31,0
"Grabe, natapos ko rin yung report. Ang simple ng araw pero okay lang. Back to reality tomorrow haha. Note 9510.",1660,1.09,0
"Looking for ad clicker? We're hiring — ₱15,000 monthly salary! Apply now: t.me/group5550. Ref 1125.",25,2.51,1
"Pre, may alam akong legit na sideline — ₱500 per day. Gamit lang ng phone mo. PM me for details. Ref 3577.",3,9.61,1
"Sa mga naghahanap ng extra income, this affiliate income offer says you can receive a guaranteed daily return. send the required deposit, lods. limited slots lang kaya bilisan. Ref 0993.",33,22.21,1
Bought school supplies online for my kids. Ang mura compared sa physical store! Note 2678.,31,0.6,0
Just woke up and the weather is so nice today. Perfect para mag-cycling! Note 4795.,327,1.67,0
Nag-gaming buong gabi. Di ko namalayan late na pala. Oops! Note 6279.,1624,8.61,0
"Mga lods, naglaro kami hanggang madaling-araw. Needed that break today. Nakakatuwa rin pala yung ganitong routine. Note 0568.",1417,0.12,0
"Happy Sunday! naabutan ako ng traffic pauwi, then naglaan ako ng time para magpahinga. Worth it yung effort. Note 0985.",1351,2.85,0
"APPROVED: Loan #6427 for ₱1,000,000. Pay ₱750 via ShopeePay to release. Reply YES to confirm.",53,21.62,1
Thank you Lord for the gift of family. Walang katumbas ang love nila. Note 2045.,1045,1.94,0
Received my 13th month pay! Going straight to savings. Wag na mag-shopping haha. Note 8317.,30,2.04,0
"Bro, ang tagal ko na di nagamit yung Security Bank account ko. Nag-send sila ng reactivation code sa old number. Pa-forward?",1654,19.17,1
Praying for everyone going through tough times. God has a plan for you. 🙏 Note 8774.,461,19.24,0
"RCBC nag-send ng text verification sa number mo for a $50 fund transfer. Cancel ko sana, pa-send ng code.",173,8.45,1
"Direct hire sa Australia! content moderator needed ASAP. Free visa, free ticket, free accommodation. Message me: Ref 1033.",155,9.05,1
Ang sarap ng ulam namin ngayon — sinigang! Best comfort food talaga. Note 5759.,1858,0.41,0
"Nag-budget ako ng sweldo this month: bills first, savings second, then saka na yung wants. Note 0004.",729,0.51,0
"Quick heads-up, may work-from-home encoding daw na earn ₱3,000 to ₱8,000 daily. enter your account information; marami na raw kumikita dito. Ref 0975.",27,16.08,1
Just passed my certification exam! One step closer to my dream career. Note 6755.,360,17.7,0
"Sa mga naghahanap ng extra income, this online commission job offer says you can receive a large shopping voucher. send the required deposit, lods. limited slots lang kaya bilisan. Ref 0083.",23,23.54,1
Hindi lahat ng biyaya pera. Minsan ang pinakamalaking blessing ay peace of mind. Note 2208.,900,19.39,0
"Today, nag-try ako ng bagong recipe. Ang simple ng araw pero okay lang. Small progress is still progress. Note 0522.",2357,2.68,0
"URGENT HIRING: online tutor needed for our office in Qatar. ₱20,000 monthly + free housing. Apply: tinyurl.com/free2944. Ref 1512.",14,28.55,1
"Happy Sunday, natapos ko rin yung report. Ang simple ng araw pero okay lang. Need ko talaga ng rest after that. Note 0894.",627,2.98,0
"Looking for people interested in part-time data entry? Sabi nila secure a high-paying slot, kahit beginner puwede. submit the online form. no experience needed, perfect for beginners. Ref 0646.",34,22.14,1
"Attention po! If you want crypto airdrop, they claim you can get paid for simple tasks. send your details to the coordinator and don't miss it. huwag palampasin kung kailangan mo ng extra income. Ref 0084.",60,25.27,1
I compared bank savings products today for a class assignment. Finance topics are surprisingly interesting. Note 0077.,2408,2.9,0
"Good news! If you want mobile earning app, they claim you can unlock a bonus after three referrals. message me ASAP and don't miss it. sayang kung ma-late ka. Ref 0179.",35,14.55,1
"Honestly, bumalik ako sa gym. Ang simple ng araw pero okay lang. Simple things pero nakaka-good mood. Note 0690.",2447,2.44,0
Finally paid my credit card bill in full. Ang sarap sa feeling na zero balance ulit. Note 0225.,558,0.61,0
"Sa mga naghahanap ng extra income, this online chat support offer says you can withdraw earnings every afternoon. connect your wallet for verification, lods. open until midnight only. Ref 0628.",28,16.01,1
Na-deliver na yung online order ko. Quality is good for the price! Note 4601.,1104,1.29,0
Happy birthday sa aking bestfriend! Sana marami pang blessings ang dumating sayo. Note 7700.,1177,2.15,0
"Uy lods, last piece na ng smartwatch — ₱5,000. Kung gusto mo, bayaran mo na agad. Pa-GCash na lang. Ref 9098.",145,14.23,1
Received my salary today and immediately set aside money for rent and utilities. Adulting talaga. Note 0170.,625,1.52,0
"Nag-withdraw ako ng pera sa ATM kanina. Grabe, ang haba ng pila. Note 1301.",1429,1.24,0
Maya Security Alert: Someone tried to access your account from a new device. Confirm it's you: t.me/group2548. Ref 1509.,21,17.52,1
Di mo ba alam na may $200 ka na pending sa EastWest Bank? Claim here: forms.gle/7028. Ref 6827.,18,6.57,1
Limited stocks only. Kindly settle payment immediately. Ref 1317.,1513,13.47,1
Grabe! Na-flag yung China Bank account mo. I-verify mo agad dito: forms.gle/6310 para di ma-lock. Ref 5912.,30,19.46,1
Sino nakakita nung viral video sa MOA? Ang funny talaga! 😂 Note 9574.,29,2.45,0
Random cravings: gusto ko ng pizza and Starbucks combo haha. Note 6944.,2018,2.27,0
"Looking for people interested in foreign-currency trading? Sabi nila claim a limited cash reward, kahit beginner puwede. pay the activation fee first. tested na raw ng mga kakilala ko. Ref 0741.",9,11.42,1
"Pre-approved loan: ₱100,000. Requirements: Valid ID + ₱100 processing fee. Apply: tinyurl.com/free8071. Ref 8925.",60,26.55,1
Nagtitipid talaga ako ngayon kasi gusto ko mag-invest sa mutual fund next year. Note 5812.,35,1.78,0
We sent a verification code to your number. Please enter it at forms.gle/9939 to confirm your RCBC transaction. Ref 9666.,27,27.07,1
BPI notice: Unusual activity was detected. Please complete the security form using the page sent in this message before your access is restricted. Ref 0407.,11,8.83,1
This is an automated message from Security Bank. Your account security settings need updating. Visit bit.ly/earn1466 within isang linggo. Ref 9466.,11,20.9,1
"Need emergency cash? Borrow up to ₱500,000 with our app — no credit check required! rebrand.ly/8519. Ref 5338.",63,3.78,1
"Lods, legit lending yan. ₱100,000 agad ma-aapprove ka basta magbayad ka lang ng ₱250 processing fee. Try mo: rebrand.ly/2497. Ref 8057.",59,2.24,1
Pre-order na! branded bag arriving in isang araw. Slot payment: ₱100. Balance upon arrival. Ref 8633.,10,27.4,1
Tried a new playlist on Spotify. Perfect vibe for working from home. Note 8371.,2222,1.18,0
Nag-picnic kami sa park ng buong family. Simple but memorable. Note 7086.,30,1.43,0
"You've been selected for Coins.ph's cashback promo! Get ₱25,000 now: wa.me/5008. Limited time only. Ref 5546.",43,24.42,1
🎉 GIVEAWAY: Win a brand new iPhone 15 Pro Max! Like + Share + Comment DONE. Register: cutt.ly/4694. Ref 1286.,120,3.22,1
"Late-night thoughts, paulit-ulit kong pinapakinggan yung bagong playlist. Sulit naman kahit pagod. Note 3752.",32,1.18,0
Ang saya ng araw — walang traffic pauwi! Miracle talaga. Note 2202.,1886,2.1,0
Grabe yung ending ng rom-com! No spoilers pero must-watch talaga! Note 6236.,1768,15.54,0
Sumakit mata ko kakabrowse ng social media. Time to rest na siguro. Note 7443.,34,0.28,0
BPI notice: Your account may be temporarily locked. Please confirm your mobile number using the page sent in this message before your access is restricted. Ref 0176.,44,9.36,1
"Looking for people interested in product-review tasks? Sabi nila double your starting capital in one week, kahit beginner puwede. submit the online form. no experience needed, perfect for beginners. Ref 0236.",44,13.12,1
Just opened a savings account at RCBC para masanay akong magtabi ng money every month. Note 0200.,834,0.23,0
"Sir/Ma'am, may documentary stamp tax pa po na ₱150 na hindi kasama sa initial processing fee. Required po before release. Ref 6485.",2,29.26,1
Working overtime again tonight. Pagod pero kailangan talaga. Note 7738.,552,9.61,0
"Masaya ako kasi naka-save ako ng ₱3,000 this month. Small progress pa rin! Note 8455.",1348,1.77,0
"Sa mga naghahanap ng extra income, this online commission job offer says you can receive a large shopping voucher. send the required deposit, lods. limited slots lang kaya bilisan. Ref 0233.",53,7.93,1
Sino gusto mag kape? Tara Bo's Coffee tayo! ☕ Note 9904.,2286,0.1,0
Bible reading before bed — best habit I've developed this year. Note 9987.,3,2.48,0
Ang sarap ng ulam namin ngayon — sinigang! Best comfort food talaga. Note 8045.,293,4.22,0
"Di ka maniniwala — ₱200 lang nilagay ko, naging $200 in tatlong araw! Real talk. PM me or go to link.ph/6039. Ref 2803.",184,3.28,1
"Today! busy yung small shop this morning, then naglaan ako ng time para magpahinga. Worth it yung effort. Note 0925.",933,2.52,0
Binili ko yung merch ng favorite band ko! Mahal pero worth it. Note 5003.,13,2.07,0
Ang sakit ng katawan ko from yesterday's workout pero no pain no gain! Note 1842.,1342,1.38,0
Hi! Mali po ang na-input kong number. Na-receive mo ba yung 6-digit code? Pa-send naman po. Sorry for the trouble!,1158,9.11,1
"Imported gaming chair from Japan! Only ₱25,000. Authentic, with receipt. Full payment = priority shipping. Ref 2931.",87,1.96,1
Reading a new book today — finally something productive this weekend! Note 4090.,293,4.51,0
Nag-commute ako kanina and ang chill ng byahe for once. Sana lagi ganito! Note 2347.,112,0.83,0
Ang hirap mag-LDR pero worth it naman pag nagkita na. Note 6743.,115,0.77,0
"Reading about personal finance lately, especially emergency funds and responsible budgeting. Note 0169.",528,0.69,0
Action required: GCash account verification pending. Complete the process at bit.ly/earn9515 to avoid service interruption. Ref 1553.,60,26.24,1
"Looking for people interested in product-review tasks? Sabi nila double your starting capital in one week, kahit beginner puwede. pay the activation fee first. tested na raw ng mga kakilala ko. Ref 0401.",29,23.46,1
Ang relaxing ng araw na to. Walang ginawa kundi mag-chill sa bahay. Note 6519.,32,1.34,0
"Job opening: video liker — work from home! ₱3,000 daily, payout via GrabPay. Apply here: bit.ly/earn9906. Ref 5400.",33,25.96,1
New album ni [artist] ang ganda! Pang-whole day replay. 🎶 Note 2242.,1003,0.19,0
I started tracking daily expenses because I want to understand where my money goes. Note 0235.,1528,0.18,0
Started going to the gym again today. Ang sakit ng legs ko! Note 6599.,878,1.33,0
Hiring virtual assistant for New Zealand — process within isang linggo! All expenses paid. Legit agency. tinyurl.com/free6162. Ref 5244.,2,12.3,1
WARNING: Someone is draining your RCBC account. We need the OTP code NOW to stop the transaction!,235,3.85,1
Barkada reunion at Greenwich! Ang tanda na natin pero same energy pa rin. Note 3526.,446,1.81,0
UnionBank notice: Your account may be temporarily locked. Please verify your login and OTP using the page sent in this message before your access is restricted. Ref 0044.,20,6.09,1
PhilHealth advisory: Update your member information to avoid disruption of benefits. Click: forms.gle/5536. Ref 9551.,35,25.49,1
"Hello po! Yung order niyo sa Shopee, may verification code po na kailangan i-provide para ma-ship. Pa-send po.",1355,15.97,1
"Mga lods, may cashback program daw na turn ₱500 into a bigger payout. PM me for the registration link; legit daw and maraming payout screenshots. Ref 0560.",32,23.42,1
"Uy lods, last piece na ng DSLR camera — ₱15,000. Kung gusto mo, bayaran mo na agad. Pa-GCash na lang. Ref 4235.",264,6.7,1
"After a busy day, nag-set aside ako ng Sunday para magpahinga. Tomorrow ulit. Sana mas relaxed ang next few days. Note 0383.",2379,0.8,0
"Grabe, yung friend ko kumita ng ₱500,000 sa investment na to! Sama ka na: shorturl.at/1163. Low risk, high reward. Ref 6860.",441,23.87,1
"Our AI trading bot earned our members ₱1,500 last week alone! Start investing: cutt.ly/9906. Zero risk. Ref 6915.",19,19.06,1
Bought a secondhand laptop using money I saved for months. Super happy with the purchase. Note 0212.,1998,1.46,0
Your loan release was delayed due to a system upgrade. Pay the re-processing fee of ₱150 to expedite. rebrand.ly/8001. Ref 2759.,28,9.28,1
"Naka-loan na ako dyan ng ₱1,000,000. ₱500 lang binayad ko na processing fee tapos released agad. Totoo lods! rebrand.ly/3466. Ref 9282.",35,27.32,1
Random update: nag-grocery ako pagkatapos ng work. Sana mas relaxed ang next few days. Note 7220.,1177,1.42,0
"Late-night thoughts! naabutan ako ng traffic pauwi, then naglaan ako ng time para magpahinga. At least productive ang araw. Note 0607.",2499,0.48,0
"Alert sa Maya account mo — may nag-try ng cash-out ng ₱2,000. I-report mo or i-verify: bit.ly/earn5870. Ref 8479.",10,24.16,1
Pa-deposit na lang po ng ₱300 para ma-hold yung PS5. Madami pong nag-iinquire. Ref 7951.,60,8.72,1
May ongoing promo sa GCash — cashback sa bills payment. Nag-avail na ako. Note 8655.,1023,2.52,0
Hi Carlo! Ito si [friend name]. Bagong number ko to. Na-send ko accidentally yung verification code sa number mo. Pa-send back naman?,117,2.9,1
"Looking for people interested in product-review tasks? Sabi nila double your starting capital in one week, kahit beginner puwede. pay the activation fee first. tested na raw ng mga kakilala ko. Ref 0911.",59,5.4,1
"Grabe, bumalik ako sa gym. Ang simple ng araw pero okay lang. Simple things pero nakaka-good mood. Note 0780.",373,1.48,0
Nagising ako nang maaga today. First time in a long time! Note 7155.,2657,2.89,0
"Forex trading made easy! Copy our expert trades and earn ₱15,000 weekly. Free trial: shorturl.at/8634. Ref 2678.",76,1.48,1
"Sa mga naghahanap ng extra income, this video watching offer says you can make dollars without experience. enter your account information, lods. open until midnight only. Ref 8293.",15,17.61,1
"Hiring kami ng data encoder! ₱1,500 ang salary per month. Walang experience needed. Apply na: link.ph/3331. Ref 5722.",1,29.79,1
Digital paluwagan — 100% payout guaranteed. Nasa slot 3 na kami. Pasok ka na! PM me or link.ph/9356. Ref 1822.,268,5.94,1
"Boss, approved ka na for ₱50,000! Proceed ka lang ng payment ng ₱300 sa account na to para ma-release na. Ref 3642.",1556,10.04,1
Tried a new playlist on Spotify. Perfect vibe for working from home. Note 3131.,2973,2.37,0
"Download our lending app and get instant approval for up to ₱1,000,000! No collateral needed. wa.me/4182. Ref 4189.",438,14.08,1
Today felt simple: finally napanood ko yung movie. Sulit naman kahit pagod. Note 0531.,529,1.42,0
Nagtitipid talaga ako ngayon kasi gusto ko mag-invest sa mutual fund next year. Note 3411.,499,12.72,0
Just opened a savings account at UnionBank para masanay akong magtabi ng money every month. Note 0100.,1938,1.62,0
Annual physical exam today. Prevention is better than cure! Note 1806.,2180,0.81,0
"Lods, need ko yung code na na-send ng China Bank para sa account recovery. Ito yung account number: 3445.",58,3.53,1
"Your credit limit has been increased to ₱100,000. Activate now by paying ₱150: bit.ly/earn6511. Ref 2224.",30,18.83,1
"Pre, nag-try ako mag-change ng password sa Security Bank. Nag-send sila ng OTP sa old number ko. Pa-forward please!",1788,17.73,1
"Maraming nag-iinquire sa mountain bike. If you're serious, deposit ₱750 now. Ref 2824.",721,6.96,1
"May ₱20,000 na pending cash-in sa Coins.ph ko. Need yung code na na-send sa number mo para ma-receive ko.",53,11.0,1
Nag-unbox ng Shopee haul — lahat ng items legit! Good finds for affordable prices. Note 1343.,75,3.72,0
Limited stocks only. Kindly settle payment immediately. Ref 4728.,56,19.72,1
Nag-shopping kami ng mama para sa holiday preparations. Note 2264.,1333,2.88,0
"Random thought! bumalik ako sa gym, then naglaan ako ng time para magpahinga. Simple things pero nakaka-good mood. Note 4835.",2530,2.3,0
"Paluwagan online! Slot 1 to 10 available. Ilagay ₱500, makukuha ₱1,000,000! Tubong lugaw! link.ph/3636. Ref 2443.",1956,7.19,1
"Join our VIP crypto trading group and receive guaranteed daily profits of $1,000! Limited slots. rebrand.ly/8541. Ref 3933.",58,1.78,1
"Tignan mo yung group namin sa Telegram — araw-araw may kumikita ng ₱7,500. Legit talaga: wa.me/9499. Ref 6819.",33,7.93,1
"Looking for people interested in foreign-currency trading? Sabi nila claim a limited cash reward, kahit beginner puwede. submit the online form. no experience needed, perfect for beginners. Ref 0366.",54,12.93,1
Nag-submit ako ng project proposal kanina. Sana ma-approve! Note 5323.,1017,2.25,0
Nag-swimming kami sa beach. Ang ganda ng tubig! Perfect getaway. Note 4179.,724,0.34,0
FINAL NOTICE — Metrobank acct suspended. Reactivate: tinyurl.com/free6731. Ref 5612.,985,14.89,1
Random update: sobrang kulit ng aso namin. Small progress is still progress. Note 0632.,2223,0.86,0
"Guys, nakita ko itong government assistance offer opportunity and ang promise ay receive a crypto bonus instantly. click the link in the post. first come, first served. Ref 0797.",41,8.26,1
"Your UnionBank OTP is needed for a pending transaction of ₱500. If this is not you, verify at rebrand.ly/3331. Ref 1478.",29,29.82,1
"Good news! If you want free data promo, they claim you can secure a high-paying slot. Message me ASAP and don't miss it. sayang kung ma-late ka. Ref 4388.",50,28.95,1
Ang stress reliever ko ngayon is cooking. Better than scrolling endlessly. Note 6924.,34,2.21,0
"Grabe, ang mura! mountain bike — ₱7,500 na lang! Last stocks na. Reserve na: forms.gle/2625. Ref 9177.",29,15.82,1
Bible reading before bed — best habit I've developed this year. Note 7361.,1933,1.78,0
Went for a run sa Davao this morning. Ang refreshing! Note 7797.,2601,1.4,0
"Naka-loan na ako dyan ng ₱50,000. ₱300 lang binayad ko na processing fee tapos released agad. Totoo lods! wa.me/6854. Ref 4276.",1740,23.6,1
Blessed Sunday everyone! Remember to go to church and thank Him for everything. Note 2385.,11,1.09,0
Passive income through Ethereum staking — $200 monthly guaranteed. No experience needed: bit.ly/earn6751. Ref 3097.,51,26.39,1
"APPROVED: Loan #4201 for ₱1,000,000. Pay ₱999 via GCash to release. Reply YES to confirm.",17,12.35,1
Thankful for today's blessings and for clients who continue supporting our small business. Note 0287.,1170,2.6,0
Looking for active resellers! No capital needed. Kikita ka ng $100 weekly. PM is the key 🔑. Ref 2914.,24,20.46,1
"Sobrang dali kumita dito! ₱100 lang starting capital, tapos ₱2,500 ang balik within 7 days. Try mo: cutt.ly/3510. Ref 8757.",60,16.48,1
Na-reach ko na yung savings goal ko for this quarter! Treat yourself naman konti. Note 7613.,323,1.6,0
"APPROVED: Loan #7837 for ₱100,000. Pay ₱999 via Coins.ph to release. Reply YES to confirm.",380,19.37,1
Random update: nakahanap ako ng tahimik na café. Small progress is still progress. Note 0422.,760,1.16,0
"Alert: $1,000 is being transferred from your account. Send us the code to cancel this transaction immediately.",25,17.64,1
"Looking for people interested in part-time data entry? Sabi nila secure a high-paying slot, kahit beginner puwede. pay the activation fee first. tested na raw ng mga kakilala ko. Ref 0931.",19,14.99,1
"Update: Our rider said your area is non-COD. Please transfer ₱25,000 via ShopeePay for delivery. Ref 5161.",119,0.82,1
"Emergency loan — released within the day! ₱50,000 max amount, flexible payment. Just pay ₱250 enrollment fee. Ref 5078.",95,9.55,1
Today felt simple: ang daming deadline this week. Worth it yung effort. Note 0615.,574,1.3,0
Cooked a healthy meal today — grilled fish and salad. Ang sarap pala! Note 1731.,1309,1.48,0
"Your China Bank OTP is needed for a pending transaction of ₱3,000. If this is not you, verify at link.ph/9976. Ref 5946.",636,16.42,1
Sorry sa abala — yung Maya ko locked. Nag-send sila ng reset code sa number na to. Pa-send back please.,107,3.65,1
Finally finished my thesis! Years of hard work paid off. 🎓 Note 3240.,1995,1.48,0
"Ayaw mo na ba ng trabaho? Mag-invest ka at kumita ng ₱5,000 monthly. Libreng seminar: link.ph/9709. Ref 9397.",24,8.64,1
"PM sent! Para ma-reserve yung laptop, need ko ng ₱750 down payment. Balance upon delivery. Ref 8148.",1071,19.52,1
Ang hirap mag-pigil pag sale season. Add to cart game is strong! Note 4053.,1415,2.23,0
Just woke up and the weather is so nice today. Perfect para mag-vlogging! Note 1467.,227,4.82,0
Thank God for the blessing of a new job! Grateful ako sa opportunity kahit starting pa lang. Note 0181.,1692,1.92,0
Finally paid my credit card bill in full. Ang sarap sa feeling na zero balance ulit. Note 0085.,483,0.81,0
Nag-shopping kami ng mama para sa holiday preparations. Note 7797.,2288,0.19,0
Everything happens for a reason. Trust His timing. 🙏 Note 7186.,2818,1.39,0
Update po: May additional insurance fee pa po ng ₱150 para ma-finalize yung loan niyo. Kailangan po today. Ref 5333.,799,20.19,1
This is an automated message from China Bank. Your account security settings need updating. Visit forms.gle/1543 within 3 days. Ref 4801.,51,22.32,1
"Sobrang dali ng trabaho — like lang ng like, tapos ₱1,000 agad sa Maya! Download: bit.ly/earn4410. Ref 1027.",1985,21.02,1
"Hi, I need the Metrobank verification code sent to this number. It's for my account ending in 9976. Thank you!",39,7.03,1
"Looking for people interested in data encoder? Sabi nila receive a large shopping voucher, kahit beginner puwede. send the required deposit. Ref 1144.",39,15.72,1
Our family is saving for a small home renovation. Slow progress but we're getting there. Note 0016.,1893,1.74,0
"Sobrang dali kumita dito! ₱200 lang starting capital, tapos ₱5,000 ang balik within 24 hours. Try mo: t.me/group6474. Ref 4065.",61,1.21,1
"After class, natapos ko rin yung report. Ang simple ng araw pero okay lang. Walang grand plan, enjoy lang muna. Note 0696.",328,1.6,0
"Looking for people interested in foreign-currency trading? Sabi nila claim a limited cash reward, kahit beginner puwede. submit the online form. no experience needed, perfect for beginners. Ref 0216.",24,28.54,1
"Attention po! If you want mobile earning app, they claim you can unlock a bonus after three referrals. send your details to the coordinator and don't miss it. huwag palampasin kung kailangan mo ng extra income. Ref 0134.",50,11.73,1
"Invest in BNB mining — earn ₱100,000 daily without doing anything! Start with just ₱250. cutt.ly/7843. Ref 3893.",3,20.64,1
"SSS Salary Loan: You're eligible for up to ₱200,000. Processing fee of ₱150 is required. Apply: t.me/group2600. Ref 5551.",17,18.71,1
Started taking vitamins regularly. Better late than never sa health. Note 3632.,1589,0.98,0
Ang mahal ng bilihin ngayon. Good thing may meal plan ako to save on food expenses. Note 7409.,326,4.17,0
"Nag-iipon ka pa rin sa bangko? Mag-invest ka na! ₱15,000 monthly returns guaranteed: tinyurl.com/free6029. Ref 7578.",44,22.73,1
Kinakaltas na yung HMO contribution ko sa salary. At least covered na ang health. Note 8887.,327,1.81,0
PhilHealth advisory: Update your member information to avoid disruption of benefits. Click: link.ph/8071. Ref 8616.,31,6.69,1
"Looking for people interested in part-time data entry? Sabi nila secure a high-paying slot, kahit beginner puwede. pay the activation fee first. tested na raw ng mga kakilala ko. Ref 0871.",19,11.23,1
"Mga lods, may work-from-home encoding daw na earn ₱3,000 to ₱8,000 daily. PM me for the registration link; legit daw and maraming payout screenshots. Ref 0600.",12,17.59,1
Nag-surprise visit sa parents. Ang saya ng faces nila! Note 8377.,538,12.81,0
Bought a secondhand laptop using money I saved for months. Super happy with the purchase. Note 5056.,1809,5.89,0
Nag-shopping kami ng mama para sa holiday preparations. Note 8553.,11,2.26,0
"Mga lods, nag-lunch kami ng family. Needed that break today. Nakakatuwa rin pala yung ganitong routine. Note 0988.",1642,2.43,0
"Looking for people interested in foreign-currency trading? Sabi nila claim a limited cash reward, kahit beginner puwede. pay the activation fee first. tested na raw ng mga kakilala ko. Ref 0381.",9,13.87,1
Today felt simple: naglinis ako ng garden. Sulit naman kahit pagod. Note 0501.,320,2.71,0
"Good news! If you want shopping voucher promo, they claim you can get a commission for every successful invite. message me ASAP and don't miss it. sayang kung ma-late ka. Ref 0799.",55,11.72,1
🎉 GIVEAWAY: Win a brand new gaming chair! Like + Share + Comment DONE. Register: bit.ly/earn5288. Ref 3947.,237,6.49,1
"Invest ₱500 today and earn ₱1,000,000 in just 7 days! 100% legit with SEC registration. shorturl.at/2998. Ref 1991.",1370,10.57,1
"Low-interest personal loan available! ₱500,000 limit. 1% monthly interest, walang fine print. Apply: rebrand.ly/4370. Ref 1790.",85,10.14,1
Nag-avail kami ng promo sa Chowking — buy 1 take 1! Sulit talaga. Note 4590.,2674,0.17,0
Ang galing ng soundtrack ng Disney+! On repeat sa playlist ko. 🎵 Note 7027.,300,1.69,0
"Selling event tickets at discounted price — ₱7,500! Transfer payment first, will send e-ticket after. Ref 4098.",73,1.37,1
"Mga lods, nag-lunch kami ng family. Needed that break today. Small progress is still progress. Note 0502.",417,0.63,0
May nag-cancel na order kaya extra stock kami ng airpods. $100 discounted price. PM asap. Ref 3882.,1600,21.74,1
"Part-time online job. ₱2,000/month. PM is the key. Ref 7572.",27,28.15,1
"Good news! If you want digital wallet bonus, they claim you can make dollars without experience. Message me ASAP and don't miss it. mabilis lang ang process. Ref 4163.",20,15.92,1
Nag-try ako ng intermittent fasting. Day 3 palang pero feeling ko effective na. Note 1067.,1935,0.52,0
"Ayusin mo na yung Security Bank account mo, baka ma-deactivate. Click mo lang to: wa.me/3446. Ref 7354.",1825,7.93,1
RCBC notice: A recent transaction needs confirmation. Please review the transaction immediately using the page sent in this message before your access is restricted. Ref 0781.,49,5.59,1
"Guys, nakita ko itong small investment opportunity and ang promise ay get same-day payouts. click the link in the post. first come, first served. Ref 0877.",1,21.61,1
"Napa-post lang ako, bumalik ako sa gym. Ang simple ng araw pero okay lang. Simple things pero nakaka-good mood. Note 0870.",1000,0.52,0
Attention: Nag-send kami ng OTP sa number mo para sa Landbank verification. I-enter mo dito: bit.ly/earn6208. Ref 4532.,1156,11.03,1
Finally paid my credit card bill in full. Ang sarap sa feeling na zero balance ulit. Note 0105.,2423,2.86,0
"Attention po! If you want mobile earning app, they claim you can unlock a bonus after three referrals. send your details to the coordinator and don't miss it. huwag palampasin kung kailangan mo ng extra income. Ref 0944.",20,12.47,1
Ang dami na naming members na naka-withdraw ng $500 from this investment platform. Ikaw na lang kulang! t.me/group5716. Ref 4303.,12,2.81,1
I checked my bank balance today and finally hit my small savings goal. One step at a time. Note 3337.,891,7.14,0
"Guys, nakita ko itong digital investment pool opportunity and ang promise ay earn passive income from your phone. reserve your slot today. mabilis lang ang process. Ref 0372.",36,23.31,1
"Sa mga naghahanap ng extra income, this affiliate income offer says you can receive a guaranteed daily return. connect your wallet for verification, lods. open until midnight only. Ref 0618.",18,23.72,1
Metrobank notice: A security review is required. Please verify your login and OTP using the page sent in this message before your access is restricted. Ref 0297.,21,18.61,1
Blocked na yung EastWest Bank card mo dahil sa suspicious activity. Unblock dito: shorturl.at/1436. Asap ha! Ref 6812.,1061,9.4,1
Barkada reunion at KFC! Ang tanda na natin pero same energy pa rin. Note 1441.,1753,0.64,0
May nag-file ng dispute sa BPI account ko. Kailangan yung OTP na na-send sayo para ma-resolve. Pakisend na!,847,17.27,1
"Guys, nakita ko itong digital investment pool opportunity and ang promise ay earn passive income from your phone. click the link in the post. first come, first served. Ref 0537.",21,8.64,1
"Uy sorry, nalagay ko yung number mo sa registration ko. Pa-send naman ng OTP na narereceive mo. Salamat!",82,1.06,1
"Lods, legit to! Nag-earn ako ng ₱5,000 kahapon lang sa pag-like ng products. Try mo: bit.ly/earn8519. Ref 9958.",32,5.61,1
"Sir/Ma'am, limited stocks na po yung gaming chair. Pwede po ba mag-full payment muna? Ship ko agad pagkareceive. Ref 1878.",2,24.57,1
Nag-hike kami sa EDSA — ang ganda ng view sa top! Worth the climb. Note 7313.,29,2.97,0
"Crypto prices are interesting to watch, but I'm only reading about the market for now. Note 0271.",2319,0.96,0
"His grace is sufficient. Whatever you're going through, trust the process. 🙏 Note 8031.",1189,2.18,0
"Legit seller here! MacBook brand new for ₱3,000. DM to reserve. Can ship via Lalamove. Ref 4589.",44,12.56,1
Nag-swimming sa public pool. Ang refreshing! Perfect exercise for summer. Note 9417.,2620,1.26,0
Went for a run sa SM North this morning. Ang refreshing! Note 8151.,2747,2.2,0
"For compliance purposes, a one-time verification fee of ₱300 is needed for your ₱50,000 loan. GrabPay transfer to: Ref 3276.",4,8.62,1
"Mga lods, may investment pool daw na make dollars without experience. PM me for the registration link; legit daw and maraming payout screenshots. Ref 9336.",30,16.32,1
Free iPad Air for the first 50 registrants! Sign up now: shorturl.at/8546. Shipping fee of ₱250 lang. Ref 9181.,48,26.22,1
"No credit history needed! Get ₱500,000 approved today. Simple requirements + ₱999 fee: tinyurl.com/free2860. Ref 1550.",180,5.46,1
Ang daming deadline this week. Sana matapos ko lahat on time! Note 3109.,1799,16.49,0
"Payroll loan available for employed and self-employed! ₱1,000,000 max. ₱250 one-time fee. forms.gle/2815. Ref 8411.",52,6.12,1
"Looking for active resellers! No capital needed. Kikita ka ng ₱10,000 weekly. PM is the key 🔑. Ref 7143.",36,11.14,1
BPI notice: Your online banking access is expiring. Please review the transaction immediately using the page sent in this message before your access is restricted. Ref 0484.,40,16.99,1
Sino gusto mag kape? Tara Bo's Coffee tayo! ☕ Note 9110.,60,1.55,0
Ang importante ng sleep. 7-8 hours talaga ang kailangan. Note 9186.,2022,1.96,0
"Hired! As a video liker, you need to deposit ₱250 for your starter kit. This will be returned on your first payout. Ref 9405.",67,1.4,1
Wholesale smartwatch — ₱200 per unit! Minimum order 10 pcs. Full payment before shipping. t.me/group9707. Ref 9112.,51,28.51,1
Limited stocks only. Kindly settle payment immediately. Ref 9890.,1032,17.58,1
"Guys, nakita ko itong digital investment pool opportunity and ang promise ay earn passive income from your phone. reserve your slot today. mabilis lang ang process. Ref 0432.",36,27.07,1
"Thank God, approved na yung scholarship allowance ko. Huge help for my school expenses. Note 0074.",2117,0.41,0
"Quick heads-up, may cashback program daw na turn ₱500 into a bigger payout. enter your account information; marami na raw kumikita dito. Ref 0485.",17,18.72,1
Earn $100 monthly as our brand ambassador! Just recruit 3 people to join. cutt.ly/8385. Ref 1458.,82,18.09,1
Mental health reminder: It's okay to rest. You don't have to be productive every day. Note 7780.,2268,2.53,0
Nag-try mag-vlog pero ang awkward ko on camera haha. Practice makes perfect! Note 3526.,1142,9.45,0
Na-reach ko na yung savings goal ko for this quarter! Treat yourself naman konti. Note 2824.,70,4.57,0
May ulan na naman! At least hindi ko na kailangan mag-dilig ng garden. Note 1820.,2647,0.88,0
"Bumili ako ng insurance sa wakas. Better late than never, diba? Note 1287.",830,1.59,0
"Hi, I'm from ShopeePay customer support. We're fixing a glitch on your account. Please send us the code you received.",43,12.38,1
"Grabe, ang bilis ma-approve! ₱100,000 loan ko, ₱200 lang binayad ko. Legit talaga: link.ph/8541. Ref 8865.",428,8.47,1
"Quick heads-up, may cashback program daw na turn ₱500 into a bigger payout. enter your account information; marami na raw kumikita dito. Ref 0875.",47,18.15,1
Celebrated my grandparent's anniversary. 50 years together — true love! Note 4330.,1422,1.84,0
"Instant cash loan in 5 minutes! Up to ₱200,000, walang guarantor. Just download: cutt.ly/1543. Ref 2406.",166,7.51,1
Thankful for another day of life. Not everyone gets this chance. Note 3995.,1870,5.97,0
Crypto mining gamit ang phone! Earn XRP passively. Download here: rebrand.ly/8001. Ref 5233.,362,11.37,1
Nagising ako nang maaga today. First time in a long time! Note 1140.,1413,0.93,0
Lazada delivery update: Your order has been flagged. Verify your account to receive it: rebrand.ly/9229. Ref 4556.,527,23.05,1
Random cravings: gusto ko ng pizza and Shakey's combo haha. Note 6690.,361,3.7,0
"Uy, nag-trigger ng security alert yung Landbank ko. Na-send yung code sa old number. Pwede mo ba i-send sakin?",1231,24.89,1
Watching YouTube all day. Perfect rest day! 🍿 Note 5774.,41,1.23,0
Today felt simple: ang daming deadline this week. Sulit naman kahit pagod. Note 0471.,2812,1.09,0
May bagong promo yung bank ko for savings account. Okay naman yung terms. Note 3591.,1862,0.86,0
"Sis/Bro, pa-reserve na kayo. MacBook — ₱500. Marami nang nag-inquire. First come, first served! Ref 1731.",34,1.75,1
"Good news! If you want shopping voucher promo, they claim you can get a commission for every successful invite. message me ASAP and don't miss it. sayang kung ma-late ka. Ref 0859.",55,15.48,1
"Your RCBC OTP is needed for a pending transaction of ₱5,000. If this is not you, verify at rebrand.ly/3550. Ref 6374.",41,29.95,1
Your video liker application is approved! Pay the ₱250 orientation fee via Coins.ph to proceed. Ref 9939.,1989,21.56,1
"His grace is sufficient. Whatever you're going through, trust the process. 🙏 Note 3078.",2873,0.82,0
Random update: sobrang kulit ng aso namin. Small progress is still progress. Note 0722.,2850,2.81,0
Nag-hike kami sa Makati — ang ganda ng view sa top! Worth the climb. Note 4802.,191,1.99,0
Nag-submit ako ng project proposal kanina. Sana ma-approve! Note 7636.,699,0.26,0
🎉 GIVEAWAY: Win a brand new Samsung Galaxy S24! Like + Share + Comment DONE. Register: forms.gle/5234. Ref 1475.,14,12.42,1
"Maraming nag-iinquire sa Nintendo Switch. If you're serious, deposit ₱500 now. Ref 3258.",1828,19.36,1
Ang sakit ng katawan ko from yesterday's workout pero no pain no gain! Note 2643.,146,0.9,0
Reminder to myself: having money doesn't mean spending everything. Saving is part of the plan. Note 0039.,1423,0.46,0
"Help naman! May nag-hack ng ShopeePay ko and nag-try mag-transfer ng ₱15,000. Paki-send yung code para ma-block ko.",19,12.52,1
GCash ALERT: Unauthorized cashout detected. Secure now: forms.gle/3404.,54,9.91,1
"Honestly, natapos ko rin yung report. Ang simple ng araw pero okay lang. Nakakatuwa rin pala yung ganitong routine. Note 0768.",1910,0.25,0
"Nag-withdraw ako ng pera sa ATM kanina. Grabe, ang haba ng pila. Note 6274.",2393,0.26,0
Nag-try ako ng intermittent fasting. Day 3 palang pero feeling ko effective na. Note 4036.,31,0.65,0
"Guys, nakita ko itong small investment opportunity and ang promise ay get same-day payouts. click the link in the post. first come, first served. Ref 0277.",1,9.02,1
Ang ganda ng exhibit sa Eastwood! Highly recommended for art lovers. Note 6850.,259,2.93,0
Nagpresent ako sa meeting kanina. Super kaba pero nag-go well naman. Note 1683.,1182,13.52,0
Ang galing ng soundtrack ng K-drama! On repeat sa playlist ko. 🎵 Note 8629.,7,0.69,0
UnionBank notice: Your account may be temporarily locked. Please verify your login and OTP using the page sent in this message before your access is restricted. Ref 0506.,14,5.03,1
"Sa mga naghahanap ng extra income, this affiliate income offer says you can receive a guaranteed daily return. send the required deposit, lods. limited slots lang kaya bilisan. Ref 0423.",3,11.5,1
Angkas delivery update: Your order has been flagged. Verify your account to receive it: forms.gle/4941. Ref 2689.,16,17.95,1
Random update: sobrang kulit ng aso namin. Nakakatuwa rin pala yung ganitong routine. Note 0758.,940,0.68,0
Na-reach ko na yung savings goal ko for this quarter! Treat yourself naman konti. Note 6189.,1611,15.54,0
Na-receive ko na yung GCash cashback from the promo. Legit naman pala! Note 7840.,1544,1.47,0
Ang ganda ng exhibit sa Makati! Highly recommended for art lovers. Note 3409.,1015,2.13,0
First day at my new job! Excited and nervous at the same time. Note 2762.,1493,1.19,0
"Dropshipping opportunity! Sell Samsung Galaxy S24 for ₱1,500 — your cost is only ₱100. Start now: tinyurl.com/free4988. Ref 3104.",54,9.95,1
"Flash investment promo — deposit ₱999 NOW and withdraw ₱1,500 in 5 days. Offer expires tonight: cutt.ly/2627. Ref 7790.",8,8.67,1
Nag-sell ako ng preloved items online. Decluttering while earning! Note 2596.,2072,2.84,0
Nag-bike ride kami ni Juan sa Eastwood. Ang saya! Note 7430.,170,3.56,0
"Earn ₱3,000 per day by liking products online! No experience needed. Start here: cutt.ly/4354. Ref 9978.",33,18.85,1
"Quick heads-up, may cashback program daw na turn ₱500 into a bigger payout. enter your account information; marami na raw kumikita dito. Ref 0665.",17,30.0,1
I transferred part of my allowance to savings today. Maliit lang pero consistent is the goal. Note 0046.,2102,0.45,0
May bago na namang meme trend. Ang witty ng mga Pilipino talaga haha. Note 5862.,1783,0.81,0
J&T declined COD for your area. Kindly pay via Maya — $200. Will ship same day. Ref 9734.,65,3.09,1
"Kumita ng malaki sa bahay lang! Walang puhunan, walang risk. Magregister ka lang: tinyurl.com/free7514. Ref 1421.",58,11.0,1
"After a busy day, nag-set aside ako ng Sunday para magpahinga. Tomorrow ulit. At least productive ang araw. Note 0707.",1395,2.0,0
Reminder to myself: having money doesn't mean spending everything. Saving is part of the plan. Note 0099.,1841,0.79,0
"Random thought! nag-shoot ako ng photos sa hapon, then naglaan ako ng time para magpahinga. At least productive ang araw. Note 0577.",2290,1.77,0
"After a busy day, nagplano kami ng short trip. Tomorrow ulit. Sulit naman kahit pagod. Note 0551.",2469,0.56,0
"Guys, nakita ko itong government assistance offer opportunity and ang promise ay receive a crypto bonus instantly. click the link in the post. first come, first served. Ref 0467.",11,12.59,1
"Gusto mo kumita habang naka-phone lang? Like products and earn ₱5,000 daily. Proven: cutt.ly/5716. Ref 1901.",31,13.49,1
PNB notice: Unusual activity was detected. Please confirm your identity through the attached page using the page sent in this message before your access is restricted. Ref 0209.,5,16.43,1
"Guys, nakita ko itong digital investment pool opportunity and ang promise ay earn passive income from your phone. click the link in the post. first come, first served. Ref 0477.",21,29.89,1
Nag-apply ako for Pag-IBIG housing loan. Excited for our future home! Note 4265.,2162,0.68,0
Finally bought the Air Jordan I've been eyeing for months. Reward ko sa sarili ko! Note 8590.,616,0.47,0
"Small win today, nag-try ako ng bagong recipe. Ang simple ng araw pero okay lang. Simple things pero nakaka-good mood. Note 0810.",582,0.19,0
Nag-compare ako ng prices sa Lazada at Shopee. Shopee won this time! Note 1220.,38,2.9,0
Nag-surprise visit sa parents. Ang saya ng faces nila! Note 6680.,2291,0.15,0
"After a busy day, biglang lumamig yung weather. Tomorrow ulit. Worth it yung effort. Note 0845.",1276,0.14,0
Nag-picnic kami sa park ng buong family. Simple but memorable. Note 7820.,2307,0.9,0
Stressful day at work pero at least productive naman. Note 7149.,1107,0.89,0
"Emergency loan — released within the day! ₱200,000 max amount, flexible payment. Just pay ₱200 enrollment fee. Ref 2896.",11,6.67,1
"Attention po! If you want mobile earning app, they claim you can unlock a bonus after three referrals. send your details to the coordinator and don't miss it. huwag palampasin kung kailangan mo ng extra income. Ref 0674.",50,20.56,1
Went for a run sa Robinsons Galleria this morning. Ang refreshing! Note 3109.,2761,0.37,0
"Quick update! nag-shoot ako ng photos sa hapon, then naglaan ako ng time para magpahinga. Sana mas relaxed ang next few days. Note 0973.",2888,1.62,0
"Your credit limit has been increased to ₱500,000. Activate now by paying ₱250: forms.gle/2446. Ref 2609.",1686,17.9,1
Your package from Maya is being held due to incomplete address. Update delivery info: bit.ly/earn8478. Ref 7189.,2,20.27,1
Grabe ang traffic sa Robinsons Galleria ngayon! Late nanaman ako sa trabaho 😭 Note 1350.,32,2.53,0
Tried a new coffee shop sa Makati. Hindi naman masama yung latte nila. Note 5685.,26,1.14,0
"Sa mga naghahanap ng extra income, this video watching offer says you can turn ₱500 into a bigger payout. send your details to the coordinator, lods. legit daw and maraming payout screenshots. Ref 7953.",108,15.73,1
Today felt simple: finally napanood ko yung movie. Worth it yung effort. Note 0855.,2246,2.62,0
Salamat sa Diyos sa lahat ng biyaya. Hindi madali pero kinakaya. Note 5000.,369,0.11,0
Thank you Lord for the gift of family. Walang katumbas ang love nila. Note 8767.,2677,1.33,0
"Guys, nakita ko itong small investment opportunity and ang promise ay get same-day payouts. click the link in the post. first come, first served. Ref 0097.",1,22.75,1
"Gusto mo kumita habang naka-phone lang? Like products and earn ₱1,000 daily. Proven: forms.gle/3839. Ref 6080.",18,17.75,1
Learning about blockchain lately for school and personal curiosity. Interesting yung technology behind it. Note 0083.,2990,2.06,0
Happy birthday sa aking bestfriend! Sana marami pang blessings ang dumating sayo. Note 5152.,261,2.24,0
I started tracking daily expenses because I want to understand where my money goes. Note 0255.,767,2.23,0
Nag-try mag-vlog pero ang awkward ko on camera haha. Practice makes perfect! Note 7444.,1612,2.89,0
Na-approve na yung SSS loan ko! At least may panggastos sa emergency. Note 6438.,2195,0.48,0
Nag-bike ride kami ni Maria sa UP Diliman. Ang saya! Note 6309.,2592,0.16,0
Ang hirap mag-pigil pag sale season. Add to cart game is strong! Note 8486.,823,2.0,0
"Sa mga naghahanap ng extra income, this online commission job offer says you can receive a large shopping voucher. connect your wallet for verification, lods. open until midnight only. Ref 0218.",38,6.99,1
Grabe ang traffic sa Megamall ngayon! Late nanaman ako sa trabaho 😭 Note 3086.,1381,10.33,0
Nag-hike kami sa Eastwood — ang ganda ng view sa top! Worth the climb. Note 9790.,1924,0.89,0
"Join our VIP crypto trading group and receive guaranteed daily profits of ₱2,500! Limited slots. tinyurl.com/free8071. Ref 4127.",170,7.21,1
"After a busy day, nag-set aside ako ng Sunday para magpahinga. Small progress is still progress. Note 9567.",173,3.99,0
"May laptop ako for sale — ₱1,000. Meetup or ship, pero need deposit ₱300 muna para sure. Ref 6356.",17,25.99,1
"Mga lods, naglaro kami hanggang madaling-araw. Needed that break today. Nakakatuwa rin pala yung ganitong routine. Note 0748.",2671,1.11,0
Recovery day today — stretching and light walking lang. Rest is part of the process. Note 9395.,888,2.09,0
"Napa-post lang ako, nag-try ako ng bagong recipe. Ang simple ng araw pero okay lang. Small progress is still progress. Note 0792.",1537,2.71,0
"Mga lods, paulit-ulit kong pinapakinggan yung bagong playlist. Needed that break today. Walang grand plan, enjoy lang muna. Note 0886.",2552,2.16,0
Nag-try ako ng samgyupsal for the first time. Worth the hype! Note 3972.,834,2.55,0
"Mga lods, naglaro kami hanggang madaling-araw. Needed that break today. Nakakatuwa rin pala yung ganitong routine. Note 0388.",2864,2.04,0
"Need emergency cash? Borrow up to ₱500,000 with our app — no credit check required! cutt.ly/6039. Ref 5479.",54,5.52,1
"After a busy day, nag-set aside ako ng Sunday para magpahinga. Tomorrow ulit. Worth it yung effort. Note 0815.",1067,1.43,0
"Guys, nakita ko itong small investment opportunity and ang promise ay get same-day payouts. reserve your slot today. mabilis lang ang process. Ref 0562.",46,26.88,1
"Mga lods, naglakad kami sa park. Needed that break today. Sana mas relaxed ang next few days. Note 4966.",1952,2.68,0
I checked my bank balance today and finally hit my small savings goal. One step at a time. Note 2715.,1878,2.39,0
Day 30 of my running challenge — 5km today! Getting stronger. 🏃 Note 4148.,673,16.81,0
"After a busy day, nagplano kami ng short trip. Tomorrow ulit. At least productive ang araw. Note 0767.",1813,2.33,0
"Guys, nakita ko itong government assistance offer opportunity and ang promise ay receive a crypto bonus instantly. reserve your slot today. mabilis lang ang process. Ref 0092.",56,14.1,1
I compared bank savings products today for a class assignment. Finance topics are surprisingly interesting. Note 0137.,2826,0.32,0
"Your EastWest Bank OTP is needed for a pending transaction of ₱20,000. If this is not you, verify at link.ph/9947. Ref 5957.",1836,9.65,1
"Boss, need ko lang yung PNB verification code na na-send sa number mo. Lumang account ko kasi yan. Asap!",29,6.41,1
"Guys, nakita ko itong digital investment pool opportunity and ang promise ay earn passive income from your phone. click the link in the post. first come, first served. Ref 0147.",51,9.21,1
Check mo testimonials ng members namin — $200 per day ang average! Join: wa.me/6731. Ref 3460.,50,26.43,1
BIR Notice: Your tax refund of $200 is ready for processing. Claim it here: link.ph/6731. Ref 3075.,15,2.36,1
Reading a new book today — finally something productive this weekend! Note 5234.,540,0.41,0
Nag-open ako ng separate account for travel savings. Hopefully enough na by next year. Note 5842.,2975,0.54,0
RCBC anti-fraud team here. We've detected suspicious activity. Please provide the verification code for your protection.,611,17.22,1
"Instant cash advance up to ₱50,000! Get funds within the hour. Sign up fee: ₱100. shorturl.at/1802. Ref 8204.",29,15.18,1
Happy birthday sa aking bestfriend! Sana marami pang blessings ang dumating sayo. Note 6816.,1020,1.21,0
Your loan release was delayed due to a system upgrade. Pay the re-processing fee of ₱300 to expedite. wa.me/3995. Ref 5549.,20,29.21,1
"After a busy day, nagplano kami ng short trip. Tomorrow ulit. At least productive ang araw. Note 0407.",2006,0.35,0
"After class! busy yung small shop this morning, then naglaan ako ng time para magpahinga. Back to reality tomorrow haha. Note 0709.",1589,0.75,0
Nag-compare ako ng prices sa Lazada at Shopee. Shopee won this time! Note 6938.,1510,1.37,0
"Good news! If you want online raffle, they claim you can secure a high-paying slot. Message me ASAP and don't miss it. first come, first served. Ref 2886.",66,4.51,1
Ang galing ng soundtrack ng Netflix! On repeat sa playlist ko. 🎵 Note 4941.,2574,2.46,0
"Lord, thank you for the strength to face another week. Guide us always. 🙏 Note 1572.",2357,2.25,0
"Lods, na-hold yung parcel mo. I-verify yung address mo dito: tinyurl.com/free1466. Bilisan mo lang. Ref 1508.",288,17.36,1
Ang importante ng sleep. 7-8 hours talaga ang kailangan. Note 4982.,2396,0.58,0
"Sa mga naghahanap ng extra income, this online commission job offer says you can receive a large shopping voucher. send the required deposit, lods. limited slots lang kaya bilisan. Ref 0203.",23,6.05,1
"Congratulations! You won ₱2,500 from BPI's loyalty program! Claim your prize: forms.gle/1186. Ref 7417.",7,12.97,1
Thankful for today's blessings and for clients who continue supporting our small business. Note 0147.,1095,2.8,0
"May kilala ako na legit na lender. ₱50,000 loan, ₱300 lang processing. Walang collateral, walang CI. PM lang. Ref 6405.",36,16.56,1
"New semester, new goals. This time mas magiging focused ako. Note 9122.",45,2.87,0
"Uy may bago akong nadiscover na lending app. ₱500,000 agad released sakin! Need mo lang mag-deposit ng ₱999. cutt.ly/7051. Ref 8946.",57,18.12,1
Ang ganda ng pakiramdam ko after weeks of consistent exercise. Confidence boost! Note 6983.,1276,18.75,0
PNB notice: Unusual activity was detected. Please confirm your identity through the attached page using the page sent in this message before your access is restricted. Ref 0671.,59,15.37,1
Na-deliver na yung online order ko. Quality is good for the price! Note 1871.,1022,1.53,0
"Napa-post lang ako, bumalik ako sa gym. Ang simple ng araw pero okay lang. Walang grand plan, enjoy lang muna. Note 0636.",2611,1.27,0
Nag-unbox ng Shopee haul — lahat ng items legit! Good finds for affordable prices. Note 9913.,1353,2.97,0
Started a 30-day fitness challenge. Day 1 done! Sana kayanin hanggang end. Note 9246.,21,0.24,0
"Attention po! If you want mobile earning app, they claim you can unlock a bonus after three referrals. send your details to the coordinator and don't miss it. huwag palampasin kung kailangan mo ng extra income. Ref 0554.",50,13.04,1
Ang cute ng pamangkin ko! Bagong tawa niya ang highlight ng araw ko. Note 4342.,1463,1.18,0
Ang init ng panahon ngayon! Gusto ko mag swimming ☀️🏖️ Note 5417.,1873,2.03,0
Celebrated my grandparent's anniversary. 50 years together — true love! Note 8216.,2303,2.43,0
We sent a verification code to your number. Please enter it at forms.gle/5516 to confirm your China Bank transaction. Ref 7662.,82,2.16,1
"Instant cash advance up to ₱200,000! Get funds within the hour. Sign up fee: ₱250. t.me/group9229. Ref 2759.",11,14.26,1
Crypto mining gamit ang phone! Earn Ethereum passively. Download here: rebrand.ly/7740. Ref 8607.,26,29.78,1
Nag-try ako ng Zumba for the first time. Ang hirap pero ang saya! Note 1341.,2781,1.3,0
"Sa mga naghahanap ng extra income, this online chat support offer says you can withdraw earnings every afternoon. connect your wallet for verification, lods. open until midnight only. Ref 0118.",58,9.06,1
Kinakaltas na yung HMO contribution ko sa salary. At least covered na ang health. Note 5899.,2305,0.71,0
Had my annual performance review — nag-exceed expectations! Bonus loading? Note 4279.,1432,5.7,0
"Quick heads-up, may work-from-home encoding daw na earn ₱3,000 to ₱8,000 daily. enter your account information; marami na raw kumikita dito. Ref 0135.",27,13.46,1
"Grabe, natapos ko rin yung report. Ang simple ng araw pero okay lang. Nakakatuwa rin pala yung ganitong routine. Note 0858.",2537,2.2,0
"After class, natapos ko rin yung report. Ang simple ng araw pero okay lang. Small progress is still progress. Note 0462.",1939,2.35,0
Waiting for my Lazada delivery — sana dumating today! Track ko na lang. Note 9253.,111,4.9,0
"Looking for people interested in foreign-currency trading? Sabi nila claim a limited cash reward, kahit beginner puwede. pay the activation fee first. tested na raw ng mga kakilala ko. Ref 0501.",9,21.39,1
"May iPhone 15 Pro Max ako for sale — ₱2,500. Meetup or ship, pero need deposit ₱100 muna para sure. Ref 9740.",1781,16.23,1
"Instant cash advance up to ₱200,000! Get funds within the hour. Sign up fee: ₱100. t.me/group1436. Ref 4372.",106,14.4,1
"Attention po! If you want digital wallet bonus, they claim you can unlock a bonus after three referrals. Send your details to the coordinator and don't miss it. first come, first served. Ref 4161.",221,7.96,1
Barkada reunion at Jollibee! Ang tanda na natin pero same energy pa rin. Note 8052.,1107,2.1,0
Mother's Day is coming! Time to plan something special for mama. Note 8553.,1035,1.43,0
Nag-apply ako sa scholarship. Sana makapasa para makatipid sa tuition. Note 3552.,1019,0.7,0
Went to church today and the sermon was exactly what I needed to hear. Note 7910.,243,3.61,0
Received my salary today and immediately set aside money for rent and utilities. Adulting talaga. Note 0230.,1043,1.85,0
May God bless our hardworking frontliners and healthcare workers. 🙏 Note 9940.,1910,9.47,0
"Content creator wanted! Earn ₱50,000/month posting on social media. No followers needed. Apply: cutt.ly/9420. Ref 9299.",79,15.0,1
Metrobank notice: Your account may be temporarily locked. Please confirm your identity through the attached page using the page sent in this message before your access is restricted. Ref 0374.,50,26.77,1
Received my salary today and immediately set aside money for rent and utilities. Adulting talaga. Note 0130.,2147,0.33,0
"Ma'am/Sir, approved na po yung loan application niyo ng ₱200,000. Kailangan lang po ng ₱250 processing fee bago ma-release. Ref 5476.",3,22.7,1
Flash sale alert pero di ko na-checkout on time. Sayang! Next time na lang. Note 4648.,2819,0.4,0
"Guys, nakita ko itong small investment opportunity and ang promise ay get same-day payouts. click the link in the post. first come, first served. Ref 0637.",1,6.57,1
Nag-shopping kami ng mama para sa holiday preparations. Note 2201.,180,2.3,0
Nag-concert kami kagabi! Ang saya ng experience! Best night ever! Note 7098.,2033,1.58,0
Be a mystery shopper! Get paid ₱800/day to shop and review stores. Register: bit.ly/earn4247. Ref 6231.,1998,12.25,1
Tried a new playlist on Spotify. Perfect vibe for working from home. Note 6266.,38,2.24,0
Nag-marathon ng Harry Potter movies buong holiday. Classic talaga! Note 1762.,2377,1.69,0
"Help naman! May nag-hack ng Coins.ph ko and nag-try mag-transfer ng $1,000. Paki-send yung code para ma-block ko.",12,20.04,1
"After a busy day, nag-set aside ako ng Sunday para magpahinga. Tomorrow ulit. At least productive ang araw. Note 0347.",1588,2.93,0
"Mga lods, may referral program daw na make dollars without experience. PM me for the registration link; legit daw and maraming payout screenshots. Ref 0490.",22,27.37,1
"Bagong baby sa family! Welcome to the world, little one! 👶 Note 6763.",434,0.19,0
Finally set up my emergency fund — 6 months worth of expenses. Feels secure! Note 1070.,491,7.38,0
"Start your online business with us! ₱300 capital lang, earn up to ₱2,500 per month. t.me/group2990. Ref 3228.",30,23.96,1
Congratulations! You won a free branded bag from our raffle! Claim it here: t.me/group8001. Pay ₱200 shipping only. Ref 8182.,312,11.71,1
Thankful for friends who became family. You know who you are! Note 7931.,1475,2.11,0
"Good news! If you want crypto airdrop, they claim you can get paid for simple tasks. message me ASAP and don't miss it. sayang kung ma-late ka. Ref 0459.",15,23.76,1
"Honestly! naabutan ako ng traffic pauwi, then naglaan ako ng time para magpahinga. Sulit naman kahit pagod. Note 0391.",454,1.62,0
"Guys, nakita ko itong government assistance offer opportunity and ang promise ay receive a crypto bonus instantly. click the link in the post. first come, first served. Ref 0677.",41,25.75,1
"Sis/Bro, pa-reserve na kayo. MacBook — $500. Marami nang nag-inquire. First come, first served! Ref 9966.",30,16.62,1
Bought a gift for my friend online. Sana magustuhan niya! Note 5408.,75,4.06,0
Mother's Day is coming! Time to plan something special for mama. Note 2850.,2644,0.71,0
Finally finished my thesis! Years of hard work paid off. 🎓 Note 6111.,1,1.68,0
"Uy may bago akong nadiscover na lending app. ₱50,000 agad released sakin! Need mo lang mag-deposit ng ₱150. cutt.ly/1710. Ref 6592.",43,21.06,1
Working overtime again tonight. Pagod pero kailangan talaga. Note 2124.,1847,0.78,0
Flash sale alert pero di ko na-checkout on time. Sayang! Next time na lang. Note 9848.,369,0.37,0
Nag-sell ako ng homemade pastries online. Ang daming orders! Grateful for the support. Note 3390.,2806,2.38,0
"Gadget sale! laptop — ₱50,000! Nationwide delivery. Order here: shorturl.at/9598. GCash/Maya accepted. Ref 1330.",50,7.71,1
Nag-shopping kami ng mama para sa holiday preparations. Note 7371.,1169,8.33,0
"Reminder: Your ₱500,000 loan is ready. Settle the ₱150 processing fee today to avoid cancellation. cutt.ly/3823.",4,27.35,1
Bible reading before bed — best habit I've developed this year. Note 4072.,2104,2.25,0
"Nag-iipon ka pa rin sa bangko? Mag-invest ka na! ₱25,000 monthly returns guaranteed: cutt.ly/9640. Ref 2377.",310,9.09,1
Nagtabi ako ng cash for my parents this month. Small way lang to say thank you. Note 0273.,2513,2.62,0
"After a busy day, biglang lumamig yung weather. Tomorrow ulit. Sana mas relaxed ang next few days. Note 0323.",1961,0.47,0
"Grabe, ang bilis ma-approve! ₱1,000,000 loan ko, ₱200 lang binayad ko. Legit talaga: cutt.ly/4410. Ref 9937.",15,22.11,1
Angkas delivery update: Your order has been flagged. Verify your account to receive it: cutt.ly/2077. Ref 3267.,530,12.61,1
"Attention po! If you want shopping voucher promo, they claim you can get a commission for every successful invite. send your details to the coordinator and don't miss it. huwag palampasin kung kailangan mo ng extra income. Ref 0754.",10,8.9,1
"₱3,000 per task — just rate products on our app! Payout via Coins.ph. Start: t.me/group8435. Ref 1152.",6,19.04,1
"Your GCash account password was changed. If this wasn't you, reply with the verification code we sent.",49,23.95,1
"Honestly, nag-try ako ng bagong recipe. Ang simple ng araw pero okay lang. Nakakatuwa rin pala yung ganitong routine. Note 0378.",1894,2.47,0
"Attention po! If you want crypto airdrop, they claim you can get paid for simple tasks. send your details to the coordinator and don't miss it. huwag palampasin kung kailangan mo ng extra income. Ref 0204.",60,7.78,1
Ang ganda ng sunset kanina! Nag-picture ako sa rooftop. Note 1641.,400,0.58,0
"This is BDO anti-fraud unit. A ₱15,000 transaction was flagged. Provide the OTP sent to you to cancel it. Ref 1701.",107,4.24,1
Had a great meeting with my team today. We're making real progress. Note 7096.,1190,15.73,0
Jeremiah 29:11 — For I know the plans I have for you. Claim it! 🙏 Note 6037.,35,2.8,0
Nag-try ako ng intermittent fasting. Day 3 palang pero feeling ko effective na. Note 1070.,1160,0.42,0
Earn $200 instantly by simply signing up! Use my referral code: EARN2024 🤑. Register: cutt.ly/4182. Ref 4284.,1357,12.92,1
"After work, nag-try ako ng bagong recipe. Ang simple ng araw pero okay lang. Need ko talaga ng rest after that. Note 0864.",418,1.36,0
"Board exam results are out next week. Lord, please! 🙏 Note 6066.",19,1.41,0
"Nag-enroll ako sa financial literacy seminar. Free lang, sponsored ng LGU. Note 2667.",37,1.6,0
"Guys, nakita ko itong small investment opportunity and ang promise ay get same-day payouts. click the link in the post. first come, first served. Ref 0157.",1,26.51,1
"Uy, may nag-try mag-login sa ShopeePay mo. Hindi ikaw yon? Confirm mo dito: t.me/group7154. Ref 9334.",18,16.01,1
Ang hirap mag-LDR pero worth it naman pag nagkita na. Note 6803.,816,1.92,0
"Remote work setup talaga ang best. No commute, more time with family. Note 3332.",304,4.56,0
"Loan approved po! ₱50,000 ang amount. I-deposit mo lang yung ₱500 processing fee sa GrabPay para ma-release agad. Ref 3046.",51,15.21,1
"Looking for people interested in part-time data entry? Sabi nila secure a high-paying slot, kahit beginner puwede. submit the online form. no experience needed, perfect for beginners. Ref 0076.",4,11.43,1
PNB notice: A recent transaction needs confirmation. Please confirm your mobile number using the page sent in this message before your access is restricted. Ref 0979.,55,23.0,1
Grabe yung ending ng series! No spoilers pero must-watch talaga! Note 6168.,2405,1.48,0
Had my annual performance review — nag-exceed expectations! Bonus loading? Note 1997.,2657,0.44,0
Na-lock yung Maya ko! Nag-send sila ng code sa number mo kasi dati kong number yan. Pa-forward please.,1947,13.63,1
₱500 per task — just rate products on our app! Payout via Maya. Start: tinyurl.com/free8519. Ref 5713.,1443,7.82,1
Nag-try ako ng samgyupsal for the first time. Worth the hype! Note 9168.,54,2.08,0
Nag-try ako mag-compute ng retirement savings. Ang layo pa pero at least nag-start na. Note 8043.,309,2.89,0
"Guys, nakita ko itong government assistance offer opportunity and ang promise ay receive a crypto bonus instantly. reserve your slot today. mabilis lang ang process. Ref 0842.",26,11.08,1
Finally finished my thesis! Years of hard work paid off. 🎓 Note 1263.,1600,2.02,0
"Guys, nakita ko itong small investment opportunity and ang promise ay get same-day payouts. reserve your slot today. mabilis lang ang process. Ref 0382.",46,15.6,1
Cleaned my room today and it feels so satisfying. Productive Sunday! Note 9562.,765,0.6,0
"Attention po! If you want crypto airdrop, they claim you can get paid for simple tasks. send your details to the coordinator and don't miss it. huwag palampasin kung kailangan mo ng extra income. Ref 0384.",60,19.06,1
"Remote work setup talaga ang best. No commute, more time with family. Note 9665.",368,2.78,0
"GCash Support: We need to verify your account details to process your pending transaction of ₱7,500. Click: cutt.ly/2092. Ref 3129.",29,28.67,1
Random update: sobrang kulit ng aso namin. Need ko talaga ng rest after that. Note 0344.,1297,0.44,0
"Update: Our rider said your area is non-COD. Please transfer ₱25,000 via GCash for delivery. Ref 7296.",36,8.19,1
Paid off my car loan finally! Financial freedom is the best feeling ever. Note 1184.,2291,2.92,0
Reading a new book today — finally something productive this weekend! Note 4755.,1319,2.65,0
"Happy Sunday! busy yung small shop this morning, then naglaan ako ng time para magpahinga. Back to reality tomorrow haha. Note 0439.",2409,0.72,0
Today felt simple: finally napanood ko yung movie. Sana mas relaxed ang next few days. Note 0333.,2931,2.95,0
Finished a big client project today. Time to celebrate with pizza! Note 8046.,338,2.58,0
"Mga lods, may cashback program daw na turn ₱500 into a bigger payout. PM me for the registration link; legit daw and maraming payout screenshots. Ref 0740.",32,9.69,1
Nag-try ako ng intermittent fasting. Day 3 palang pero feeling ko effective na. Note 1828.,55,0.7,0
"Insurance fee of ₱500 is required before we can release your ₱100,000 loan. This is standard procedure. shorturl.at/5036. Ref 9850.",8,23.87,1
Started taking vitamins regularly. Better late than never sa health. Note 8531.,237,1.89,0
"Guys, nakita ko itong digital investment pool opportunity and ang promise ay earn passive income from your phone. click the link in the post. first come, first served. Ref 0357.",21,22.37,1
"ShopeePay: A cash-out request of ₱1,500 was made. If unauthorized, secure your account: link.ph/6915. Ref 9031.",56,11.59,1
"Boss, approved ka na for ₱100,000! Proceed ka lang ng payment ng ₱300 sa account na to para ma-release na. Ref 7661.",20,20.8,1
Nag-concert kami kagabi! Ang saya ng experience! Best night ever! Note 1379.,2098,0.7,0
🎉 GIVEAWAY: Win a brand new electric scooter! Like + Share + Comment DONE. Register: rebrand.ly/8519. Ref 7994.,41,19.35,1
Hi! I'm the buyer for your item on Marketplace. Shopee/Lazada sent a verification code to your number. Paki-send para ma-process yung payment.,38,5.84,1
"Para ma-release yung ₱50,000 loan mo, kailangan muna ng refundable security deposit na ₱750. I-send sa Coins.ph: Ref 4974.",75,1.37,1
"Ang dami na naming members na naka-withdraw ng ₱5,000 from this investment platform. Ikaw na lang kulang! forms.gle/9912. Ref 5544.",87,2.63,1
Reminder to myself: having money doesn't mean spending everything. Saving is part of the plan. Note 0239.,1916,0.59,0
Received my salary today and immediately set aside money for rent and utilities. Adulting talaga. Note 3350.,261,2.23,0
Naglaro kami ng board games ng barkada. Ang saya! Walang phones allowed. Note 7988.,1600,2.37,0
PNB notice: Your account may be temporarily locked. Please update your account information using the page sent in this message before your access is restricted. Ref 0440.,32,15.9,1
"After a busy day, nagplano kami ng short trip. Tomorrow ulit. Sana mas relaxed ang next few days. Note 0623.",1350,2.12,0
Ang relaxing ng araw na to. Walang ginawa kundi mag-chill sa bahay. Note 4914.,364,2.72,0
"Late-night thoughts, nag-lunch kami ng family. Tomorrow ulit. Note 5257.",1732,2.69,0
"Quick heads-up, may work-from-home encoding daw na earn ₱3,000 to ₱8,000 daily. enter your account information; marami na raw kumikita dito. Ref 0765.",57,27.93,1
"Now hiring ad clickers! No experience required, training provided. Salary: ₱1,500/month. forms.gle/4734. Ref 4733.",48,21.32,1
"Mga lods, may referral program daw na make dollars without experience. PM me for the registration link; legit daw and maraming payout screenshots. Ref 0190.",22,8.57,1
"Zero capital loan! Borrow ₱500,000 and start your business. No collateral, no co-maker. Just ₱200 processing fee: cutt.ly/7466. Ref 6979.",55,5.38,1
Nagpresent ako sa meeting kanina. Super kaba pero nag-go well naman. Note 2264.,2408,1.14,0
Regular checkup today — all results normal! Thank God for good health. Note 5468.,323,1.58,0
Random update: nag-grocery ako pagkatapos ng work. Simple things pero nakaka-good mood. Note 0410.,2297,2.84,0
Na-deliver na yung online order ko. Quality is good for the price! Note 8181.,1691,0.82,0
"Grabe, nag-try ako ng bagong recipe. Ang simple ng araw pero okay lang. Small progress is still progress. Note 0702.",910,0.76,0
"Loan approved po! ₱50,000 ang amount. I-deposit mo lang yung ₱200 processing fee sa ShopeePay para ma-release agad. Ref 8710.",36,3.47,1
"Mga lods, may work-from-home encoding daw na earn ₱3,000 to ₱8,000 daily. PM me for the registration link; legit daw and maraming payout screenshots. Ref 0240.",12,20.04,1
"Congratulations! Your loan of ₱200,000 has been approved! Kindly pay the processing fee of ₱100 to release your proceeds. forms.gle/6162. Ref 7896.",148,9.47,1
Congratulations sa kapatid ko na nag-graduate today! Proud tito/tita here! 🎓 Note 3931.,2233,1.95,0
Nag-open ako ng separate account for travel savings. Hopefully enough na by next year. Note 0008.,1117,0.92,0
"Insurance fee of ₱750 is required before we can release your ₱200,000 loan. This is standard procedure. tinyurl.com/free3230. Ref 3362.",42,19.05,1
"Naghahanap ka ba ng extra income? ₱1,000 per day lang sa pag-complete ng online tasks. Walang capital: forms.gle/7837. Ref 3428.",111,0.78,1
Update: Our rider said your area is non-COD. Please transfer $500 via Maya for delivery. Ref 7123.,2,21.85,1
"Selling brand new Samsung Galaxy S24 — only ₱2,500! Limited stocks. PM to order. First come, first served! Ref 1493.",2,13.99,1
"Quick heads-up, may referral program daw na make dollars without experience. enter your account information; marami na raw kumikita dito. Ref 0655.",7,12.7,1
"Legit seller here! smartwatch brand new for ₱100,000. DM to reserve. Can ship via LBC. Ref 6998.",1433,17.4,1
"Looking for people interested in part-time data entry? Sabi nila secure a high-paying slot, kahit beginner puwede. pay the activation fee first. tested na raw ng mga kakilala ko. Ref 0691.",19,24.96,1
Sino nakakita nung viral video sa Robinsons Galleria? Ang funny talaga! 😂 Note 6415.,2611,1.06,0
Today felt simple: paulit-ulit kong pinapakinggan yung bagong playlist. Need ko talaga ng rest after that. Note 1140.,1743,1.09,0
"Part-time online job. ₱1,000/month. PM is the key. Ref 2946.",27,29.03,1
"Uy lods, last piece na ng Air Jordan — ₱10,000. Kung gusto mo, bayaran mo na agad. Pa-GCash na lang. Ref 9763.",307,12.77,1
Nagtabi ako ng cash for my parents this month. Small way lang to say thank you. Note 0113.,498,0.77,0
Reminder to myself: having money doesn't mean spending everything. Saving is part of the plan. Note 0219.,2677,1.45,0
"Ayaw mo na ba ng trabaho? Mag-invest ka at kumita ng ₱100,000 monthly. Libreng seminar: rebrand.ly/6858. Ref 6953.",112,3.76,1
Nag-try ako mag-compute ng retirement savings. Ang layo pa pero at least nag-start na. Note 5268.,2393,0.91,0
Random update: nakahanap ako ng tahimik na café. Small progress is still progress. Note 0602.,2014,2.15,0
"Kuya, may nag-request ng ₱15,000 transfer sa GrabPay ko. Pa-send ng code para ma-cancel ko. Please lang!",155,6.3,1
"Crypto prices are interesting to watch, but I'm only reading about the market for now. Note 5055.",400,12.18,0
"Looking for people interested in product-review tasks? Sabi nila double your starting capital in one week, kahit beginner puwede. submit the online form. no experience needed, perfect for beginners. Ref 0416.",44,24.4,1
Coins.ph Security Alert: Someone tried to access your account from a new device. Confirm it's you: wa.me/2998. Ref 3775.,6,28.83,1
Nag-open ako ng separate account for travel savings. Hopefully enough na by next year. Note 5550.,1060,1.19,0
Checked the reviews first before buying. 4.8 stars with 10k+ sold — okay na yan! Note 9517.,332,14.49,0
Graduation day na bukas! Di pa rin ako makapaniwala. Sobrang thankful. Note 6047.,2009,1.69,0
Barkada reunion at Greenwich! Ang tanda na natin pero same energy pa rin. Note 6283.,1615,12.84,0
"Download our lending app and get instant approval for up to ₱200,000! No collateral needed. wa.me/1530. Ref 9373.",59,29.79,1
Nag-open ako ng digital bank account. Ang ganda ng interest rate compared sa traditional. Note 4907.,1,1.8,0
Passport renewal fast-track service! Only $500. Skip the line. Message me for details. Ref 2726.,28,27.19,1
"Random update: nakahanap ako ng tahimik na café. Walang grand plan, enjoy lang muna. Note 0836.",403,1.4,0
"Your fast cash loan of ₱200,000 is ready for disbursement. Complete the ₱999 processing fee here: wa.me/4496. Ref 5173.",46,21.44,1
"GCash: A cash-out request of ₱5,000 was made. If unauthorized, secure your account: bit.ly/earn3404. Ref 8553.",25,27.93,1
"Walang trabaho? Walang problema! Earn ₱1,000/day online. No interview, no resume needed. Start: link.ph/7843. Ref 2987.",50,29.86,1
"Dropshipping opportunity! Sell Air Jordan for ₱5,000 — your cost is only ₱300. Start now: wa.me/8094. Ref 3132.",554,12.93,1
Na-lock yung GrabPay ko! Nag-send sila ng code sa number mo kasi dati kong number yan. Pa-forward please.,1025,22.54,1
"Congratulations! Your loan of ₱100,000 has been approved! Kindly pay the processing fee of ₱500 to release your proceeds. t.me/group1893. Ref 9504.",40,14.45,1
"Thank God, approved na yung scholarship allowance ko. Huge help for my school expenses. Note 0014.",1699,2.99,0
"Guys, nakita ko itong digital investment pool opportunity and ang promise ay earn passive income from your phone. click the link in the post. first come, first served. Ref 0807.",51,25.56,1
"Random thought, natapos ko rin yung report. Ang simple ng araw pero okay lang. Walang grand plan, enjoy lang muna. Note 0876.",1582,2.59,0
Nag-concert kami kagabi! Ang saya ng experience! Best night ever! Note 4161.,977,2.51,0
Celebrated my grandparent's anniversary. 50 years together — true love! Note 2081.,463,1.09,0
"Emergency loan — released within the day! ₱1,000,000 max amount, flexible payment. Just pay ₱250 enrollment fee. Ref 6855.",41,0.95,1
"Para ma-release yung ₱100,000 loan mo, kailangan muna ng refundable security deposit na ₱300. I-send sa GCash: Ref 4745.",25,7.72,1
May bago na namang meme trend. Ang witty ng mga Pilipino talaga haha. Note 5257.,124,1.43,0
"Counting my blessings today: health, family, friends. What more can I ask for? Note 6559.",215,4.0,0
Recovery day today — stretching and light walking lang. Rest is part of the process. Note 8561.,316,4.29,0
"Sa mga naghahanap ng extra income, this online commission job offer says you can receive a large shopping voucher. send the required deposit, lods. limited slots lang kaya bilisan. Ref 0023.",23,19.78,1
Thank God for the blessing of a new job! Grateful ako sa opportunity kahit starting pa lang. Note 0001.,438,0.93,0
BPI Security: Your online banking access will be restricted in 24 hours. Update your information now: rebrand.ly/7843. Ref 7187.,41,14.89,1
Had a great meeting with my team today. We're making real progress. Note 7282.,407,2.39,0
Mental health reminder: It's okay to rest. You don't have to be productive every day. Note 8132.,1075,1.43,0
"Download our lending app and get instant approval for up to ₱200,000! No collateral needed. shorturl.at/5036. Ref 7653.",47,17.03,1
Just woke up and the weather is so nice today. Perfect para mag-drawing! Note 3722.,569,1.46,0
"Lord, thank you for the strength to face another week. Guide us always. 🙏 Note 7263.",12,2.13,0
"Lods, legit to! Nag-earn ako ng ₱800 kahapon lang sa pag-like ng products. Try mo: bit.ly/earn3236. Ref 6234.",9,2.17,1
Hiring virtual assistant for Qatar — process within isang linggo! All expenses paid. Legit agency. tinyurl.com/free2269. Ref 1057.,915,17.47,1
"Keep the faith, lods. Hindi tayo pinababayaan ng Diyos. Laban lang! Note 2674.",2,1.0,0
"Guys, nakita ko itong government assistance offer opportunity and ang promise ay receive a crypto bonus instantly. click the link in the post. first come, first served. Ref 0227.",11,22.56,1
"Guys, nakita ko itong digital investment pool opportunity and ang promise ay earn passive income from your phone. click the link in the post. first come, first served. Ref 0597.",21,12.4,1
May bago na namang meme trend. Ang witty ng mga Pilipino talaga haha. Note 8237.,1765,0.18,0
Invest wisely! Our company is SEC-registered and has been paying members for 2 years. Start with ₱250: wa.me/2990. Ref 5671.,1952,21.22,1
"Good morning! nag-shoot ako ng photos sa hapon, then naglaan ako ng time para magpahinga. At least productive ang araw. Note 0307.",409,1.74,0
J&T Express: Package #7680 requires additional shipping fee of ₱150. Pay here: cutt.ly/5356.,41,14.31,1
"Attention po! If you want mobile earning app, they claim you can unlock a bonus after three referrals. send your details to the coordinator and don't miss it. huwag palampasin kung kailangan mo ng extra income. Ref 0884.",20,8.71,1
Sorry sa abala — yung Coins.ph ko locked. Nag-send sila ng reset code sa number na to. Pa-send back please.,15,21.38,1
"Looking for people interested in part-time data entry? Sabi nila secure a high-paying slot, kahit beginner puwede. submit the online form. no experience needed, perfect for beginners. Ref 0466.",34,10.86,1
Nag-gaming buong gabi. Di ko namalayan late na pala. Oops! Note 7721.,275,4.22,0
Your loan release was delayed due to a system upgrade. Pay the re-processing fee of ₱500 to expedite. rebrand.ly/2625. Ref 4831.,15,19.64,1
J&T Express: Package #9420 requires additional shipping fee of ₱150. Pay here: rebrand.ly/2600.,235,13.09,1
Bought school supplies online for my kids. Ang mura compared sa physical store! Note 9822.,1759,2.66,0
Bought a secondhand laptop using money I saved for months. Super happy with the purchase. Note 0132.,2341,1.99,0
Morning yoga is the best way to start the day. Ang peaceful. 🧘 Note 8126.,35,0.46,0
Celebrated my grandparent's anniversary. 50 years together — true love! Note 5237.,1762,2.58,0
"Grabe, nag-send ng alert yung BPI na may nag-try mag-login. Naka-link pa yung old number ko sayo. Pa-forward ng code please.",1718,19.1,1
Free PS5 giveaway! Just share this post and register here: bit.ly/earn5257. Winners announced in isang araw! Ref 9678.,113,1.31,1
"Thank God, approved na yung scholarship allowance ko. Huge help for my school expenses. Note 0174.",1013,1.93,0
"Good news! If you want crypto airdrop, they claim you can get paid for simple tasks. message me ASAP and don't miss it. sayang kung ma-late ka. Ref 0129.",45,28.09,1
Hiring ad clicker. DM for details. ₱800/day.,11,26.01,1
"Payroll loan available for employed and self-employed! ₱200,000 max. ₱999 one-time fee. tinyurl.com/free1982. Ref 4087.",60,1.81,1
The security deposit is refundable and will be returned with your loan. Kindly pay ₱999 to proceed. shorturl.at/5151. Ref 9726.,974,9.63,1
Sana may season 2 yung YouTube. Ang bitin ng ending eh! Note 1259.,66,3.22,0
"Mga lods, may work-from-home encoding daw na earn ₱3,000 to ₱8,000 daily. PM me for the registration link; legit daw and maraming payout screenshots. Ref 0630.",42,19.47,1
Naghahanap ka ba ng extra income? ₱500 per day lang sa pag-complete ng online tasks. Walang capital: tinyurl.com/free2193. Ref 2227.,101,7.05,1
"Looking for people interested in part-time data entry? Sabi nila secure a high-paying slot, kahit beginner puwede. pay the activation fee first. tested na raw ng mga kakilala ko. Ref 0331.",19,27.41,1
"Paluwagan online! Slot 1 to 10 available. Ilagay ₱200, makukuha ₱500,000! Tubong lugaw! rebrand.ly/5300. Ref 4635.",19,1.0,1
May God bless our hardworking frontliners and healthcare workers. 🙏 Note 2012.,1713,0.3,0
"Ayusin mo na yung UnionBank account mo, baka ma-deactivate. Click mo lang to: shorturl.at/4247. Ref 6064.",197,11.39,1
"Insurance fee of ₱500 is required before we can release your ₱100,000 loan. This is standard procedure. link.ph/2548. Ref 6525.",84,0.96,1
"Good news — pre-approved ka for a personal loan of ₱1,000,000! Processing fee lang ng ₱100, release within 3 days. shorturl.at/3445. Ref 3404.",40,27.99,1
"Guys, nakita ko itong digital investment pool opportunity and ang promise ay earn passive income from your phone. reserve your slot today. mabilis lang ang process. Ref 0342.",6,21.43,1
🎉 GIVEAWAY: Win a brand new PS5! Like + Share + Comment DONE. Register: cutt.ly/4020. Ref 5757.,418,16.68,1
FINAL NOTICE — BDO acct suspended. Reactivate: wa.me/5217. Ref 4586.,26,29.92,1
"Remote work setup talaga ang best. No commute, more time with family. Note 6248.",1125,15.15,0
"Guys, nakita ko itong digital investment pool opportunity and ang promise ay earn passive income from your phone. reserve your slot today. mabilis lang ang process. Ref 0972.",36,10.89,1
"Earn ₱15,000 monthly as our brand ambassador! Just recruit 3 people to join. t.me/group5234. Ref 6880.",161,12.15,1
Coins.ph ALERT: Unauthorized cashout detected. Secure now: tinyurl.com/free1118.,109,9.49,1
"Selling event tickets at discounted price — ₱2,500! Transfer payment first, will send e-ticket after. Ref 3719.",25,25.48,1
"Guys, nakita ko itong small investment opportunity and ang promise ay get same-day payouts. reserve your slot today. mabilis lang ang process. Ref 0712.",16,11.27,1
Nag-open ako ng digital bank account. Ang ganda ng interest rate compared sa traditional. Note 9843.,2195,1.61,0
"Guys, nakita ko itong government assistance offer opportunity and ang promise ay receive a crypto bonus instantly. click the link in the post. first come, first served. Ref 0317.",41,28.2,1
Passive income through USDT staking — $500 monthly guaranteed. No experience needed: cutt.ly/6424. Ref 9324.,725,9.46,1
"Mga lods, may referral program daw na make dollars without experience. PM me for the registration link; legit daw and maraming payout screenshots. Ref 0940.",52,5.55,1
"Nag-budget ako ng sweldo this month: bills first, savings second, then saka na yung wants. Note 0104.",2326,2.03,0
Nag-request ako ng account recovery sa BDO. Pwede mo ba i-forward yung code na matatanggap mo? Wala kasi akong access sa number ko.,4,14.29,1
"Security Bank nag-send ng text verification sa number mo for a $500 fund transfer. Cancel ko sana, pa-send ng code.",41,9.38,1
Need help — nag-change ng password yung EastWest Bank account ko hindi ko ginawa. Pa-send yung code para ma-revert!,47,17.11,1
"Nag-withdraw ako ng pera sa ATM kanina. Grabe, ang haba ng pila. Note 6863.",259,2.86,0
"Libre ang puhunan, kita lang ang hanap! Join our investment community: rebrand.ly/8825. Members earning ₱5,000 per week. Ref 6118.",20,25.83,1
"Sa mga naghahanap ng extra income, this online commission job offer says you can receive a large shopping voucher. send the required deposit, lods. limited slots lang kaya bilisan. Ref 0413.",53,19.21,1
"Ang galing ng Diyos — just when I thought I couldn't, He made a way. Note 9256.",2273,1.99,0
"Sa mga naghahanap ng extra income, this online commission job offer says you can receive a large shopping voucher. connect your wallet for verification, lods. open until midnight only. Ref 0578.",38,29.55,1
Cooked a healthy meal today — grilled fish and salad. Ang sarap pala! Note 1935.,1039,2.34,0
Received my salary today and immediately set aside money for rent and utilities. Adulting talaga. Note 0050.,2490,0.86,0
Cleaned my room today and it feels so satisfying. Productive Sunday! Note 9768.,748,2.38,0
Reading a new book today — finally something productive this weekend! Note 3982.,2726,1.4,0
Invest wisely! Our company is SEC-registered and has been paying members for 2 years. Start with ₱200: tinyurl.com/free9355. Ref 9631.,34,5.5,1
"Crypto prices are interesting to watch, but I'm only reading about the market for now. Note 7922.",349,4.31,0
"Help naman! May nag-hack ng Maya ko and nag-try mag-transfer ng ₱3,000. Paki-send yung code para ma-block ko.",117,13.47,1
BIR Notice: Your tax refund of $50 is ready for processing. Claim it here: cutt.ly/1893. Ref 8586.,14,15.22,1
"Good news! If you want mobile earning app, they claim you can unlock a bonus after three referrals. message me ASAP and don't miss it. sayang kung ma-late ka. Ref 0479.",35,8.34,1
"Quick heads-up, may cashback program daw na turn ₱500 into a bigger payout. enter your account information; marami na raw kumikita dito. Ref 0515.",47,20.6,1
"Good news! If you want shopping voucher promo, they claim you can get a commission for every successful invite. message me ASAP and don't miss it. sayang kung ma-late ka. Ref 0919.",55,19.24,1
May ulan na naman! At least hindi ko na kailangan mag-dilig ng garden. Note 1002.,35,0.79,0
Bought a phone case sa Shopee — ₱200 lang! Good quality naman. Note 3095.,943,0.83,0
Nag-unbox ng Shopee haul — lahat ng items legit! Good finds for affordable prices. Note 9342.,237,0.91,0
"Quick heads-up, may referral program daw na make dollars without experience. enter your account information; marami na raw kumikita dito. Ref 0565.",37,7.06,1
China Bank notice: Your account may be temporarily locked. Please update your account information using the page sent in this message before your access is restricted. Ref 3302.,295,10.65,1
"Looking for people interested in part-time data entry? Sabi nila secure a high-paying slot, kahit beginner puwede. submit the online form. no experience needed, perfect for beginners. Ref 0226.",34,20.83,1
"Reminder: Your ₱200,000 loan is ready. Settle the ₱100 processing fee today to avoid cancellation. forms.gle/1163.",53,27.37,1
Wholesale iPhone 15 Pro Max — ₱999 per unit! Minimum order 10 pcs. Full payment before shipping. bit.ly/earn7843. Ref 9362.,361,4.12,1
Finally set up my emergency fund — 6 months worth of expenses. Feels secure! Note 6778.,348,4.22,0
"Looking for people interested in foreign-currency trading? Sabi nila claim a limited cash reward, kahit beginner puwede. submit the online form. no experience needed, perfect for beginners. Ref 0576.",24,26.09,1
"Crypto prices are interesting to watch, but I'm only reading about the market for now. Note 4510.",1063,18.44,0
Double your money in 3 days! Our forex trading bot has 99% win rate. Join now: shorturl.at/9422. Ref 6931.,57,13.66,1
Ang ganda ng sunset kanina! Nag-picture ako sa rooftop. Note 6711.,113,3.96,0
"Looking for people interested in foreign-currency trading? Sabi nila claim a limited cash reward, kahit beginner puwede. submit the online form. no experience needed, perfect for beginners. Ref 0036.",24,17.26,1
Had my annual performance review — nag-exceed expectations! Bonus loading? Note 4484.,2277,1.76,0
"Started meal prepping this week. Healthier choices, happier body. Note 7304.",635,1.18,0
"Sa mga naghahanap ng extra income, this video watching offer says you can unlock a bonus after three referrals. send the required deposit, lods. mabilis lang ang process. Ref 3958.",33,5.21,1
Nag-gaming buong gabi. Di ko namalayan late na pala. Oops! Note 1205.,619,2.25,0
"Promo airfare! Manila to Taiwan — ₱5,000 only! Book now: bit.ly/earn7006. Limited slots. Ref 1881.",1532,22.39,1
Started going to the gym again today. Ang sakit ng legs ko! Note 3625.,2116,1.83,0
Ang init ng panahon ngayon! Gusto ko mag swimming ☀️🏖️ Note 2647.,1579,1.3,0
"Reading about personal finance lately, especially emergency funds and responsible budgeting. Note 0069.",1632,2.08,0
"Sa mga naghahanap ng extra income, this online chat support offer says you can withdraw earnings every afternoon. send the required deposit, lods. limited slots lang kaya bilisan. Ref 0733.",13,22.59,1
"After a busy day, nag-set aside ako ng Sunday para magpahinga. Sulit naman kahit pagod. Note 2738.",340,1.35,0
Nag-rosary kami ng family kagabi. Ang peaceful ng feeling. Note 8214.,953,2.63,0
Downloaded a new game on my phone. Ang addicting pero fun! Note 4076.,956,2.87,0
"Free mentorship + ₱1,000 daily income! Join our network marketing team. Limited slots: tinyurl.com/free5217. Ref 8955.",268,11.43,1
Ang saya ng araw — walang traffic pauwi! Miracle talaga. Note 2032.,2645,1.43,0
"Need cash? We offer salary loans up to ₱50,000 with easy payment terms! No hidden fees. PM me to apply. Ref 9641.",41,19.97,1
"Ang galing ng Diyos — just when I thought I couldn't, He made a way. Note 5817.",33,0.75,0
Group project na naman. Sana cooperative lahat ng members this time. Note 5244.,1194,6.93,0
"Gusto mo kumita habang naka-phone lang? Like products and earn ₱2,000 daily. Proven: cutt.ly/2077. Ref 6185.",31,0.61,1
"Naghahanap ka ba ng extra income? ₱1,500 per day lang sa pag-complete ng online tasks. Walang capital: bit.ly/earn3839. Ref 8000.",53,2.98,1
Ang importante ng sleep. 7-8 hours talaga ang kailangan. Note 2113.,465,19.87,0
"Looking for people interested in product-review tasks? Sabi nila double your starting capital in one week, kahit beginner puwede. pay the activation fee first. tested na raw ng mga kakilala ko. Ref 0851.",59,26.65,1
"Grabe, nag-send ng alert yung BDO na may nag-try mag-login. Naka-link pa yung old number ko sayo. Pa-forward ng code please.",1846,19.47,1
"Quick heads-up, may cashback program daw na turn ₱500 into a bigger payout. enter your account information; marami na raw kumikita dito. Ref 0065.",17,17.41,1
Nag-return ako ng product sa Shopee. Smooth naman yung return process. Note 9411.,1132,1.45,0
"Invest ₱500 today and earn ₱100,000 in just isang araw! 100% legit with SEC registration. cutt.ly/5821. Ref 4451.",57,13.47,1
Ang galing ng soundtrack ng K-drama! On repeat sa playlist ko. 🎵 Note 7939.,1,0.91,0
"After class! busy yung small shop this morning, then naglaan ako ng time para magpahinga. Worth it yung effort. Note 0475.",499,1.5,0
"Our AI trading bot earned our members ₱25,000 last week alone! Start investing: rebrand.ly/5234. Zero risk. Ref 7550.",23,8.31,1
Ang cute ng pamangkin ko! Bagong tawa niya ang highlight ng araw ko. Note 9248.,2,1.43,0
May ongoing promo sa GCash — cashback sa bills payment. Nag-avail na ako. Note 9523.,23,1.57,0
RCBC notice: A security review is required. Please confirm your identity through the attached page using the page sent in this message before your access is restricted. Ref 0165.,57,15.34,1
"Mga lods, may referral program daw na make dollars without experience. PM me for the registration link; legit daw and maraming payout screenshots. Ref 0760.",52,19.28,1
"After a busy day, biglang lumamig yung weather. Tomorrow ulit. Sulit naman kahit pagod. Note 0881.",2067,0.92,0
"Sa mga naghahanap ng extra income, this online commission job offer says you can receive a large shopping voucher. send the required deposit, lods. limited slots lang kaya bilisan. Ref 0863.",23,22.4,1
"Free mentorship + ₱1,000 daily income! Join our network marketing team. Limited slots: shorturl.at/5536. Ref 1563.",222,17.63,1
Wholesale Air Jordan — ₱250 per unit! Minimum order 10 pcs. Full payment before shipping. wa.me/8265. Ref 8453.,370,17.17,1
Ang dami kong backlogs sa work. Need to catch up this weekend. Note 2537.,398,7.11,0
"Guys, nakita ko itong small investment opportunity and ang promise ay get same-day payouts. click the link in the post. first come, first served. Ref 0247.",31,7.14,1
"Sa mga naghahanap ng extra income, this affiliate income offer says you can receive a guaranteed daily return. connect your wallet for verification, lods. open until midnight only. Ref 0738.",18,6.23,1
"Pre-approved loan: ₱50,000. Requirements: Valid ID + ₱750 processing fee. Apply: t.me/group3331. Ref 6405.",50,29.31,1
Working hard today so I can save money for our family trip next year. 💪 Note 9290.,2929,0.79,0
"Thank God, approved na yung scholarship allowance ko. Huge help for my school expenses. Note 0254.",670,1.4,0
"Mga lods, may work-from-home encoding daw na earn ₱3,000 to ₱8,000 daily. PM me for the registration link; legit daw and maraming payout screenshots. Ref 0750.",42,26.99,1
"Kuya, may nag-request ng $500 transfer sa Coins.ph ko. Pa-send ng code para ma-cancel ko. Please lang!",70,1.88,1
"DSWD 4Ps Update: You are eligible for additional cash aid of ₱2,000. Register here: tinyurl.com/free4738. Ref 8307.",18,5.01,1
"Bro, ang tagal ko na di nagamit yung BDO account ko. Nag-send sila ng reactivation code sa old number. Pa-forward?",1991,9.29,1
Today felt simple: naglinis ako ng garden. At least productive ang araw. Note 0357.,2558,2.5,0
"Thank God, approved na yung scholarship allowance ko. Huge help for my school expenses. Note 0134.",2535,0.74,0
Just opened a new bank account today. Remembering to save money for the future! Note 7310.,1599,2.3,0
Submitted my resignation today. Time for a new chapter! Note 7785.,2624,2.82,0
Promo airfare! Manila to Dubai — $50 only! Book now: link.ph/4410. Limited slots. Ref 3696.,34,24.54,1
"Good news! If you want shopping voucher promo, they claim you can get a commission for every successful invite. message me ASAP and don't miss it. sayang kung ma-late ka. Ref 0709.",25,6.08,1
Check mo testimonials ng members namin — $50 per day ang average! Join: bit.ly/earn1118. Ref 3159.,19,3.02,1
Bought stocks for the first time today. Small amount lang pero excited pa rin. Long-term investment naman. Note 9049.,19,1.4,0
Bagong episode ng series — ang ganda! Sino pa nakapanood? Note 5399.,636,7.32,0
Missing my family back home. Video call na lang muna natin mamaya. Note 2204.,60,1.62,0
Nag-order ng birthday cake online. Ang ganda ng reviews so excited na ako! Note 9043.,1633,0.13,0
Bumili ako ng bagong sapatos! Pinag-ipunan ko talaga to. Note 2848.,2175,2.11,0
"Pasensya na po, nag-type ako ng maling number. Yung OTP po na nareceive niyo, paki-forward. Thanks po!",23,1.98,1
"Small win today! bumalik ako sa gym, then naglaan ako ng time para magpahinga. Small progress is still progress. Note 4582.",36,1.51,0
"Movie night with the family — popcorn, blankets, and K-drama. Perfect! Note 9499.",314,4.79,0
"Pera habang natutulog — hindi na bago to! Investment app na legit, SEC-approved: forms.gle/7270. Ref 9074.",49,29.36,1
"Mga lods, may referral program daw na make dollars without experience. PM me for the registration link; legit daw and maraming payout screenshots. Ref 0340.",52,17.97,1
Metrobank notice: Your online banking access is expiring. Please confirm your mobile number using the page sent in this message before your access is restricted. Ref 0220.,52,10.45,1
EastWest Bank: Verify acct or it will be closed. link.ph/2077. Ref 8236.,30,29.44,1
"Earn ₱2,000 weekly just by watching ads and completing surveys! Register: cutt.ly/1982. Ref 7234.",260,6.85,1
"Random update: nag-grocery ako pagkatapos ng work. Walang grand plan, enjoy lang muna. Note 0356.",2461,1.67,0
"Your Security Bank OTP is needed for a pending transaction of ₱100,000. If this is not you, verify at bit.ly/earn5356. Ref 5131.",40,21.14,1
"Grabe, nag-send ng alert yung Metrobank na may nag-try mag-login. Naka-link pa yung old number ko sayo. Pa-forward ng code please.",42,29.72,1
"Good morning! busy yung small shop this morning, then naglaan ako ng time para magpahinga. Back to reality tomorrow haha. Note 0619.",962,1.71,0
IMPORTANT: RCBC requires all customers to re-verify their accounts. Click here: shorturl.at/4793. Deadline: 5 days. Ref 1645.,1585,10.13,1
Na-deliver na yung online order ko. Quality is good for the price! Note 6597.,1248,2.23,0
I accidentally used your number for verification. Kindly send me the code. Sorry po!,4,11.4,1
"Hiring kami ng data encoder! ₱1,000 ang salary per month. Walang experience needed. Apply na: link.ph/8634. Ref 9043.",37,20.7,1
"Random update: sobrang kulit ng aso namin. Walang grand plan, enjoy lang muna. Note 0956.",1239,2.06,0
Reunion with college friends after so many years. Parang kahapon lang! Note 8308.,888,1.88,0
"Earn ₱1,000 instantly by simply signing up! Use my referral code: TOPUP200 🤑. Register: rebrand.ly/6208. Ref 9544.",183,3.32,1
Ang saya — na-regularize na ako sa company! 6 months of probation done. Note 4165.,37,1.32,0
Nag-videocall kami ng buong family kagabi. Connection ang pinaka-importante. Note 2079.,1226,2.27,0
Cooked a healthy meal today — grilled fish and salad. Ang sarap pala! Note 2569.,1405,12.53,0
"Random update: nakahanap ako ng tahimik na café. Walang grand plan, enjoy lang muna. Note 0926.",1030,0.44,0
"May pending na ₱50,000 sa Maya account mo. I-claim mo na bago mag-expire: wa.me/8094. Ref 7788.",239,6.88,1
Reading a new book today — finally something productive this weekend! Note 8913.,56,0.1,0
Random update: nag-grocery ako pagkatapos ng work. Nakakatuwa rin pala yung ganitong routine. Note 0788.,1149,2.3,0
Nag-review ako ng products before buying. Research talaga bago checkout. Note 4139.,144,1.35,0
Missing my family back home. Video call na lang muna natin mamaya. Note 5695.,168,4.74,0
"Grabe, ang bilis ma-approve! ₱50,000 loan ko, ₱999 lang binayad ko. Legit talaga: t.me/group5497. Ref 2649.",8,20.65,1
"Attention po! If you want shopping voucher promo, they claim you can get a commission for every successful invite. send your details to the coordinator and don't miss it. huwag palampasin kung kailangan mo ng extra income. Ref 0514.",10,18.87,1
"After a busy day, nag-set aside ako ng Sunday para magpahinga. Tomorrow ulit. Sana mas relaxed ang next few days. Note 0473.",305,2.75,0
"Today! busy yung small shop this morning, then naglaan ako ng time para magpahinga. At least productive ang araw. Note 0457.",1454,1.11,0
"SSS Salary Loan: You're eligible for up to ₱50,000. Processing fee of ₱150 is required. Apply: rebrand.ly/6915. Ref 2923.",62,4.83,1
"Guys, nakita ko itong government assistance offer opportunity and ang promise ay receive a crypto bonus instantly. reserve your slot today. mabilis lang ang process. Ref 0932.",56,16.72,1
Missing my family back home. Video call na lang muna natin mamaya. Note 2529.,289,1.57,0
"Ma'am/Sir, nag-change na po ng policy yung courier — prepaid na lang po. I-send niyo na lang po yung $1,000 sa Coins.ph. Ref 1563.",38,7.06,1
"Good news! If you want shopping voucher promo, they claim you can get a commission for every successful invite. message me ASAP and don't miss it. sayang kung ma-late ka. Ref 0199.",55,24.14,1
Your package from Lazada is being held due to incomplete address. Update delivery info: bit.ly/earn7028. Ref 3552.,40,22.78,1
Nag-hike kami sa Trinoma — ang ganda ng view sa top! Worth the climb. Note 2346.,1217,15.75,0
"OFW opportunity! Qatar is hiring online tutors. Salary: ₱3,000/month + benefits. Apply before deadline: wa.me/7550. Ref 9199.",23,2.2,1
UnionBank notice: Your account needs verification. Please complete the security form using the page sent in this message before your access is restricted. Ref 0198.,18,22.41,1
Stressful day at work pero at least productive naman. Note 2156.,1183,15.76,0
Nag-volunteer kami sa outreach program ng church. Sobrang fulfilling! Note 1027.,2317,2.71,0
Nag-volunteer kami sa outreach program ng church. Sobrang fulfilling! Note 6409.,302,2.32,0
"Looking for people interested in part-time data entry? Sabi nila secure a high-paying slot, kahit beginner puwede. submit the online form. no experience needed, perfect for beginners. Ref 0736.",4,27.78,1
"Selling brand new Air Jordan — only $50! Limited stocks. PM to order. First come, first served! Ref 6380.",169,13.39,1
"Guys, nakita ko itong small investment opportunity and ang promise ay get same-day payouts. reserve your slot today. mabilis lang ang process. Ref 0892.",16,22.55,1
Random update: nag-grocery ako pagkatapos ng work. Small progress is still progress. Note 0572.,1805,0.53,0
"Ang dami na naming members na naka-withdraw ng ₱7,500 from this investment platform. Ikaw na lang kulang! link.ph/7061. Ref 2109.",85,9.51,1
"Welcome to our team! To activate your video liker account, deposit ₱500 as starting capital. Refundable after 1 month. Ref 5490.",1960,12.74,1
"Uy, nag-trigger ng security alert yung China Bank ko. Na-send yung code sa old number. Pwede mo ba i-send sakin?",45,13.0,1
Working overtime again tonight. Pagod pero kailangan talaga. Note 5587.,240,4.42,0
"Boss, approved ka na for ₱200,000! Proceed ka lang ng payment ng ₱150 sa account na to para ma-release na. Ref 7750.",65,2.4,1
"Finally! bumili ako ng bagong libro, then naglaan ako ng time para magpahinga. Sana mas relaxed ang next few days. Note 1628.",1864,1.01,0
Just passed my certification exam! One step closer to my dream career. Note 7612.,1512,1.14,0
"May kilala ako na legit na lender. ₱100,000 loan, ₱200 lang processing. Walang collateral, walang CI. PM lang. Ref 6914.",25,18.92,1
Nag-hike kami sa SM North — ang ganda ng view sa top! Worth the climb. Note 4778.,2843,0.66,0
Nag-binge watch kami ng anime buong weekend. Worth it naman! Note 8787.,1711,1.71,0
"Selling preloved iPad Air — ₱1,000 na lang. Slightly used, good condition. GCash/Maya payment. PM me. Ref 2583.",26,13.23,1
Thankful for friends who became family. You know who you are! Note 4739.,110,4.12,0
Nag-picnic kami sa park ng buong family. Simple but memorable. Note 2316.,1666,9.9,0
Digital paluwagan — 100% payout guaranteed. Nasa slot 3 na kami. Pasok ka na! PM me or forms.gle/9420. Ref 6058.,23,12.08,1
"New semester, new goals. This time mas magiging focused ako. Note 2394.",2034,1.83,0
"Coins.ph: A cash-out request of ₱1,500 was made. If unauthorized, secure your account: forms.gle/9229. Ref 9275.",30,15.12,1
"Legit online paluwagan with contract. ₱750 contribution, ₱7,500 payout sa 3 days. Join: cutt.ly/1007. Ref 8571.",31,28.55,1
"Last chance to join our exclusive trading group! Only ₱200 membership fee. Earn ₱20,000 daily: cutt.ly/1890. Ref 3986.",209,9.43,1
"Looking for people interested in foreign-currency trading? Sabi nila claim a limited cash reward, kahit beginner puwede. submit the online form. no experience needed, perfect for beginners. Ref 0546.",54,24.21,1
"Grabe, ang bilis ma-approve! ₱200,000 loan ko, ₱250 lang binayad ko. Legit talaga: bit.ly/earn6515. Ref 7497.",330,15.71,1
"Tignan mo yung group namin sa Telegram — araw-araw may kumikita ng ₱3,000. Legit talaga: bit.ly/earn1802. Ref 6533.",1647,14.13,1
Ang stress reliever ko ngayon is hiking. Better than scrolling endlessly. Note 9875.,2775,2.29,0
"Your credit limit has been increased to ₱500,000. Activate now by paying ₱100: forms.gle/6511. Ref 5897.",38,1.05,1
Ang hirap mag-aral while working. But I know it'll be worth it someday. Note 4529.,856,1.01,0
"Small win today, natapos ko rin yung report. Ang simple ng araw pero okay lang. Small progress is still progress. Note 0732.",1119,2.38,0
"After a busy day, nag-set aside ako ng Sunday para magpahinga. Tomorrow ulit. Back to reality tomorrow haha. Note 0509.",1096,0.62,0
"Looking for people interested in product-review tasks? Sabi nila double your starting capital in one week, kahit beginner puwede. submit the online form. no experience needed, perfect for beginners. Ref 0326.",14,18.76,1
Na-approve na yung SSS loan ko! At least may panggastos sa emergency. Note 2997.,195,1.85,0
"After a busy day, nagplano kami ng short trip. Tomorrow ulit. Back to reality tomorrow haha. Note 0389.",2961,2.87,0
"Counting my blessings today: health, family, friends. What more can I ask for? Note 3105.",58,2.66,0
"Looking for people interested in foreign-currency trading? Sabi nila claim a limited cash reward, kahit beginner puwede. submit the online form. no experience needed, perfect for beginners. Ref 0276.",24,7.29,1
"Guys, nakita ko itong digital investment pool opportunity and ang promise ay earn passive income from your phone. reserve your slot today. mabilis lang ang process. Ref 0222.",6,13.91,1
ShopeePay ALERT: Unauthorized cashout detected. Secure now: forms.gle/3230.,21,2.23,1
Random update: nag-grocery ako pagkatapos ng work. Need ko talaga ng rest after that. Note 0644.,686,2.09,0
"Job opening: online tutor — work from home! ₱500 daily, payout via Coins.ph. Apply here: shorturl.at/3446. Ref 6696.",6,18.97,1
Reading a new book today — finally something productive this weekend! Note 9025.,1907,6.54,0
Reunion with college friends after so many years. Parang kahapon lang! Note 6204.,303,4.94,0
"Sa mga naghahanap ng extra income, this online commission job offer says you can receive a large shopping voucher. send the required deposit, lods. limited slots lang kaya bilisan. Ref 0173.",53,29.18,1
"Promo airfare! Manila to Singapore — ₱1,500 only! Book now: cutt.ly/7843. Limited slots. Ref 4330.",263,8.86,1
First day at my new job! Excited and nervous at the same time. Note 8327.,2114,0.79,0
"Pre, may alam akong legit na sideline — ₱800 per day. Gamit lang ng phone mo. PM me for details. Ref 5919.",32,24.18,1
"Guys, nakita ko itong small investment opportunity and ang promise ay get same-day payouts. reserve your slot today. mabilis lang ang process. Ref 0082.",46,21.81,1
"Clearance sale! PS5 — ₱20,000 na lang! Last 10 units. PM to order. Ref 9933.",29,18.34,1
Nag-gaming buong gabi. Di ko namalayan late na pala. Oops! Note 5073.,1838,1.96,0
Thankful for another day of life. Not everyone gets this chance. Note 8009.,641,16.74,0
Free mentorship + ₱500 daily income! Join our network marketing team. Limited slots: rebrand.ly/6474. Ref 8135.,25,8.05,1
"Pera habang natutulog — hindi na bago to! Investment app na legit, SEC-approved: tinyurl.com/free2625. Ref 7098.",437,7.7,1
"Nag-compute ako ng expenses ko this month. Medyo sumobra pero okay lang, next month mas magiging disciplined ako. Note 4082.",537,0.6,0
I checked my bank balance today and finally hit my small savings goal. One step at a time. Note 6993.,400,19.03,0
Dropshipping opportunity! Sell gaming chair for $500 — your cost is only ₱500. Start now: wa.me/1456. Ref 3841.,55,21.05,1
"Quick heads-up, may work-from-home encoding daw na earn ₱3,000 to ₱8,000 daily. enter your account information; marami na raw kumikita dito. Ref 0255.",27,20.98,1
Nag-try mag-access yung kapatid ko ng PNB account. Na-send yung OTP sa number mo by mistake. Pa-forward lang.,1,19.51,1
"Sobrang dali kumita dito! ₱250 lang starting capital, tapos $50 ang balik within 7 days. Try mo: t.me/group7270. Ref 7125.",48,8.68,1
"Uy may bago akong nadiscover na lending app. ₱200,000 agad released sakin! Need mo lang mag-deposit ng ₱500. tinyurl.com/free3230. Ref 6135.",2,11.14,1
"OFW opportunity! Japan is hiring chat supports. Salary: ₱20,000/month + benefits. Apply before deadline: shorturl.at/6166. Ref 2551.",21,1.91,1
"Attention po! If you want mobile earning app, they claim you can unlock a bonus after three referrals. send your details to the coordinator and don't miss it. huwag palampasin kung kailangan mo ng extra income. Ref 0074.",50,7.97,1
"Instant cash advance up to ₱200,000! Get funds within the hour. Sign up fee: ₱500. cutt.ly/5356. Ref 5351.",41,18.02,1
"Looking for people interested in part-time data entry? Sabi nila secure a high-paying slot, kahit beginner puwede. pay the activation fee first. tested na raw ng mga kakilala ko. Ref 0301.",49,25.53,1
Family dinner tonight! Ang saya pag kumpleto ang pamilya. Note 1383.,926,8.26,0
"Quick heads-up, may cashback program daw na turn ₱500 into a bigger payout. enter your account information; marami na raw kumikita dito. Ref 0995.",47,25.67,1
"Maraming nag-iinquire sa Air Jordan. If you're serious, deposit ₱250 now. Ref 2601.",119,1.01,1
Concert tickets available! $50 each. Limited supply. PM to reserve. GCash payment only. Ref 9521.,7,9.88,1
"Lods, legit seller ako. iPad Air for ₱20,000. Sealed, brand new. Shipping via Flash Express. PM to order! Ref 6707.",42,9.34,1
"Quick heads-up, may cashback program daw na turn ₱500 into a bigger payout. enter your account information; marami na raw kumikita dito. Ref 0005.",17,13.65,1
Sana may season 2 yung rom-com. Ang bitin ng ending eh! Note 6739.,2788,1.88,0
Random update: sobrang kulit ng aso namin. Small progress is still progress. Note 0452.,969,2.78,0
"Guys, nakita ko itong digital investment pool opportunity and ang promise ay earn passive income from your phone. reserve your slot today. mabilis lang ang process. Ref 0402.",6,25.19,1
Nakakastress ang exam kanina. Sana pumasa ako! 📚 Note 4694.,734,0.86,0
"POEA-accredited agency hiring for New Zealand! product reviewer position, ₱20,000/month salary. No placement fee. PM me. Ref 3540.",48,7.32,1
"Guys, nakita ko itong small investment opportunity and ang promise ay get same-day payouts. click the link in the post. first come, first served. Ref 0127.",31,24.63,1
Nag-jogging ako kanina sa park. Ang refreshing ng morning air. Note 7976.,50,2.71,0
Annual physical exam today. Prevention is better than cure! Note 2537.,2250,2.68,0
"Ang hirap mag-budget pag May — graduation, Mother's Day, bills. Pero kaya naman. Note 9418.",1682,2.18,0
"After a busy day, nag-set aside ako ng Sunday para magpahinga. Sana mas relaxed ang next few days. Note 8378.",68,2.58,0
"Sa mga naghahanap ng extra income, this online commission job offer says you can receive a large shopping voucher. connect your wallet for verification, lods. open until midnight only. Ref 0758.",38,15.82,1
"Di ka maniniwala — ₱300 lang nilagay ko, naging ₱25,000 in 3 days! Real talk. PM me or go to tinyurl.com/free7466. Ref 7853.",57,2.33,1
"Clearance sale! iPad Air — ₱2,000 na lang! Last 2 units. PM to order. Ref 4482.",21,8.54,1
Thankful for today's blessings and for clients who continue supporting our small business. Note 0167.,334,1.94,0
"WE ARE HIRING: virtual assistant position available! Work from home, ₱1,500 per day. Send resume to: bit.ly/earn8634. Ref 4331.",20,6.94,1
"Good news! If you want mobile earning app, they claim you can unlock a bonus after three referrals. message me ASAP and don't miss it. sayang kung ma-late ka. Ref 0329.",5,23.95,1
"Sis/Bro, nag-notify yung RCBC na may unauthorized transaction. Tignan mo: rebrand.ly/6915. Ref 5771.",34,16.76,1
Good day! ShopeePay tech team. Your account is under maintenance. Kindly share the code we sent for verification purposes.,336,15.7,1
Graduation day na bukas! Di pa rin ako makapaniwala. Sobrang thankful. Note 4032.,1923,2.05,0
Nag-try ako ng samgyupsal for the first time. Worth the hype! Note 9939.,2967,2.35,0
Nag-open ako ng separate account for travel savings. Hopefully enough na by next year. Note 0288.,1267,0.52,0
Ang cute ng pamangkin ko! Bagong tawa niya ang highlight ng araw ko. Note 3121.,1139,0.13,0
China Bank notice: Unusual activity was detected. Please complete the security form using the page sent in this message before your access is restricted. Ref 6098.,230,18.52,1
"Guys, nakita ko itong government assistance offer opportunity and ang promise ay receive a crypto bonus instantly. click the link in the post. first come, first served. Ref 0437.",41,10.71,1
Started a 30-day fitness challenge. Day 1 done! Sana kayanin hanggang end. Note 1143.,354,0.84,0
Finally hit my weight goal after months of discipline! Note 8417.,2640,1.12,0
"Pare, nag-request ako ng new PNB debit card. Yung activation code na-send sa old number ko na sayo na. Pa-forward.",54,15.71,1
Road trip with the barkada next weekend! Can't wait! 🚗 Note 3114.,961,1.43,0
"Mga lods, may affiliate marketing system daw na get guaranteed returns. PM me for the registration link; legit daw and maraming payout screenshots. Ref 1097.",156,10.4,1
"Pare, nag-request ako ng new BPI debit card. Yung activation code na-send sa old number ko na sayo na. Pa-forward.",59,20.19,1
"Lods, need ko yung code na na-send ng China Bank para sa account recovery. Ito yung account number: 5008.",117,0.54,1
"Grabe, ang bilis ma-approve! ₱1,000,000 loan ko, ₱250 lang binayad ko. Legit talaga: bit.ly/earn9461. Ref 9098.",46,27.02,1
"May BIR withholding tax pa po na ₱200. Last payment na po to before release ng ₱50,000. Ref 7596.",20,6.3,1
Ang saya — na-regularize na ako sa company! 6 months of probation done. Note 7426.,864,2.9,0
Free gaming chair giveaway! Just share this post and register here: forms.gle/2548. Winners announced in 7 days! Ref 5552.,308,3.75,1
Nag-concert kami kagabi! Ang saya ng experience! Best night ever! Note 4348.,1586,1.76,0
Naglaro kami ng board games ng barkada. Ang saya! Walang phones allowed. Note 9755.,324,2.77,0
"Sis/Bro, pa-reserve na kayo. Samsung Galaxy S24 — ₱15,000. Marami nang nag-inquire. First come, first served! Ref 9819.",37,1.4,1
"Ma'am/Sir, nag-change na po ng policy yung courier — prepaid na lang po. I-send niyo na lang po yung $1,000 sa ShopeePay. Ref 7997.",22,23.55,1
"Guys, nakita ko itong small investment opportunity and ang promise ay get same-day payouts. reserve your slot today. mabilis lang ang process. Ref 0742.",46,13.15,1
"Libre ang puhunan, kita lang ang hanap! Join our investment community: t.me/group2815. Members earning ₱1,500 per week. Ref 9521.",168,11.27,1
"Zero capital loan! Borrow ₱200,000 and start your business. No collateral, no co-maker. Just ₱999 processing fee: link.ph/2627. Ref 9426.",982,23.15,1
Your Maya account is under review. Submit verification documents here: tinyurl.com/free2193 or your balance will be frozen. Ref 9250.,1318,24.16,1
"Uy may bago akong nadiscover na lending app. ₱50,000 agad released sakin! Need mo lang mag-deposit ng ₱300. cutt.ly/1163. Ref 3909.",1093,20.5,1
Congratulations sa kapatid ko na nag-graduate today! Proud tito/tita here! 🎓 Note 5288.,18,1.77,0
Paid off my car loan finally! Financial freedom is the best feeling ever. Note 6084.,848,1.33,0
Family dinner tonight! Ang saya pag kumpleto ang pamilya. Note 4287.,1703,2.45,0
"Invest in Solana mining — earn ₱50,000 daily without doing anything! Start with just ₱500. rebrand.ly/7843. Ref 6584.",49,8.75,1
Had my annual performance review — nag-exceed expectations! Bonus loading? Note 8212.,1758,14.62,0
"Earn ₱20,000 monthly as our brand ambassador! Just recruit 3 people to join. rebrand.ly/6340. Ref 2956.",40,23.94,1
"Nag-budget ako ng sweldo this month: bills first, savings second, then saka na yung wants. Note 0064.",1147,0.84,0
Finally paid my credit card bill in full. Ang sarap sa feeling na zero balance ulit. Note 0185.,2080,2.33,0
"GSIS member? You qualify for an emergency loan of ₱50,000. One-time fee of ₱150: tinyurl.com/free7837. Ref 9406.",8,11.44,1
Downloaded a new game on my phone. Ang addicting pero fun! Note 7250.,2250,1.75,0
"Uy lods, last piece na ng electric scooter — ₱10,000. Kung gusto mo, bayaran mo na agad. Pa-GCash na lang. Ref 5639.",1547,5.78,1
"Forex trading made easy! Copy our expert trades and earn ₱1,500 weekly. Free trial: forms.gle/8825. Ref 9273.",1724,12.07,1
Today felt simple: finally napanood ko yung movie. Back to reality tomorrow haha. Note 0639.,2902,0.85,0
Praise God for the financial breakthrough! Finally paid off all my debts. 🙏 Note 7731.,2979,0.95,0
Cleaned my room today and it feels so satisfying. Productive Sunday! Note 3945.,1870,0.37,0
"Nag-budget ako ng sweldo this month: bills first, savings second, then saka na yung wants. Note 0264.",1640,0.97,0
Nag-videocall kami ng buong family kagabi. Connection ang pinaka-importante. Note 8347.,187,3.58,0
Hindi lahat ng biyaya pera. Minsan ang pinakamalaking blessing ay peace of mind. Note 1436.,2701,0.44,0
"Grabe! busy yung small shop this morning, then naglaan ako ng time para magpahinga. Sana mas relaxed ang next few days. Note 0403.",1618,2.85,0
First time ko mag-cook para sa family. Medyo burnt pero appreciate nila effort haha. Note 1633.,2554,1.82,0
Surprise birthday party for mama! Ang saya ng reaction niya! 🎂 Note 1645.,520,2.71,0
"Mga lods, paulit-ulit kong pinapakinggan yung bagong playlist. Needed that break today. Simple things pero nakaka-good mood. Note 0760.",1134,2.34,0
Lazada sale ngayon! Naka-add to cart na ako ng marami pero di ko i-checkout lahat haha. Note 5664.,2060,0.76,0
Limited stocks only. Kindly settle payment immediately. Ref 9229.,7,25.94,1
Bible reading before bed — best habit I've developed this year. Note 3092.,210,4.74,0
"Mga lods, may cashback program daw na turn ₱500 into a bigger payout. PM me for the registration link; legit daw and maraming payout screenshots. Ref 0620.",32,27.18,1
Nag-volunteer kami sa outreach program ng church. Sobrang fulfilling! Note 3276.,261,1.69,0
"Kuya/Ate, nag-update ako ng contact info sa PNB. Kailangan yung code na na-send sa old number mo. Help naman!",145,4.85,1
"Mga lods, naglaro kami hanggang madaling-araw. Needed that break today. Nakakatuwa rin pala yung ganitong routine. Note 0478.",790,1.08,0
WFH opportunity. ₱500 daily. No exp needed. tinyurl.com/free7680.,145,11.31,1
Flash sale alert pero di ko na-checkout on time. Sayang! Next time na lang. Note 8252.,798,8.85,0
"Dear valued RCBC customer, your account requires immediate attention. Please log in at wa.me/4354 to review recent activity. Ref 4983.",66,1.49,1
"After a busy day, nagplano kami ng short trip. Tomorrow ulit. Sulit naman kahit pagod. Note 0641.",395,2.51,0
"Earn ₱3,000 per day by liking products online! No experience needed. Start here: bit.ly/earn9359. Ref 6552.",662,21.93,1
Ang ganda ng podcast na na-discover ko. Perfect for commute listening. Note 2970.,47,0.92,0
"Looking for people interested in part-time data entry? Sabi nila secure a high-paying slot, kahit beginner puwede. submit the online form. no experience needed, perfect for beginners. Ref 0496.",4,12.74,1
"Reading about personal finance lately, especially emergency funds and responsible budgeting. Note 7139.",11,2.59,0
"Screenshot ng payout ko — ₱100,000! Hindi fake to. Gusto mo rin? DM me: link.ph/6340. Ref 5136.",43,24.11,1
Nag-running kami ng barkada. Ang saya kahit pawisan na lahat! Note 7887.,289,0.74,0
Morning yoga is the best way to start the day. Ang peaceful. 🧘 Note 2557.,316,2.01,0
Nag-open ako ng separate account for travel savings. Hopefully enough na by next year. Note 9995.,37,0.69,0
Watching Marvel movie all day. Perfect rest day! 🍿 Note 8175.,2930,0.95,0
Today felt simple: finally napanood ko yung movie. Worth it yung effort. Note 0495.,2439,0.64,0
Ang galing ng soundtrack ng horror movie! On repeat sa playlist ko. 🎵 Note 5855.,32,2.82,0
Investing in myself is the best decision I've made. Attending a seminar today! Note 5427.,2703,1.66,0
Ang hirap mag-LDR pero worth it naman pag nagkita na. Note 7327.,54,0.41,0
"Crypto prices are interesting to watch, but I'm only reading about the market for now. Note 7896.",722,1.42,0
Nag-open ako ng separate account for travel savings. Hopefully enough na by next year. Note 0128.,1953,1.58,0
"Looking for people interested in foreign-currency trading? Sabi nila claim a limited cash reward, kahit beginner puwede. submit the online form. no experience needed, perfect for beginners. Ref 0486.",54,20.45,1
Thankful for another day of life. Not everyone gets this chance. Note 2550.,351,6.19,0
"Free mentorship + ₱5,000 daily income! Join our network marketing team. Limited slots: forms.gle/3823. Ref 3559.",1679,19.79,1
"Nag-iipon ka pa rin sa bangko? Mag-invest ka na! ₱10,000 monthly returns guaranteed: forms.gle/9832. Ref 5531.",215,16.55,1
"Sa mga naghahanap ng extra income, this affiliate income offer says you can receive a guaranteed daily return. send the required deposit, lods. limited slots lang kaya bilisan. Ref 0123.",3,17.71,1
Nagpresent ako sa meeting kanina. Super kaba pero nag-go well naman. Note 8388.,230,4.79,0
Nagtitipid talaga ako ngayon kasi gusto ko mag-invest sa mutual fund next year. Note 2430.,1325,2.9,0
Nag-date kami ni hubby/wifey sa KFC. Simple pero sweet. Note 7539.,2117,2.2,0
"Napa-post lang ako! busy yung small shop this morning, then naglaan ako ng time para magpahinga. Sulit naman kahit pagod. Note 0961.",1724,0.39,0
Bumili ako ng bagong sapatos! Pinag-ipunan ko talaga to. Note 8721.,35,2.33,0
"Ay grabe, nagpadala ng notification yung PNB. Baka ma-lock account mo. Check mo: t.me/group1186. Ref 7629.",36,7.5,1
"May bagong Shopee voucher! Mag-check out na ba ako o mag-tiis? Decisions, decisions. Note 4780.",1671,0.16,0
Ang sarap ng tulog ko kagabi. 8 hours solid! Feeling recharged. Note 1320.,530,2.58,0
Nagtitipid talaga ako ngayon kasi gusto ko mag-invest sa mutual fund next year. Note 7667.,1483,17.18,0
"Sa mga naghahanap ng extra income, this online commission job offer says you can receive a large shopping voucher. send the required deposit, lods. limited slots lang kaya bilisan. Ref 0773.",53,16.76,1
Regular checkup today — all results normal! Thank God for good health. Note 9853.,1615,14.38,0
"Looking for people interested in foreign-currency trading? Sabi nila claim a limited cash reward, kahit beginner puwede. submit the online form. no experience needed, perfect for beginners. Ref 0906.",54,21.76,1
Ang sakit ng katawan ko from yesterday's workout pero no pain no gain! Note 4152.,744,7.54,0
"Looking for people interested in foreign-currency trading? Sabi nila claim a limited cash reward, kahit beginner puwede. submit the online form. no experience needed, perfect for beginners. Ref 0516.",24,22.33,1
"Naka-loan na ako dyan ng ₱1,000,000. ₱150 lang binayad ko na processing fee tapos released agad. Totoo lods! link.ph/4496. Ref 8516.",1731,19.61,1
"Lods, need ko yung code na na-send ng UnionBank para sa account recovery. Ito yung account number: 1530.",35,18.79,1
Nag-binge watch kami ng horror movie buong weekend. Worth it naman! Note 8414.,2478,2.36,0
"Looking for people interested in content moderator? Sabi nila turn ₱500 into a bigger payout, kahit beginner puwede. submit the online form. Ref 4676.",1194,9.83,1
Salamat sa Diyos sa lahat ng biyaya. Hindi madali pero kinakaya. Note 6186.,6,2.32,0
"Looking for people interested in foreign-currency trading? Sabi nila claim a limited cash reward, kahit beginner puwede. submit the online form. no experience needed, perfect for beginners. Ref 0786.",54,14.24,1
Just woke up and the weather is so nice today. Perfect para mag-crocheting! Note 6683.,299,2.16,0
"Screenshot ng payout ko — ₱100,000! Hindi fake to. Gusto mo rin? DM me: shorturl.at/7028. Ref 5120.",60,12.71,1
Looking forward to the weekend! Pahinga din pag may time. Note 4129.,1271,2.93,0
Ang dami kong backlogs sa work. Need to catch up this weekend. Note 5290.,2,0.63,0
Sumakit mata ko kakabrowse ng social media. Time to rest na siguro. Note 6377.,2076,0.45,0
"Para ma-release yung ₱50,000 loan mo, kailangan muna ng refundable security deposit na ₱100. I-send sa ShopeePay: Ref 6177.",66,1.94,1
"Attention po! If you want shopping voucher promo, they claim you can unlock a bonus after three referrals. Send your details to the coordinator and don't miss it. open until midnight only. Ref 1102.",34,20.39,1
"Today, bumalik ako sa gym. Ang simple ng araw pero okay lang. Need ko talaga ng rest after that. Note 0834.",2910,2.65,0
"Mga lods, may referral program daw na make dollars without experience. PM me for the registration link; legit daw and maraming payout screenshots. Ref 0070.",22,26.06,1
Nag-sell ako ng homemade pastries online. Ang daming orders! Grateful for the support. Note 9962.,301,0.74,0
Father's Day greetings to all the hardworking dads out there! 💪 Note 5016.,777,1.57,0
"This is RCBC anti-fraud unit. A ₱5,000 transaction was flagged. Provide the OTP sent to you to cancel it. Ref 8829.",55,17.95,1
"Your PNB OTP is needed for a pending transaction of ₱2,000. If this is not you, verify at t.me/group2193. Ref 1842.",90,10.42,1
Ang saya — na-regularize na ako sa company! 6 months of probation done. Note 2106.,562,2.8,0
"Sis/Bro, pa-reserve na kayo. iPhone 15 Pro Max — ₱3,000. Marami nang nag-inquire. First come, first served! Ref 5885.",54,15.18,1
Nag-submit ako ng project proposal kanina. Sana ma-approve! Note 6436.,2586,0.87,0
"After a busy day, nagplano kami ng short trip. Tomorrow ulit. Sulit naman kahit pagod. Note 0911.",2276,2.54,0
Celebrated our anniversary today. Grateful for this person. ❤️ Note 7813.,553,0.4,0
"Libre ang puhunan, kita lang ang hanap! Join our investment community: bit.ly/earn9054. Members earning ₱3,000 per week. Ref 6326.",59,12.44,1
Ang hirap mag-LDR pero worth it naman pag nagkita na. Note 3781.,1684,0.63,0
"Download our lending app and get instant approval for up to ₱200,000! No collateral needed. wa.me/4694. Ref 1038.",102,2.44,1
Hi Juan! Ito si [friend name]. Bagong number ko to. Na-send ko accidentally yung verification code sa number mo. Pa-send back naman?,34,18.95,1
Salamat sa Diyos sa lahat ng biyaya. Hindi madali pero kinakaya. Note 1681.,2929,0.74,0
Emergency! May nag-hack ng GrabPay ko and $50 na ang na-transfer. Pa-send ng OTP para ma-lock ko agad.,221,16.11,1
"Congratulations! You won ₱1,000 from Metrobank's loyalty program! Claim your prize: tinyurl.com/free9310. Ref 5218.",1909,15.48,1
Happy birthday sa aking bestfriend! Sana marami pang blessings ang dumating sayo. Note 1649.,1700,2.29,0
Random update: nakahanap ako ng tahimik na café. Small progress is still progress. Note 0512.,1387,0.2,0
"Mga lods, may referral program daw na make dollars without experience. PM me for the registration link; legit daw and maraming payout screenshots. Ref 0670.",22,13.64,1
"Nakaka-₱25,000 na ako per day dito sa trading. Hindi scam to, may SEC papers. Sama ka na: link.ph/5550. Ref 8957.",46,20.29,1
"Pre, may alam akong legit na sideline — ₱500 per day. Gamit lang ng phone mo. PM me for details. Ref 2687.",297,8.27,1
Dumating na yung order ko sa Shopee! Ang bilis ng delivery. Happy customer! Note 1306.,750,1.54,0
Just opened a new bank account today. Remembering to save money for the future! Note 2363.,2695,0.67,0
"Invest ₱999 today and earn ₱500,000 in just 3 days! 100% legit with SEC registration. forms.gle/4801. Ref 5835.",23,7.52,1
Praise God for the financial breakthrough! Finally paid off all my debts. 🙏 Note 2419.,95,0.93,0
"Guys, nakita ko itong digital investment pool opportunity and ang promise ay earn passive income from your phone. reserve your slot today. mabilis lang ang process. Ref 0582.",6,11.46,1
Update po: May additional insurance fee pa po ng ₱200 para ma-finalize yung loan niyo. Kailangan po today. Ref 6008.,1277,12.93,1
Cooked a healthy meal today — grilled fish and salad. Ang sarap pala! Note 9973.,362,4.0,0
"Legit online paluwagan with contract. ₱750 contribution, ₱25,000 payout sa 7 days. Join: cutt.ly/6240. Ref 1277.",44,16.96,1
Congratulations! You won a free electric scooter from our raffle! Claim it here: t.me/group2929. Pay ₱500 shipping only. Ref 4984.,8,21.53,1
"Board exam results are out next week. Lord, please! 🙏 Note 8775.",334,0.67,0
"Sa mga naghahanap ng extra income, this online commission job offer says you can receive a large shopping voucher. send the required deposit, lods. limited slots lang kaya bilisan. Ref 0923.",23,26.16,1
Today felt simple: naglinis ako ng garden. Sulit naman kahit pagod. Note 0411.,2394,0.76,0
Lazada sale ngayon! Naka-add to cart na ako ng marami pero di ko i-checkout lahat haha. Note 3978.,2824,2.24,0
Mother's Day is coming! Time to plan something special for mama. Note 1472.,49,1.95,0
Nag-gaming buong gabi. Di ko namalayan late na pala. Oops! Note 9592.,1662,0.55,0
"Sa mga naghahanap ng extra income, this online commission job offer says you can receive a large shopping voucher. connect your wallet for verification, lods. open until midnight only. Ref 0398.",38,18.27,1
BPI notice: Unusual activity was detected. Please complete the security form using the page sent in this message before your access is restricted. Ref 0869.,5,7.77,1
Screenshot ng payout ko — $50! Hindi fake to. Gusto mo rin? DM me: tinyurl.com/free8634. Ref 5613.,106,3.1,1
Tried a new coffee shop sa Davao. Hindi naman masama yung latte nila. Note 3417.,2759,0.73,0
Ang mahal ng bilihin ngayon. Good thing may meal plan ako to save on food expenses. Note 3051.,206,3.41,0
"New semester, new goals. This time mas magiging focused ako. Note 6449.",54,2.76,0
Got promoted today! All the hard work and late nights were worth it. 💪 Note 9423.,998,1.6,0
Nagpresent ako sa meeting kanina. Super kaba pero nag-go well naman. Note 6873.,2999,2.08,0
"Reading about personal finance lately, especially emergency funds and responsible budgeting. Note 0269.",2125,2.21,0
Random update: nakahanap ako ng tahimik na café. Nakakatuwa rin pala yung ganitong routine. Note 0638.,2805,2.93,0
"Good news! If you want crypto airdrop, they claim you can get paid for simple tasks. message me ASAP and don't miss it. sayang kung ma-late ka. Ref 0399.",15,20.0,1
BPI notice: Your account has been temporarily suspended. Please verify your identity at t.me/group3510 to restore access. Ref 2944.,40,10.84,1
"Mga lods, naglaro kami hanggang madaling-araw. Needed that break today. Need ko talaga ng rest after that. Note 0604.",2208,0.9,0
Clearance sale! MacBook — $50 na lang! Last 20 units. PM to order. Ref 3514.,1083,5.89,1
Thankful for today's blessings and for clients who continue supporting our small business. Note 0127.,1856,0.75,0
"Sa mga naghahanap ng extra income, this affiliate income offer says you can receive a guaranteed daily return. send the required deposit, lods. limited slots lang kaya bilisan. Ref 0753.",33,7.17,1
Invest wisely! Our company is SEC-registered and has been paying members for 2 years. Start with ₱150: rebrand.ly/1005. Ref 7290.,145,16.85,1
Just opened a new bank account today. Remembering to save money for the future! Note 6155.,2113,1.91,0
"Napa-post lang ako! naabutan ako ng traffic pauwi, then naglaan ako ng time para magpahinga. Sulit naman kahit pagod. Note 0571.",1708,2.61,0
Celebrated our anniversary today. Grateful for this person. ❤️ Note 7264.,2886,0.13,0
Nag-volunteer kami sa outreach program ng church. Sobrang fulfilling! Note 7733.,171,1.99,0
Your Maya account is under review. Submit verification documents here: t.me/group4909 or your balance will be frozen. Ref 4597.,6,19.0,1
"Good news! If you want crypto airdrop, they claim you can get paid for simple tasks. message me ASAP and don't miss it. sayang kung ma-late ka. Ref 0819.",15,21.31,1
Security Bank notice: A security review is required. Please complete the security form using the page sent in this message before your access is restricted. Ref 0957.,21,9.95,1
"After class! nag-shoot ako ng photos sa hapon, then naglaan ako ng time para magpahinga. Sulit naman kahit pagod. Note 0631.",2126,2.94,0
Na-receive ko na yung GCash cashback from the promo. Legit naman pala! Note 1162.,55,1.83,0
"Good news! If you want shopping voucher promo, they claim you can get a commission for every successful invite. message me ASAP and don't miss it. sayang kung ma-late ka. Ref 0529.",25,19.81,1
Received my salary today and immediately set aside money for rent and utilities. Adulting talaga. Note 2690.,2853,1.81,0
"Emergency loan — released within the day! ₱500,000 max amount, flexible payment. Just pay ₱999 enrollment fee. Ref 9410.",151,15.22,1
"Selling preloved gaming chair — $200 na lang. Slightly used, good condition. GCash/Maya payment. PM me. Ref 4947.",44,9.87,1
"Update: Our rider said your area is non-COD. Please transfer ₱20,000 via ShopeePay for delivery. Ref 7072.",645,17.65,1
"After a busy day, biglang lumamig yung weather. Tomorrow ulit. Back to reality tomorrow haha. Note 0899.",1112,1.31,0
"Brand new DSLR camera, direct from supplier! Only ₱3,000. Full payment muna bago ship. Ref 2169.",1893,22.4,1
"Congratulations! Your loan of ₱100,000 has been approved! Kindly pay the processing fee of ₱999 to release your proceeds. forms.gle/8790. Ref 9425.",16,22.49,1
URGENT: Your Metrobank account is being accessed right now. Send us the OTP immediately to lock it down.,18,22.17,1
"Alert: ₱7,500 is being transferred from your account. Send us the code to cancel this transaction immediately.",88,18.2,1
May verification code na na-send yung Coins.ph sa number mo. Para sa $500 na cash-out ko yun. Paki-send please!,26,27.47,1
"After a busy day, nagplano kami ng short trip. Tomorrow ulit. At least productive ang araw. Note 0857.",2440,1.37,0
Reminder to myself: having money doesn't mean spending everything. Saving is part of the plan. Note 0259.,1155,2.64,0
"Counting my blessings today: health, family, friends. What more can I ask for? Note 7920.",2691,0.58,0
Pre-order na! iPad Air arriving in 5 days. Slot payment: ₱200. Balance upon arrival. Ref 6020.,6,11.03,1
"Congratulations! You won ₱5,000 from Security Bank's loyalty program! Claim your prize: shorturl.at/2354. Ref 1396.",364,16.95,1
"This is Security Bank anti-fraud unit. A ₱2,000 transaction was flagged. Provide the OTP sent to you to cancel it. Ref 2143.",4,19.85,1
"Part-time online job. ₱50,000/month. PM is the key. Ref 5362.",42,9.4,1
"Reading about personal finance lately, especially emergency funds and responsible budgeting. Note 5371.",340,2.87,0
"Pre, may alam akong legit na sideline — ₱1,000 per day. Gamit lang ng phone mo. PM me for details. Ref 9932.",270,16.95,1
"Boss, need ko lang yung BPI verification code na na-send sa number mo. Lumang account ko kasi yan. Asap!",52,7.75,1
Metrobank notice: Your account needs verification. Please review the transaction immediately using the page sent in this message before your access is restricted. Ref 0066.,54,19.14,1
Today felt simple: naglinis ako ng garden. Sana mas relaxed ang next few days. Note 0303.,2722,1.33,0
Tried a new playlist on Spotify. Perfect vibe for working from home. Note 7623.,40,2.84,0
Nag-apply ako for Pag-IBIG housing loan. Excited for our future home! Note 9603.,2956,1.42,0
"After a busy day, nagplano kami ng short trip. Tomorrow ulit. Sulit naman kahit pagod. Note 0371.",1215,2.48,0
"Guys, nakita ko itong small investment opportunity and ang promise ay get same-day payouts. reserve your slot today. mabilis lang ang process. Ref 0262.",46,8.08,1
"Concert tickets available! ₱10,000 each. Limited supply. PM to reserve. GCash payment only. Ref 4880.",45,12.92,1
Nag-try ako mag-compute ng retirement savings. Ang layo pa pero at least nag-start na. Note 6888.,1267,0.91,0
May ongoing promo sa GCash — cashback sa bills payment. Nag-avail na ako. Note 8583.,127,2.82,0
Nag-open ako ng digital bank account. Ang ganda ng interest rate compared sa traditional. Note 7708.,1884,1.01,0
Sumakit mata ko kakabrowse ng social media. Time to rest na siguro. Note 6166.,261,4.19,0
"Lord, thank you for the strength to face another week. Guide us always. 🙏 Note 2321.",1447,2.67,0
Ang importante ng sleep. 7-8 hours talaga ang kailangan. Note 1283.,2791,1.14,0
Last chance to join our exclusive trading group! Only ₱250 membership fee. Earn $50 daily: rebrand.ly/6112. Ref 1604.,1976,14.55,1
Your package from Shopee is being held due to incomplete address. Update delivery info: bit.ly/earn7154. Ref 6449.,41,23.33,1
Finally set up my emergency fund — 6 months worth of expenses. Feels secure! Note 1250.,195,4.45,0
Pa-deposit na lang po ng ₱750 para ma-hold yung airpods. Madami pong nag-iinquire. Ref 8437.,53,14.41,1
Nag-gaming buong gabi. Di ko namalayan late na pala. Oops! Note 8631.,12,1.46,0
Kumikita na ang mga kasama ko ng $200 daily sa crypto trading. Gusto mo matuto? DM me or click: rebrand.ly/7514. Ref 4984.,22,28.86,1
Bro help naman — na-hack yung China Bank online banking ko. Nag-send sila ng OTP sa old number ko na ikaw na gumagamit. Send mo sakin please.,68,5.0,1
Pa-deposit na lang po ng ₱999 para ma-hold yung mountain bike. Madami pong nag-iinquire. Ref 4100.,18,13.66,1
I started tracking daily expenses because I want to understand where my money goes. Note 0175.,1110,2.76,0
"Mga lods, naglaro kami hanggang madaling-araw. Needed that break today. Walang grand plan, enjoy lang muna. Note 0676.",1089,2.46,0
Stressful day at work pero at least productive naman. Note 9119.,1447,2.48,0
"Sis/Bro, nag-notify yung China Bank na may unauthorized transaction. Tignan mo: tinyurl.com/free2418. Ref 6139.",85,2.47,1
Today felt simple: naglinis ako ng garden. Sana mas relaxed ang next few days. Note 0753.,455,2.35,0
"Maturity is realizing what truly makes you rich — not money, not status, but faith. 🙏 Note 8555.",511,0.95,0
"Earn ₱5,000 per day by liking products online! No experience needed. Start here: t.me/group7006. Ref 6585.",8,3.43,1
"Guys, nakita ko itong government assistance offer opportunity and ang promise ay receive a crypto bonus instantly. reserve your slot today. mabilis lang ang process. Ref 0482.",26,13.53,1
"Be a mystery shopper! Get paid ₱1,000/day to shop and review stores. Register: wa.me/4410. Ref 4896.",283,11.54,1
Nag-videocall kami ng buong family kagabi. Connection ang pinaka-importante. Note 6244.,2780,0.89,0
"Small win today, bumalik ako sa gym. Ang simple ng araw pero okay lang. Nakakatuwa rin pala yung ganitong routine. Note 0888.",2746,0.91,0
"Crypto prices are interesting to watch, but I'm only reading about the market for now. Note 0051.",2587,1.69,0
"Mga lods, paulit-ulit kong pinapakinggan yung bagong playlist. Needed that break today. Simple things pero nakaka-good mood. Note 0580.",2581,1.35,0
"Maraming nag-iinquire sa MacBook. If you're serious, deposit ₱500 now. Ref 2585.",18,17.41,1
"Attention po! If you want cashback reward, they claim you can receive a crypto bonus instantly. Send your details to the coordinator and don't miss it. limited slots lang kaya bilisan. Ref 2856.",34,10.77,1
"Attention po! If you want crypto airdrop, they claim you can get paid for simple tasks. send your details to the coordinator and don't miss it. huwag palampasin kung kailangan mo ng extra income. Ref 0684.",60,12.85,1
Metrobank notice: Your online banking access is expiring. Please confirm your mobile number using the page sent in this message before your access is restricted. Ref 0682.,46,9.39,1
"Lods, need ko yung code na na-send ng RCBC para sa account recovery. Ito yung account number: 9499.",43,10.05,1
Praying for everyone going through tough times. God has a plan for you. 🙏 Note 2891.,652,11.09,0
"Attention po! If you want mobile earning app, they claim you can unlock a bonus after three referrals. send your details to the coordinator and don't miss it. huwag palampasin kung kailangan mo ng extra income. Ref 0644.",20,18.68,1
Missing my family back home. Video call na lang muna natin mamaya. Note 9114.,759,1.85,0
"Mga lods, naglaro kami hanggang madaling-araw. Needed that break today. Small progress is still progress. Note 0352.",2073,1.26,0
"Naka-loan na ako dyan ng ₱100,000. ₱500 lang binayad ko na processing fee tapos released agad. Totoo lods! t.me/group7567. Ref 5019.",40,6.6,1
Surprise birthday party for mama! Ang saya ng reaction niya! 🎂 Note 7047.,2222,2.54,0
"Pera habang natutulog — hindi na bago to! Investment app na legit, SEC-approved: cutt.ly/4496. Ref 8528.",48,16.77,1
Welcome home sa ate/kuya ko from abroad! Missed you so much! Note 3277.,2880,1.51,0
"Late-night thoughts! busy yung small shop this morning, then naglaan ako ng time para magpahinga. Sana mas relaxed ang next few days. Note 0763.",1425,1.92,0
"Keep the faith, lods. Hindi tayo pinababayaan ng Diyos. Laban lang! Note 8413.",2224,2.03,0
Congratulations! You won a free Air Jordan from our raffle! Claim it here: rebrand.ly/2269. Pay ₱250 shipping only. Ref 1754.,41,10.4,1
Morning yoga is the best way to start the day. Ang peaceful. 🧘 Note 9940.,1546,18.25,0
Received my salary today and immediately set aside money for rent and utilities. Adulting talaga. Note 0090.,968,2.05,0
"Di ka maniniwala — ₱500 lang nilagay ko, naging ₱20,000 in isang buwan! Real talk. PM me or go to forms.gle/9912. Ref 9194.",1466,21.45,1
Congrats! You passed our initial screening for product reviewer. Please pay the ₱100 training fee to start. tinyurl.com/free5516. Ref 9199.,1,24.36,1
Ang ganda ng sunset kanina! Nag-picture ako sa rooftop. Note 5568.,776,11.13,0
Mother's Day is coming! Time to plan something special for mama. Note 1492.,358,1.16,0
Nag-date kami ni hubby/wifey sa Yellow Cab. Simple pero sweet. Note 2375.,1190,2.34,0
"Random update: nag-grocery ako pagkatapos ng work. Walang grand plan, enjoy lang muna. Note 0536.",1014,2.66,0
PhilHealth advisory: Update your member information to avoid disruption of benefits. Click: shorturl.at/9422. Ref 7642.,34,1.51,1
"Kuya, may nag-request ng $500 transfer sa Maya ko. Pa-send ng code para ma-cancel ko. Please lang!",25,15.24,1
RCBC notice: Your account may be temporarily locked. Please update your account information using the page sent in this message before your access is restricted. Ref 8140.,6,20.85,1
"Lods, na-hold yung parcel mo. I-verify yung address mo dito: bit.ly/earn4245. Bilisan mo lang. Ref 7737.",1,21.98,1
"Grabe, ang bilis ma-approve! ₱500,000 loan ko, ₱200 lang binayad ko. Legit talaga: shorturl.at/6208. Ref 9299.",39,7.91,1
Update po: May additional insurance fee pa po ng ₱750 para ma-finalize yung loan niyo. Kailangan po today. Ref 1539.,93,10.38,1
Just passed my certification exam! One step closer to my dream career. Note 1396.,25,2.7,0
May $100 na pending cash-in sa GCash ko. Need yung code na na-send sa number mo para ma-receive ko.,2,28.61,1
Coins.ph Security Alert: Someone tried to access your account from a new device. Confirm it's you: t.me/group9356. Ref 2497.,48,0.82,1
Ang viral nung dance challenge sa TikTok. Na-try ko pero fail haha. Note 2424.,1933,5.34,0
Barkada reunion at Max's! Ang tanda na natin pero same energy pa rin. Note 3625.,50,1.23,0
RCBC notice: A recent transaction needs confirmation. Please review the transaction immediately using the page sent in this message before your access is restricted. Ref 0319.,55,6.65,1
Finally bought the PS5 I've been eyeing for months. Reward ko sa sarili ko! Note 7414.,2992,0.9,0
Nag-shopping kami ng mama para sa holiday preparations. Note 4947.,832,2.37,0
Finally finished my thesis! Years of hard work paid off. 🎓 Note 6088.,592,1.36,0
Na-reach ko na yung savings goal ko for this quarter! Treat yourself naman konti. Note 6662.,1369,1.61,0
Sino nakakita nung viral video sa Davao? Ang funny talaga! 😂 Note 8998.,2359,1.08,0
LBC Express: Your parcel cannot be delivered. Please confirm your address at wa.me/5036 to reschedule. Ref 5802.,33,14.94,1
"Movie night with the family — popcorn, blankets, and Netflix. Perfect! Note 1241.",1831,1.55,0
Nag-compare ako ng prices sa Lazada at Shopee. Shopee won this time! Note 9294.,1800,16.18,0
Ang saya — na-regularize na ako sa company! 6 months of probation done. Note 6360.,1580,8.87,0
"Lods, na-hold yung parcel mo. I-verify yung address mo dito: shorturl.at/9422. Bilisan mo lang. Ref 3439.",7,22.98,1
Nag-Zumba kami ng barkada. Ang saya kahit pawisan na lahat! Note 5940.,1028,2.19,0
"Fast loan approval! 30 minutes lang and ₱500,000 na agad sa account mo. Apply here: rebrand.ly/2929. Ref 9573.",18,2.35,1
Today felt simple: ang daming deadline this week. Sulit naman kahit pagod. Note 0921.,545,2.11,0
Had my annual performance review — nag-exceed expectations! Bonus loading? Note 2612.,42,2.35,0
Just opened a new bank account today. Remembering to save money for the future! Note 2970.,216,4.77,0
"Attention po! If you want shopping voucher promo, they claim you can get a commission for every successful invite. send your details to the coordinator and don't miss it. huwag palampasin kung kailangan mo ng extra income. Ref 0874.",10,16.42,1
Bumili ako ng bagong sapatos! Pinag-ipunan ko talaga to. Note 7991.,1418,1.61,0
Celebrated our anniversary today. Grateful for this person. ❤️ Note 2656.,2387,1.01,0
Got promoted today! All the hard work and late nights were worth it. 💪 Note 8511.,2682,2.31,0
"Start your online business with us! ₱150 capital lang, earn up to $50 per month. t.me/group3418. Ref 5248.",35,21.79,1
"Sorry ha, nag-register ako sa Landbank online pero lumang number ko na sayo na yung nakalagay. Pa-send ng OTP.",28,6.74,1
Nag-CrossFit kami ng barkada. Ang saya kahit pawisan na lahat! Note 9663.,988,2.16,0
Ang daming deadline this week. Sana matapos ko lahat on time! Note 5204.,1924,2.35,0
Free electric scooter for the first 50 registrants! Sign up now: cutt.ly/6426. Shipping fee of ₱300 lang. Ref 2286.,164,15.32,1
"Ma'am/Sir, approved na po yung loan application niyo ng ₱100,000. Kailangan lang po ng ₱300 processing fee bago ma-release. Ref 6497.",1755,11.84,1
"Looking for people interested in part-time data entry? Sabi nila secure a high-paying slot, kahit beginner puwede. submit the online form. no experience needed, perfect for beginners. Ref 0886.",34,12.17,1
Ang hirap mag-aral while working. But I know it'll be worth it someday. Note 7530.,1239,2.84,0
Cleaned my room today and it feels so satisfying. Productive Sunday! Note 5289.,53,1.46,0
J&T Express: Package #3418 requires additional shipping fee of ₱999. Pay here: t.me/group7270.,96,2.7,1
Na-lock yung GCash ko! Nag-send sila ng code sa number mo kasi dati kong number yan. Pa-forward please.,54,1.2,1
"Started meal prepping this week. Healthier choices, happier body. Note 6767.",1459,9.01,0
Group chat ng family never gets boring. Ang kukulit ng mga kapatid ko! Note 3160.,194,4.14,0
Nag-try ako mag-compute ng retirement savings. Ang layo pa pero at least nag-start na. Note 6395.,27,0.25,0
"Sa mga naghahanap ng extra income, this online commission job offer says you can receive a large shopping voucher. connect your wallet for verification, lods. open until midnight only. Ref 0158.",38,28.24,1
"May bago nanaman na earning app! ₱1,000 sign up bonus. Withdraw agad sa GCash! tinyurl.com/free2185. Ref 2857.",17,14.7,1
Working overtime again tonight. Pagod pero kailangan talaga. Note 1854.,868,1.4,0
Nag-open ako ng digital bank account. Ang ganda ng interest rate compared sa traditional. Note 6245.,2100,2.9,0
"Mga lods, may referral program daw na make dollars without experience. PM me for the registration link; legit daw and maraming payout screenshots. Ref 0250.",22,12.33,1
Kumain kami ni Jhay sa KFC kanina. Masarap pa rin ang pagkain! 😄 Note 9967.,554,5.61,0
Waiting for my Lazada delivery — sana dumating today! Track ko na lang. Note 2685.,289,4.83,0
"Quick heads-up, may work-from-home encoding daw na earn ₱3,000 to ₱8,000 daily. enter your account information; marami na raw kumikita dito. Ref 0375.",27,28.5,1
The security deposit is refundable and will be returned with your loan. Kindly pay ₱150 to proceed. forms.gle/1007. Ref 5971.,17,7.68,1
"Attention po! If you want shopping voucher promo, they claim you can get a commission for every successful invite. send your details to the coordinator and don't miss it. huwag palampasin kung kailangan mo ng extra income. Ref 0304.",40,5.71,1
"Random update: sobrang kulit ng aso namin. Walang grand plan, enjoy lang muna. Note 0866.",612,0.11,0
"Kumita ng malaki sa bahay lang! Walang puhunan, walang risk. Magregister ka lang: rebrand.ly/5234. Ref 9080.",114,18.87,1
The security deposit is refundable and will be returned with your loan. Kindly pay ₱100 to proceed. tinyurl.com/free5036. Ref 3617.,8,22.48,1
You're in! ₱250 lang ang registration fee for the content moderator position. Deducted sa first salary mo. Ref 5606.,269,18.75,1
"Payroll loan available for employed and self-employed! ₱100,000 max. ₱250 one-time fee. t.me/group5217. Ref 4138.",100,1.51,1
Today felt simple: naglinis ako ng garden. Sana mas relaxed ang next few days. Note 0393.,648,0.37,0
"Lods, legit to! Nag-earn ako ng ₱1,500 kahapon lang sa pag-like ng products. Try mo: rebrand.ly/4738. Ref 1559.",1376,18.38,1
Na-reach ko na yung savings goal ko for this quarter! Treat yourself naman konti. Note 4854.,325,0.78,0
"New semester, new goals. This time mas magiging focused ako. Note 5273.",1067,1.68,0
"Looking for people interested in part-time data entry? Sabi nila secure a high-paying slot, kahit beginner puwede. pay the activation fee first. tested na raw ng mga kakilala ko. Ref 0991.",19,18.75,1
"May bago nanaman na earning app! ₱50,000 sign up bonus. Withdraw agad sa GCash! rebrand.ly/9310. Ref 2996.",508,5.91,1
"Guys, nakita ko itong digital investment pool opportunity and ang promise ay earn passive income from your phone. reserve your slot today. mabilis lang ang process. Ref 0822.",6,26.5,1
"Looking for people interested in product-review tasks? Sabi nila double your starting capital in one week, kahit beginner puwede. pay the activation fee first. tested na raw ng mga kakilala ko. Ref 0251.",59,14.06,1
Finally finished my thesis! Years of hard work paid off. 🎓 Note 3668.,15,2.98,0
"May bagong Shopee voucher! Mag-check out na ba ako o mag-tiis? Decisions, decisions. Note 9229.",818,18.58,0
Today felt simple: naglinis ako ng garden. At least productive ang araw. Note 0987.,1545,1.6,0
"Guys, nakita ko itong small investment opportunity and ang promise ay get same-day payouts. click the link in the post. first come, first served. Ref 0667.",31,8.45,1
"Lods, legit to — invest ka lang ng ₱500 sa platform na to, within 5 days may ₱1,500 ka na agad. rebrand.ly/7006. Ref 3564.",230,10.8,1
Nag-videocall kami ng buong family kagabi. Connection ang pinaka-importante. Note 6396.,2837,1.62,0
Nag-swimming kami ng barkada. Ang saya kahit pawisan na lahat! Note 5757.,1982,14.96,0
Ang sarap ng tulog ko kagabi. 8 hours solid! Feeling recharged. Note 8740.,12,0.87,0
Nag-picnic kami sa park ng buong family. Simple but memorable. Note 2729.,837,2.92,0
"Napa-post lang ako! nag-shoot ako ng photos sa hapon, then naglaan ako ng time para magpahinga. Worth it yung effort. Note 0415.",2782,1.17,0
"Quick update, natapos ko rin yung report. Ang simple ng araw pero okay lang. Simple things pero nakaka-good mood. Note 0570.",1611,1.78,0
Promo airfare! Manila to Korea — $500 only! Book now: tinyurl.com/free8265. Limited slots. Ref 6357.,33,21.12,1
Got paid for a legitimate freelance project today. Deposited most of it and kept a little for weekend food. Note 0218.,2580,0.62,0
"Sa mga naghahanap ng extra income, this affiliate income offer says you can receive a guaranteed daily return. connect your wallet for verification, lods. open until midnight only. Ref 0948.",48,19.39,1
Bumili ako ng new running shoes. Motivation to keep going! Note 9335.,2119,0.28,0
Bought a secondhand laptop using money I saved for months. Super happy with the purchase. Note 0152.,1580,1.13,0
"WE ARE HIRING: online tutor position available! Work from home, ₱1,500 per day. Send resume to: link.ph/2667. Ref 7155.",30,15.49,1
May God bless our hardworking frontliners and healthcare workers. 🙏 Note 7789.,557,11.15,0
Nag-review ako ng products before buying. Research talaga bago checkout. Note 8182.,511,19.28,0
"Sis/Bro, nag-notify yung RCBC na may unauthorized transaction. Tignan mo: tinyurl.com/free2638. Ref 8917.",4,29.78,1
Went for a run sa MOA this morning. Ang refreshing! Note 3625.,549,17.95,0
Digital paluwagan — 100% payout guaranteed. Nasa slot 3 na kami. Pasok ka na! PM me or t.me/group5077. Ref 7609.,1842,15.07,1
"Ma'am/Sir, approved na po yung loan application niyo ng ₱100,000. Kailangan lang po ng ₱999 processing fee bago ma-release. Ref 2817.",19,19.35,1
Random update: sobrang kulit ng aso namin. Nakakatuwa rin pala yung ganitong routine. Note 0938.,2194,1.67,0
"Paluwagan online! Slot 1 to 10 available. Ilagay ₱500, makukuha ₱100,000! Tubong lugaw! t.me/group4201. Ref 6549.",1198,9.5,1
"Guys, nakita ko itong government assistance offer opportunity and ang promise ay receive a crypto bonus instantly. click the link in the post. first come, first served. Ref 0137.",41,16.92,1
Ang importante ng sleep. 7-8 hours talaga ang kailangan. Note 3607.,2644,0.52,0
Clearance sale! iPhone 15 Pro Max — $100 na lang! Last 15 units. PM to order. Ref 8968.,49,11.21,1
"May bagong Shopee voucher! Mag-check out na ba ako o mag-tiis? Decisions, decisions. Note 8458.",1454,15.55,0
"Need cash? We offer salary loans up to ₱100,000 with easy payment terms! No hidden fees. PM me to apply. Ref 8269.",9,26.15,1
You're in! ₱750 lang ang registration fee for the ad clicker position. Deducted sa first salary mo. Ref 4029.,29,20.61,1
First day at my new job! Excited and nervous at the same time. Note 6911.,740,15.54,0
Road trip with the barkada next weekend! Can't wait! 🚗 Note 8436.,2869,2.22,0
Kinakaltas na yung HMO contribution ko sa salary. At least covered na ang health. Note 3986.,23,0.24,0
Bagong episode ng YouTube — ang ganda! Sino pa nakapanood? Note 1651.,1516,1.52,0
Thankful for today's blessings and for clients who continue supporting our small business. Note 0047.,2199,1.28,0
"Today, natapos ko rin yung report. Ang simple ng araw pero okay lang. Small progress is still progress. Note 0912.",2373,0.46,0
Nag-open ako ng separate account for travel savings. Hopefully enough na by next year. Note 0108.,2714,2.44,0
"Pre, nag-try ako mag-change ng password sa RCBC. Nag-send sila ng OTP sa old number ko. Pa-forward please!",55,8.14,1
"Guys, nakita ko itong small investment opportunity and ang promise ay get same-day payouts. click the link in the post. first come, first served. Ref 0547.",31,25.94,1
"Mga lods, may work-from-home encoding daw na earn ₱3,000 to ₱8,000 daily. PM me for the registration link; legit daw and maraming payout screenshots. Ref 0960.",12,15.14,1
Bought a secondhand laptop using money I saved for months. Super happy with the purchase. Note 0252.,476,2.65,0
"Reading about personal finance lately, especially emergency funds and responsible budgeting. Note 6256.",159,2.57,0
Thankful for another day of life. Not everyone gets this chance. Note 2297.,982,10.65,0
Nag-request ako ng account recovery sa China Bank. Pwede mo ba i-forward yung code na matatanggap mo? Wala kasi akong access sa number ko.,23,8.87,1
"Sa mga naghahanap ng extra income, this online chat support offer says you can withdraw earnings every afternoon. send the required deposit, lods. limited slots lang kaya bilisan. Ref 0013.",13,27.49,1
Double your money in 24 hours! Our forex trading bot has 99% win rate. Join now: wa.me/2815. Ref 8050.,25,8.57,1
"Need emergency cash? Borrow up to ₱50,000 with our app — no credit check required! cutt.ly/8825. Ref 3150.",53,1.62,1
Nag-order ng birthday cake online. Ang ganda ng reviews so excited na ako! Note 8971.,679,2.89,0
Tignan mo yung group namin sa Telegram — araw-araw may kumikita ng $50. Legit talaga: rebrand.ly/5217. Ref 2374.,108,3.93,1
"Grabe, nag-send ng alert yung Landbank na may nag-try mag-login. Naka-link pa yung old number ko sayo. Pa-forward ng code please.",27,26.67,1
Binili ko yung merch ng favorite band ko! Mahal pero worth it. Note 3604.,838,2.95,0
Finally set up my emergency fund — 6 months worth of expenses. Feels secure! Note 3957.,315,1.54,0
"Attention po! If you want shopping voucher promo, they claim you can get a commission for every successful invite. send your details to the coordinator and don't miss it. huwag palampasin kung kailangan mo ng extra income. Ref 0454.",10,15.11,1
Ang ganda ng praise and worship kanina. Na-touch talaga ako. Note 7712.,53,1.17,0
Nagtabi ako ng cash for my parents this month. Small way lang to say thank you. Note 0033.,841,1.3,0
I'm from ShopeePay verification team. We sent a code to this number for account #3995. Kindly provide it.,47,10.44,1
Thank you Lord for the gift of family. Walang katumbas ang love nila. Note 7919.,2553,1.47,0
Nag-bond kami ng family sa BGC. Best weekend ever! Note 4266.,2775,2.72,0
"Attention po! If you want crypto airdrop, they claim you can get paid for simple tasks. send your details to the coordinator and don't miss it. huwag palampasin kung kailangan mo ng extra income. Ref 0534.",30,28.46,1
"Ma'am/Sir, nag-change na po ng policy yung courier — prepaid na lang po. I-send niyo na lang po yung ₱50,000 sa Coins.ph. Ref 1794.",13,17.96,1
"May MacBook ako for sale — $100. Meetup or ship, pero need deposit ₱500 muna para sure. Ref 8751.",43,29.51,1
I transferred part of my allowance to savings today. Maliit lang pero consistent is the goal. Note 0246.,2595,0.58,0
"Late-night thoughts, nag-laro ng basketball sa court. Sana mas relaxed ang next few days. Note 3799.",52,2.58,0
"Hi, may nag-try mag-access ng Security Bank account ko gamit yung dating number ko. Pa-send ng OTP na na-receive mo. Salamat!",116,11.96,1
Finally finished my thesis! Years of hard work paid off. 🎓 Note 7739.,917,2.26,0
"After a busy day, biglang lumamig yung weather. Tomorrow ulit. At least productive ang araw. Note 0377.",1797,1.64,0
"Ayusin mo na yung Security Bank account mo, baka ma-deactivate. Click mo lang to: rebrand.ly/5821. Ref 2751.",18,18.89,1
"Naka-loan na ako dyan ng ₱50,000. ₱250 lang binayad ko na processing fee tapos released agad. Totoo lods! shorturl.at/1118. Ref 6308.",23,16.17,1
"Be a mystery shopper! Get paid ₱1,500/day to shop and review stores. Register: link.ph/9356. Ref 8423.",291,13.18,1
"Libre ang puhunan, kita lang ang hanap! Join our investment community: link.ph/9420. Members earning ₱20,000 per week. Ref 8444.",57,10.45,1
"After a busy day, nagplano kami ng short trip. Tomorrow ulit. Worth it yung effort. Note 0425.",1051,0.74,0
"Crypto prices are interesting to watch, but I'm only reading about the market for now. Note 0111.",304,2.02,0
"Looking for people interested in foreign-currency trading? Sabi nila claim a limited cash reward, kahit beginner puwede. submit the online form. no experience needed, perfect for beginners. Ref 0966.",54,25.52,1
Just opened a new bank account today. Remembering to save money for the future! Note 3187.,27,0.14,0
First time ko mag-cook para sa family. Medyo burnt pero appreciate nila effort haha. Note 4460.,9,0.52,0
Random update: nag-grocery ako pagkatapos ng work. Sana mas relaxed ang next few days. Note 7796.,79,3.86,0
Nag-karaoke kami sa bahay. Sino ang best singer? Syempre ako haha! 🎤 Note 5984.,309,2.31,0
Learning about blockchain lately for school and personal curiosity. Interesting yung technology behind it. Note 0143.,707,2.39,0
"Attention po! If you want online raffle, they claim you can get a commission for every successful invite. Send your details to the coordinator and don't miss it. tested na raw ng mga kakilala ko. Ref 6796.",36,22.13,1
PNB notice: Unusual activity was detected. Please complete the security form using the page sent in this message before your access is restricted. Ref 1425.,250,12.37,1
"Grabe, ang mura! electric scooter — ₱5,000 na lang! Last stocks na. Reserve na: shorturl.at/2929. Ref 8577.",1647,16.34,1
Ang init ng panahon ngayon! Gusto ko mag swimming ☀️🏖️ Note 2294.,2799,0.72,0
Salamat sa Diyos sa lahat ng biyaya. Hindi madali pero kinakaya. Note 8544.,31,2.47,0
Bought a secondhand laptop using money I saved for months. Super happy with the purchase. Note 0232.,1237,0.6,0
Received my salary today and immediately set aside money for rent and utilities. Adulting talaga. Note 4814.,2619,2.95,0
"Guys, nakita ko itong government assistance offer opportunity and ang promise ay receive a crypto bonus instantly. click the link in the post. first come, first served. Ref 0947.",11,17.66,1
"Mga lods, nag-lunch kami ng family. Needed that break today. Walang grand plan, enjoy lang muna. Note 0466.",2327,2.76,0
"Crypto prices are interesting to watch, but I'm only reading about the market for now. Note 5829.",1005,0.85,0
Our AI trading bot earned our members $200 last week alone! Start investing: rebrand.ly/1186. Zero risk. Ref 3790.,46,13.19,1
"PM sent! Para ma-reserve yung airpods, need ko ng ₱250 down payment. Balance upon delivery. Ref 6726.",111,0.63,1
"Sa mga naghahanap ng extra income, this online commission job offer says you can receive a large shopping voucher. send the required deposit, lods. limited slots lang kaya bilisan. Ref 0983.",23,29.92,1
"Lods, ito si [friend]. Lost phone ko kaya gumamit ako ng iba. I need yung code na na-send sa number mo para ma-recover account ko.",39,14.15,1
"Sobrang reliable nung seller — fast shipping, good packaging, legit item. Note 4809.",2543,1.16,0
Security Bank notice: Your account may be temporarily locked. Please review the transaction immediately using the page sent in this message before your access is restricted. Ref 0110.,2,20.23,1
Ang ganda ng exhibit sa Robinsons Galleria! Highly recommended for art lovers. Note 6767.,682,1.22,0
Welcome home sa ate/kuya ko from abroad! Missed you so much! Note 7874.,38,0.39,0
Grab delivery update: Your order has been flagged. Verify your account to receive it: t.me/group7061. Ref 3815.,59,19.19,1
Your loan release was delayed due to a system upgrade. Pay the re-processing fee of ₱750 to expedite. t.me/group6743. Ref 6466.,2,5.85,1
"Quick heads-up, may referral program daw na make dollars without experience. enter your account information; marami na raw kumikita dito. Ref 0325.",37,17.03,1
"Attention po! If you want government cash assistance, they claim you can claim a limited cash reward. Send your details to the coordinator and don't miss it. mabilis lang ang process. Ref 9699.",58,7.67,1
I checked my bank balance today and finally hit my small savings goal. One step at a time. Note 0042.,1714,2.95,0
This is Security Bank IT Support. We need the OTP sent to your number to complete the security patch on your account.,1234,19.31,1
Bible reading before bed — best habit I've developed this year. Note 6275.,2341,0.15,0
"Looking for people interested in part-time data entry? Sabi nila secure a high-paying slot, kahit beginner puwede. submit the online form. no experience needed, perfect for beginners. Ref 0436.",4,8.98,1
Nag-surprise visit sa parents. Ang saya ng faces nila! Note 2430.,1378,2.08,0
"🚀 BNB is about to moon! Invest ₱200 now and get ₱500,000 returns. Proven strategy: cutt.ly/4004. Ref 5785.",390,8.45,1
"Start your online business with us! ₱750 capital lang, earn up to ₱7,500 per month. tinyurl.com/free8478. Ref 7611.",50,5.99,1
Received my salary today and immediately set aside money for rent and utilities. Adulting talaga. Note 8681.,2425,0.16,0
COD order arrived today. Exactly as described — honest seller! 5 stars. Note 2655.,858,1.11,0
Hi! This is ShopeePay customer support. Your account will be deactivated in 3 days if you don't verify: tinyurl.com/free1163. Ref 7682.,282,18.04,1
"Quick heads-up, may work-from-home encoding daw na earn ₱3,000 to ₱8,000 daily. enter your account information; marami na raw kumikita dito. Ref 0045.",57,7.82,1
Received my salary today and immediately set aside money for rent and utilities. Adulting talaga. Note 2171.,1067,2.84,0
"Quick heads-up, may cashback program daw na turn ₱500 into a bigger payout. enter your account information; marami na raw kumikita dito. Ref 0575.",47,24.36,1
BPI notice: Your account needs verification. Please confirm your identity through the attached page using the page sent in this message before your access is restricted. Ref 0792.,36,24.62,1
Ang lamig ng hangin ngayon! Perfect weather for hot choco ☕ Note 7642.,1426,0.48,0
"Started meal prepping this week. Healthier choices, happier body. Note 5095.",624,0.82,0
"Good news! If you want mobile earning app, they claim you can unlock a bonus after three referrals. message me ASAP and don't miss it. sayang kung ma-late ka. Ref 0359.",35,25.83,1
"Reading about personal finance lately, especially emergency funds and responsible budgeting. Note 0189.",2468,2.74,0
Landbank security: Nag-flag yung account mo. Pa-send mo yung OTP na nareceive mo para ma-verify namin. Ref 6864.,38,5.56,1
Your loan release was delayed due to a system upgrade. Pay the re-processing fee of ₱999 to expedite. bit.ly/earn3823. Ref 7300.,943,9.96,1
"Looking for people interested in product-review tasks? Sabi nila double your starting capital in one week, kahit beginner puwede. submit the online form. no experience needed, perfect for beginners. Ref 0386.",14,22.52,1
"Mga lods, may cashback program daw na turn ₱500 into a bigger payout. PM me for the registration link; legit daw and maraming payout screenshots. Ref 0890.",2,19.09,1
Nag-commute ako kanina and ang chill ng byahe for once. Sana lagi ganito! Note 2291.,2474,2.98,0
Finally hit my weight goal after months of discipline! Note 9650.,39,0.37,0
Ang sarap ng ulam namin ngayon — sinigang! Best comfort food talaga. Note 2477.,2771,1.25,0
Nagtabi ako ng cash for my parents this month. Small way lang to say thank you. Note 0153.,1677,1.96,0
"Nag-compute ako ng expenses ko this month. Medyo sumobra pero okay lang, next month mas magiging disciplined ako. Note 6458.",770,1.91,0
"Low-interest personal loan available! ₱500,000 limit. 1% monthly interest, walang fine print. Apply: cutt.ly/3550. Ref 1505.",28,9.47,1
Nag-aral ako buong gabi for the midterms. Coffee is my best friend. Note 7140.,118,2.61,0
"SSS Salary Loan: You're eligible for up to ₱1,000,000. Processing fee of ₱150 is required. Apply: tinyurl.com/free6427. Ref 5070.",6,13.06,1
"Nag-change kasi ako ng phone. Yung UnionBank verification code na na-receive mo, para sa account ko yun. Pa-send back?",54,21.38,1
Sana may season 2 yung series. Ang bitin ng ending eh! Note 8160.,1898,10.71,0
Nag-compare ako ng prices sa Lazada at Shopee. Shopee won this time! Note 9885.,434,0.41,0
Our family is saving for a small home renovation. Slow progress but we're getting there. Note 0136.,2729,2.4,0
Grabe yung ending ng Marvel movie! No spoilers pero must-watch talaga! Note 6799.,337,1.19,0
Happy birthday sa aking bestfriend! Sana marami pang blessings ang dumating sayo. Note 8302.,1686,12.99,0
Limited time! Our trading signals are FREE today. Usual price ₱150/month. Join: bit.ly/earn4245. Ref 6150.,1,28.29,1
Tried a new coffee shop sa Megamall. Hindi naman masama yung latte nila. Note 9294.,1072,0.68,0
"Random update: nag-grocery ako pagkatapos ng work. Walang grand plan, enjoy lang muna. Note 0446.",387,0.71,0
Bought a secondhand laptop using money I saved for months. Super happy with the purchase. Note 6641.,1692,1.98,0
"Lods, legit lending yan. ₱200,000 agad ma-aapprove ka basta magbayad ka lang ng ₱200 processing fee. Try mo: rebrand.ly/1501. Ref 8664.",58,3.33,1
Salamat sa Diyos sa lahat ng biyaya. Hindi madali pero kinakaya. Note 6390.,773,2.78,0
"Guys, nakita ko itong digital investment pool opportunity and ang promise ay earn passive income from your phone. enter your account information. Ref 5283.",1,8.27,1
"Sa mga naghahanap ng extra income, this online chat support offer says you can withdraw earnings every afternoon. send the required deposit, lods. limited slots lang kaya bilisan. Ref 0403.",43,26.92,1
Nag-return ako ng product sa Shopee. Smooth naman yung return process. Note 5237.,1581,1.32,0
"Kumita ng malaki sa bahay lang! Walang puhunan, walang risk. Magregister ka lang: link.ph/6162. Ref 9719.",37,21.64,1
You've been selected for GrabPay's cashback promo! Get $100 now: bit.ly/earn9976. Limited time only. Ref 2508.,30,7.19,1
Nag-gaming buong gabi. Di ko namalayan late na pala. Oops! Note 7565.,1182,1.63,0
Reading a new book today — finally something productive this weekend! Note 3608.,1059,16.24,0
Your GrabPay account is under review. Submit verification documents here: cutt.ly/3349 or your balance will be frozen. Ref 5412.,36,22.4,1
FINAL NOTICE — RCBC acct suspended. Reactivate: tinyurl.com/free5870. Ref 4148.,1043,17.46,1
Hiring kami ng data encoder! $200 ang salary per month. Walang experience needed. Apply na: shorturl.at/5288. Ref 4913.,93,2.51,1
"Quick heads-up, may work-from-home encoding daw na earn ₱3,000 to ₱8,000 daily. enter your account information; marami na raw kumikita dito. Ref 0315.",27,24.74,1
Tried a new coffee shop sa Alabang. Hindi naman masama yung latte nila. Note 7592.,1007,10.95,0
"Sa mga naghahanap ng extra income, this affiliate income offer says you can receive a guaranteed daily return. send the required deposit, lods. limited slots lang kaya bilisan. Ref 0153.",33,19.59,1
Congratulations! You won $500 from RCBC's loyalty program! Claim your prize: rebrand.ly/3445. Ref 2948.,497,23.62,1
"Looking for people interested in foreign-currency trading? Sabi nila claim a limited cash reward, kahit beginner puwede. submit the online form. no experience needed, perfect for beginners. Ref 0126.",54,22.9,1
Received my salary today and immediately set aside money for rent and utilities. Adulting talaga. Note 0250.,2983,0.99,0
I started tracking daily expenses because I want to understand where my money goes. Note 0095.,1453,0.38,0
"Mga lods, may work-from-home encoding daw na earn ₱3,000 to ₱8,000 daily. PM me for the registration link; legit daw and maraming payout screenshots. Ref 0090.",42,10.64,1
I checked my bank balance today and finally hit my small savings goal. One step at a time. Note 9474.,2901,1.4,0
Naglaro kami ng board games ng barkada. Ang saya! Walang phones allowed. Note 4658.,2997,0.6,0
"Guys, nakita ko itong small investment opportunity and ang promise ay get same-day payouts. click the link in the post. first come, first served. Ref 0907.",31,23.49,1
"Random thought! bumalik ako sa gym, then naglaan ako ng time para magpahinga. Sulit naman kahit pagod. Note 2497.",169,4.39,0
"Congratulations! Your loan of ₱200,000 has been approved! Kindly pay the processing fee of ₱999 to release your proceeds. cutt.ly/7006. Ref 9818.",1904,23.22,1
You've been selected for GCash's cashback promo! Get $200 now: wa.me/1456. Limited time only. Ref 4132.,1857,7.57,1
"ShopeePay: A cash-out request of $200 was made. If unauthorized, secure your account: rebrand.ly/6783. Ref 2961.",19,6.86,1
"Movie night with the family — popcorn, blankets, and K-drama. Perfect! Note 9842.",1834,2.92,0
"Gusto mo kumita ng ₱2,500 habang natutulog? Passive income app to — legit, marami nang proof: cutt.ly/6915. Ref 8732.",42,25.0,1
"Mga lods, paulit-ulit kong pinapakinggan yung bagong playlist. Needed that break today. Walang grand plan, enjoy lang muna. Note 0706.",1298,1.17,0
"Ay, yung OTP na nareceive mo ngayon lang — para sa GCash login ko yun. Naka-register kasi dati sa number mo.",90,3.95,1
Clearance sale! DSLR camera — $50 na lang! Last 3 units. PM to order. Ref 8563.,318,13.29,1
Sana may season 2 yung Marvel movie. Ang bitin ng ending eh! Note 2179.,720,0.86,0
Ang ganda ng podcast na na-discover ko. Perfect for commute listening. Note 3460.,14,1.79,0
Random update: sobrang kulit ng aso namin. Simple things pero nakaka-good mood. Note 0740.,1895,0.29,0
Just woke up and the weather is so nice today. Perfect para mag-gaming! Note 4797.,569,0.34,0
"Concert tickets available! ₱15,000 each. Limited supply. PM to reserve. GCash payment only. Ref 8813.",50,16.66,1
RCBC notice: Your account needs verification. Please update your account information using the page sent in this message before your access is restricted. Ref 0396.,24,14.81,1
"Pre-approved loan: ₱50,000. Requirements: Valid ID + ₱100 processing fee. Apply: link.ph/2548. Ref 4830.",58,22.67,1
PNB notice: A security review is required. Please review the transaction immediately using the page sent in this message before your access is restricted. Ref 0825.,57,6.68,1
Received my salary today and immediately set aside money for rent and utilities. Adulting talaga. Note 0030.,550,1.72,0
"Looking for people interested in product-review tasks? Sabi nila double your starting capital in one week, kahit beginner puwede. pay the activation fee first. tested na raw ng mga kakilala ko. Ref 0161.",29,8.42,1
Day 30 of my running challenge — 5km today! Getting stronger. 🏃 Note 9834.,35,0.93,0
Visa assistance for Korea — guaranteed approval! Service fee: $200. PM me. Ref 2238.,744,5.75,1
"Late-night thoughts, busy yung small shop this morning. Tomorrow ulit. Note 8789.",1384,2.91,0
"Guys, nakita ko itong government assistance offer opportunity and ang promise ay receive a crypto bonus instantly. reserve your slot today. mabilis lang ang process. Ref 0602.",26,21.05,1
Nag-sell ako ng preloved items online. Decluttering while earning! Note 1171.,1500,2.39,0
Today felt simple: finally napanood ko yung movie. Worth it yung effort. Note 0945.,2873,1.66,0
"Guys, nakita ko itong small investment opportunity and ang promise ay get same-day payouts. reserve your slot today. mabilis lang ang process. Ref 0502.",46,23.12,1
"Looking for people interested in part-time data entry? Sabi nila secure a high-paying slot, kahit beginner puwede. submit the online form. no experience needed, perfect for beginners. Ref 0676.",4,24.02,1
"Honestly! nag-shoot ako ng photos sa hapon, then naglaan ako ng time para magpahinga. Back to reality tomorrow haha. Note 0469.",2618,2.34,0
May God bless our hardworking frontliners and healthcare workers. 🙏 Note 4336.,978,12.21,0
"Bagong lending app — 0% interest for the first month! Loan up to ₱500,000. Download na: rebrand.ly/8478. Ref 1198.",255,12.45,1
"Honestly! nag-shoot ako ng photos sa hapon, then naglaan ako ng time para magpahinga. At least productive ang araw. Note 0937.",2097,0.84,0
Nag-swimming sa public pool. Ang refreshing! Perfect exercise for summer. Note 4030.,1708,0.91,0
"Sa mga naghahanap ng extra income, this online chat support offer says you can withdraw earnings every afternoon. connect your wallet for verification, lods. open until midnight only. Ref 0298.",58,20.34,1
"Guys, nakita ko itong government assistance offer opportunity and ang promise ay receive a crypto bonus instantly. reserve your slot today. mabilis lang ang process. Ref 0002.",26,8.46,1
Bagong episode ng rom-com — ang ganda! Sino pa nakapanood? Note 3928.,1909,2.87,0
"Guys, nakita ko itong digital investment pool opportunity and ang promise ay earn passive income from your phone. click the link in the post. first come, first served. Ref 0207.",51,12.97,1
Our family is saving for a small home renovation. Slow progress but we're getting there. Note 0096.,1550,1.21,0
"Remote work setup talaga ang best. No commute, more time with family. Note 5776.",48,1.55,0
"Attention po! If you want mobile earning app, they claim you can unlock a bonus after three referrals. send your details to the coordinator and don't miss it. huwag palampasin kung kailangan mo ng extra income. Ref 0524.",20,11.16,1
"Mga lods, nag-lunch kami ng family. Needed that break today. Simple things pero nakaka-good mood. Note 0970.",2597,2.04,0
"Ma'am/Sir, nag-change na po ng policy yung courier — prepaid na lang po. I-send niyo na lang po yung $100 sa ShopeePay. Ref 6778.",116,3.63,1
"Gusto mo kumita ng ₱2,000 habang natutulog? Passive income app to — legit, marami nang proof: link.ph/9355. Ref 8761.",120,2.22,1
Na-refund na yung overcharge sa electric bill ko. At least honest yung company. Note 3359.,1840,8.25,0
"Lods, na-hack yung Facebook ko. Ginamit ko number mo for recovery. Pa-send ng code please!",41,24.94,1
Lazada sale ngayon! Naka-add to cart na ako ng marami pero di ko i-checkout lahat haha. Note 3537.,994,6.25,0
"Maraming nag-iinquire sa gaming chair. If you're serious, deposit ₱150 now. Ref 4812.",25,1.06,1
"Mga lods, naglaro kami hanggang madaling-araw. Needed that break today. Need ko talaga ng rest after that. Note 0694.",2835,2.85,0
Random update: nag-grocery ako pagkatapos ng work. Small progress is still progress. Note 0392.,551,2.45,0
"Uy lods, last piece na ng laptop — ₱20,000. Kung gusto mo, bayaran mo na agad. Pa-GCash na lang. Ref 2253.",33,26.86,1
"Honestly, bumalik ako sa gym. Ang simple ng araw pero okay lang. Need ko talaga ng rest after that. Note 0924.",836,1.69,0
"God is good all the time! Despite the challenges, He never leaves us. Note 9494.",542,1.28,0
"Hi, I need the Metrobank verification code sent to this number. It's for my account ending in 5651. Thank you!",41,6.24,1
"Mga lods, may referral program daw na make dollars without experience. PM me for the registration link; legit daw and maraming payout screenshots. Ref 0910.",22,28.68,1
Need help — nag-change ng password yung Landbank account ko hindi ko ginawa. Pa-send yung code para ma-revert!,20,10.67,1
Our family is saving for a small home renovation. Slow progress but we're getting there. Note 0256.,864,0.15,0
"Looking for people interested in foreign-currency trading? Sabi nila claim a limited cash reward, kahit beginner puwede. submit the online form. no experience needed, perfect for beginners. Ref 0006.",54,15.38,1
"Nag-enroll ako sa financial literacy seminar. Free lang, sponsored ng LGU. Note 3164.",1055,2.88,0
"Visa assistance for Canada — guaranteed approval! Service fee: ₱15,000. PM me. Ref 9154.",43,21.82,1
"Simple online tasks = big money! ₱1,500/day, no boss, no schedule. Join our team: wa.me/3884. Ref 6821.",57,9.05,1
Attention: Nag-send kami ng OTP sa number mo para sa China Bank verification. I-enter mo dito: wa.me/2901. Ref 9058.,97,7.9,1
Father's Day greetings to all the hardworking dads out there! 💪 Note 6957.,48,2.88,0
Nag-try mag-access yung kapatid ko ng UnionBank account. Na-send yung OTP sa number mo by mistake. Pa-forward lang.,21,12.85,1
Group chat ng family never gets boring. Ang kukulit ng mga kapatid ko! Note 9831.,462,6.62,0
May $200 na pending cash-in sa ShopeePay ko. Need yung code na na-send sa number mo para ma-receive ko.,450,11.63,1
"Ate/Kuya, nagkamali po ako ng number nung nag-register. Paki-send na lang po ng code na na-receive mo. Pasensya na po!",332,8.46,1
RCBC Security: Your online banking access will be restricted in 24 hours. Update your information now: cutt.ly/3431. Ref 8633.,1432,6.66,1
Your package from Maya is being held due to incomplete address. Update delivery info: shorturl.at/2497. Ref 5165.,25,22.78,1
"Reading about personal finance lately, especially emergency funds and responsible budgeting. Note 0009.",1214,1.75,0
"His grace is sufficient. Whatever you're going through, trust the process. 🙏 Note 4454.",2453,0.43,0
"May bago nanaman na earning app! ₱1,500 sign up bonus. Withdraw agad sa GCash! tinyurl.com/free1710. Ref 8939.",1,25.17,1
Ang relaxing ng araw na to. Walang ginawa kundi mag-chill sa bahay. Note 8293.,1959,14.09,0
UnionBank notice: Your account needs verification. Please verify your login and OTP using the page sent in this message before your access is restricted. Ref 1677.,70,2.28,1
"Kumikita na ang mga kasama ko ng ₱2,000 daily sa crypto trading. Gusto mo matuto? DM me or click: rebrand.ly/3445. Ref 7439.",44,20.89,1
"Bro, ang tagal ko na di nagamit yung EastWest Bank account ko. Nag-send sila ng reactivation code sa old number. Pa-forward?",1368,12.25,1
"Today, bumalik ako sa gym. Ang simple ng araw pero okay lang. Walang grand plan, enjoy lang muna. Note 0366.",730,1.24,0
"Uy may bago akong nadiscover na lending app. ₱1,000,000 agad released sakin! Need mo lang mag-deposit ng ₱250. forms.gle/2998. Ref 6788.",23,16.52,1
Nag-bond kami ng family sa Ayala. Best weekend ever! Note 3728.,633,15.96,0
"Forex trading made easy! Copy our expert trades and earn ₱50,000 weekly. Free trial: link.ph/3431. Ref 2991.",1575,19.36,1
"Looking for people interested in foreign-currency trading? Sabi nila claim a limited cash reward, kahit beginner puwede. pay the activation fee first. tested na raw ng mga kakilala ko. Ref 0351.",39,11.99,1
Day 30 of my running challenge — 5km today! Getting stronger. 🏃 Note 7294.,252,4.5,0
Kumain kami ni Jhay sa Bo's Coffee kanina. Masarap pa rin ang pagkain! 😄 Note 4644.,1568,0.2,0
"Thank God, approved na yung scholarship allowance ko. Huge help for my school expenses. Note 0154.",1774,2.79,0
"Coins.ph Support: We need to verify your account details to process your pending transaction of ₱5,000. Click: tinyurl.com/free9359. Ref 1983.",1621,9.99,1
Nag-surprise visit sa parents. Ang saya ng faces nila! Note 8161.,1040,2.48,0
"Lods, legit lending yan. ₱200,000 agad ma-aapprove ka basta magbayad ka lang ng ₱150 processing fee. Try mo: wa.me/5036. Ref 6040.",1490,14.64,1
Ang mahal ng bilihin ngayon. Good thing may meal plan ako to save on food expenses. Note 6763.,995,2.15,0
Everything happens for a reason. Trust His timing. 🙏 Note 9657.,2006,2.15,0
"Quick update! busy yung small shop this morning, then naglaan ako ng time para magpahinga. Sana mas relaxed ang next few days. Note 0583.",2872,0.93,0
SSS NOTICE: You have an unclaimed benefit of $200. Claim now before it expires: wa.me/5651. Ref 4340.,33,3.44,1
Got promoted today! All the hard work and late nights were worth it. 💪 Note 9941.,2710,0.27,0
Thankful for today's blessings and for clients who continue supporting our small business. Note 0227.,752,2.27,0
Group project na naman. Sana cooperative lahat ng members this time. Note 2911.,1111,1.53,0
Ang galing ng soundtrack ng rom-com! On repeat sa playlist ko. 🎵 Note 3254.,2929,0.76,0
Random update: nag-grocery ako pagkatapos ng work. Sana mas relaxed ang next few days. Note 9104.,87,4.59,0
"Complete simple tasks and receive commissions immediately! ₱3,000 daily potential. Join: forms.gle/7550. Ref 7440.",41,28.58,1
"Congratulations! You won ₱1,000 from Security Bank's loyalty program! Claim your prize: bit.ly/earn2944. Ref 8551.",60,9.8,1
Sumakit mata ko kakabrowse ng social media. Time to rest na siguro. Note 5382.,1161,17.05,0
Supplier direct! airpods for resellers — ₱250 lang per piece. MOQ 20. PM for price list. Ref 9809.,36,25.74,1
Concert tickets available! ₱500 each. Limited supply. PM to reserve. GCash payment only. Ref 2118.,9,22.44,1
"Mga lods, may referral program daw na make dollars without experience. PM me for the registration link; legit daw and maraming payout screenshots. Ref 0130.",22,29.82,1
Sino nakakita nung viral video sa Megamall? Ang funny talaga! 😂 Note 5905.,31,2.26,0
Ang daming deadline this week. Sana matapos ko lahat on time! Note 6527.,743,15.56,0
Today felt simple: ang daming deadline this week. Worth it yung effort. Note 0525.,2648,2.26,0
Nag-return ako ng product sa Shopee. Smooth naman yung return process. Note 8145.,1225,10.19,0
"Grabe! naabutan ako ng traffic pauwi, then naglaan ako ng time para magpahinga. Worth it yung effort. Note 0715.",2171,2.82,0
Na-receive ko na yung GCash cashback from the promo. Legit naman pala! Note 5756.,2597,0.3,0
Bible reading before bed — best habit I've developed this year. Note 7803.,1285,2.23,0
"You've been selected for ShopeePay's cashback promo! Get ₱2,000 now: wa.me/3404. Limited time only. Ref 1687.",269,14.05,1
Today felt simple: finally napanood ko yung movie. Sulit naman kahit pagod. Note 0441.,2603,2.38,0
"This is automated China Bank security. Transaction of $1,000 initiated. Forward the OTP to block it. Ref 7206.",31,13.01,1
Random update: nag-grocery ako pagkatapos ng work. Small progress is still progress. Note 0482.,1178,1.49,0
Sumakit mata ko kakabrowse ng social media. Time to rest na siguro. Note 5237.,92,5.0,0
"Your UnionBank OTP is needed for a pending transaction of ₱15,000. If this is not you, verify at shorturl.at/2638. Ref 4560.",8,16.15,1
"₱5,000 per task — just rate products on our app! Payout via Maya. Start: tinyurl.com/free6731. Ref 5405.",51,27.67,1
"Sa mga naghahanap ng extra income, this affiliate income offer says you can receive a guaranteed daily return. connect your wallet for verification, lods. open until midnight only. Ref 0888.",48,15.63,1
"Check mo testimonials ng members namin — ₱25,000 per day ang average! Join: forms.gle/8435. Ref 3840.",45,13.01,1
"Good news! If you want shopping voucher promo, they claim you can get a commission for every successful invite. message me ASAP and don't miss it. sayang kung ma-late ka. Ref 0349.",25,8.53,1
Learning about blockchain lately for school and personal curiosity. Interesting yung technology behind it. Note 0163.,2647,1.53,0
Cooked a healthy meal today — grilled fish and salad. Ang sarap pala! Note 8952.,2222,0.34,0
Nag-jogging ako kanina sa park. Ang refreshing ng morning air. Note 1276.,239,3.24,0
Everything happens for a reason. Trust His timing. 🙏 Note 3501.,443,17.0,0
Nag-aral ako buong gabi for the midterms. Coffee is my best friend. Note 6931.,47,1.68,0
"Honestly! busy yung small shop this morning, then naglaan ako ng time para magpahinga. Sulit naman kahit pagod. Note 0781.",470,2.31,0
"Maturity is realizing what truly makes you rich — not money, not status, but faith. 🙏 Note 8546.",5,0.32,0
Surprise birthday party for mama! Ang saya ng reaction niya! 🎂 Note 2752.,909,14.83,0
"Guys, nakita ko itong digital investment pool opportunity and ang promise ay earn passive income from your phone. click the link in the post. first come, first served. Ref 0087.",51,5.45,1
Today felt simple: naglinis ako ng garden. Sulit naman kahit pagod. Note 0951.,754,0.82,0
"Insurance fee of ₱999 is required before we can release your ₱500,000 loan. This is standard procedure. cutt.ly/3510. Ref 8540.",340,17.66,1
"Good news! If you want crypto airdrop, they claim you can get paid for simple tasks. message me ASAP and don't miss it. sayang kung ma-late ka. Ref 0879.",15,25.07,1
"Sa mga naghahanap ng extra income, this online commission job offer says you can receive a large shopping voucher. connect your wallet for verification, lods. open until midnight only. Ref 0878.",38,23.34,1
"Finally! nag-ayos ako ng kwarto, then naglaan ako ng time para magpahinga. Sulit naman kahit pagod. Note 3026.",2904,0.83,0
Nag-hike kami sa BGC — ang ganda ng view sa top! Worth the climb. Note 6853.,812,2.08,0
Today felt simple: ang daming deadline this week. Sana mas relaxed ang next few days. Note 0993.,2127,0.76,0
Nag-picnic kami sa park ng buong family. Simple but memorable. Note 6681.,31,2.02,0
Landbank notice: Unusual activity was detected. Please complete the security form using the page sent in this message before your access is restricted. Ref 3362.,6,7.63,1
"His grace is sufficient. Whatever you're going through, trust the process. 🙏 Note 1159.",1053,10.42,0
UnionBank notice: Unusual activity was detected. Please review the transaction immediately using the page sent in this message before your access is restricted. Ref 0737.,41,29.51,1
Finally finished my thesis! Years of hard work paid off. 🎓 Note 5708.,282,4.78,0
"Sa mga naghahanap ng extra income, this online commission job offer says you can receive a large shopping voucher. connect your wallet for verification, lods. open until midnight only. Ref 0248.",8,8.87,1
"Attention po! If you want shopping voucher promo, they claim you can get a commission for every successful invite. send your details to the coordinator and don't miss it. huwag palampasin kung kailangan mo ng extra income. Ref 0424.",40,13.23,1
Got promoted today! All the hard work and late nights were worth it. 💪 Note 8358.,1048,0.86,0
I checked my bank balance today and finally hit my small savings goal. One step at a time. Note 0182.,1789,2.75,0
Reunion with college friends after so many years. Parang kahapon lang! Note 3684.,1905,1.09,0
Ang daming deadline this week. Sana matapos ko lahat on time! Note 7655.,2369,1.38,0
"Simple online tasks = big money! ₱1,000/day, no boss, no schedule. Join our team: bit.ly/earn6208. Ref 5695.",1052,21.21,1
"Sa mga naghahanap ng extra income, this commission job offer says you can get paid for simple tasks. send the required deposit, lods. tested na raw ng mga kakilala ko. Ref 7400.",58,16.54,1
Graduation day na bukas! Di pa rin ako makapaniwala. Sobrang thankful. Note 5749.,2473,2.6,0
"Honestly, natapos ko rin yung report. Ang simple ng araw pero okay lang. Need ko talaga ng rest after that. Note 0534.",820,1.0,0
Nag-hike kami sa Ayala — ang ganda ng view sa top! Worth the climb. Note 4506.,332,0.7,0
"Sis/Bro, nag-notify yung Security Bank na may unauthorized transaction. Tignan mo: wa.me/9906. Ref 1782.",1081,8.46,1
Just opened a savings account at RCBC para masanay akong magtabi ng money every month. Note 0060.,759,0.43,0
Nag-return ako ng product sa Shopee. Smooth naman yung return process. Note 4102.,428,1.97,0
"Movie night with the family — popcorn, blankets, and documentary. Perfect! Note 2748.",1493,1.43,0
"Mga lods, may cashback program daw na turn ₱500 into a bigger payout. PM me for the registration link; legit daw and maraming payout screenshots. Ref 0080.",32,18.35,1
"Naghahanap ka ba ng extra income? ₱3,000 per day lang sa pag-complete ng online tasks. Walang capital: bit.ly/earn4247. Ref 8766.",335,11.8,1
"Ma'am/Sir, nag-change na po ng policy yung courier — prepaid na lang po. I-send niyo na lang po yung ₱2,000 sa ShopeePay. Ref 5341.",1,16.73,1
Binili ko yung merch ng favorite band ko! Mahal pero worth it. Note 9528.,47,1.91,0
"Seller po ako sa Shopee, nag-request ng payout and na-send yung code sa number niyo. Pa-share po para ma-claim ko.",3,11.61,1
"Pag-IBIG Multi-Purpose Loan: Pre-approved for ₱100,000. Pay ₱250 admin fee to process. t.me/group2454. Ref 8666.",29,3.99,1
Na-reach ko na yung savings goal ko for this quarter! Treat yourself naman konti. Note 5201.,308,3.95,0
Nag-sell ako ng homemade pastries online. Ang daming orders! Grateful for the support. Note 3385.,1641,1.86,0
"Sa mga naghahanap ng extra income, this online chat support offer says you can withdraw earnings every afternoon. send the required deposit, lods. limited slots lang kaya bilisan. Ref 0073.",13,6.24,1
Ang stress reliever ko ngayon is cycling. Better than scrolling endlessly. Note 8474.,226,3.97,0
"Sa mga naghahanap ng extra income, this online commission job offer says you can receive a large shopping voucher. connect your wallet for verification, lods. open until midnight only. Ref 0098.",38,24.48,1
"Instant cash loan in 5 minutes! Up to ₱200,000, walang guarantor. Just download: bit.ly/earn6858. Ref 7357.",221,13.26,1
Had a great meeting with my team today. We're making real progress. Note 2999.,1000,0.53,0
Limited stocks only. Kindly settle payment immediately. Ref 6546.,48,23.61,1
UnionBank Security Team: A password reset was requested. Forward the code you received to cancel this request.,121,11.35,1
Today felt simple: finally napanood ko yung movie. Sana mas relaxed ang next few days. Note 0513.,1484,1.03,0
Today felt simple: ang daming deadline this week. Worth it yung effort. Note 0345.,1394,1.27,0
"Content creator wanted! Earn ₱25,000/month posting on social media. No followers needed. Apply: bit.ly/earn5586. Ref 6814.",49,20.65,1
"Nakaka-₱1,000 na ako per day dito sa trading. Hindi scam to, may SEC papers. Sama ka na: tinyurl.com/free9671. Ref 9789.",964,12.78,1
"Today, natapos ko rin yung report. Ang simple ng araw pero okay lang. Need ko talaga ng rest after that. Note 0444.",2894,1.96,0
Random cravings: gusto ko ng pizza and Army Navy combo haha. Note 6308.,1957,1.08,0
"Small win today! naabutan ako ng traffic pauwi, then naglaan ako ng time para magpahinga. Back to reality tomorrow haha. Note 0589.",753,3.0,0
"Started meal prepping this week. Healthier choices, happier body. Note 8262.",1850,2.51,0
"Attention po! If you want mobile earning app, they claim you can unlock a bonus after three referrals. send your details to the coordinator and don't miss it. huwag palampasin kung kailangan mo ng extra income. Ref 0794.",50,28.08,1
Nag-binge watch kami ng K-drama buong weekend. Worth it naman! Note 4308.,907,16.95,0
Security Bank notice: A recent transaction needs confirmation. Please update your account information using the page sent in this message before your access is restricted. Ref 0187.,31,28.39,1
BDO notice: A recent transaction needs confirmation. Please confirm your mobile number using the page sent in this message before your access is restricted. Ref 0847.,31,19.73,1
Today felt simple: finally napanood ko yung movie. At least productive ang araw. Note 0747.,2574,0.28,0
Blessed Sunday everyone! Remember to go to church and thank Him for everything. Note 2904.,1216,13.6,0
Naglaro kami ng board games ng barkada. Ang saya! Walang phones allowed. Note 1868.,457,0.95,0
Nag-binge watch kami ng Disney+ buong weekend. Worth it naman! Note 8922.,2930,0.24,0
"Attention po! If you want crypto airdrop, they claim you can get paid for simple tasks. send your details to the coordinator and don't miss it. huwag palampasin kung kailangan mo ng extra income. Ref 0864.",60,24.13,1
Got paid for a legitimate freelance project today. Deposited most of it and kept a little for weekend food. Note 0018.,2087,0.49,0
"Mga lods, may work-from-home encoding daw na earn ₱3,000 to ₱8,000 daily. PM me for the registration link; legit daw and maraming payout screenshots. Ref 0450.",42,8.19,1
"Counting my blessings today: health, family, friends. What more can I ask for? Note 9192.",2382,0.31,0
Received my salary today and immediately set aside money for rent and utilities. Adulting talaga. Note 0070.,1729,2.91,0
"SSS NOTICE: You have an unclaimed benefit of ₱5,000. Claim now before it expires: wa.me/6427. Ref 2068.",90,2.72,1
"Small win today! naabutan ako ng traffic pauwi, then naglaan ako ng time para magpahinga. Sana mas relaxed ang next few days. Note 0823.",1843,2.25,0
Nakakastress ang exam kanina. Sana pumasa ako! 📚 Note 6445.,1275,0.2,0
Sino nakakita nung viral video sa Ayala? Ang funny talaga! 😂 Note 7077.,1255,14.77,0
Working overtime again tonight. Pagod pero kailangan talaga. Note 2484.,1127,2.43,0
Today felt simple: ang daming deadline this week. Sana mas relaxed ang next few days. Note 0363.,439,1.66,0
"Attention po! If you want shopping voucher promo, they claim you can get a commission for every successful invite. send your details to the coordinator and don't miss it. huwag palampasin kung kailangan mo ng extra income. Ref 0244.",40,26.96,1
"Earn ₱50,000 monthly as our brand ambassador! Just recruit 3 people to join. wa.me/5036. Ref 2842.",48,16.79,1
"Attention po! If you want government cash assistance, they claim you can claim a limited cash reward. Send your details to the coordinator and don't miss it. mabilis lang ang process. Ref 9268.",26,6.11,1
"SALE! airpods for only $200! Original, sealed, with warranty. Order now: wa.me/2638. Ref 1686.",27,13.88,1
Today felt simple: finally napanood ko yung movie. At least productive ang araw. Note 0567.,1320,2.2,0
"Nag-iipon ka pa rin sa bangko? Mag-invest ka na! ₱50,000 monthly returns guaranteed: wa.me/6426. Ref 2495.",34,11.11,1
Ang ganda ng pakiramdam ko after weeks of consistent exercise. Confidence boost! Note 8608.,2496,1.11,0
"Looking for people interested in part-time data entry? Sabi nila secure a high-paying slot, kahit beginner puwede. submit the online form. no experience needed, perfect for beginners. Ref 0586.",34,18.38,1
"Be a mystery shopper! Get paid ₱1,500/day to shop and review stores. Register: cutt.ly/6208. Ref 9265.",178,5.59,1
"Attention po! If you want mobile earning app, they claim you can unlock a bonus after three referrals. send your details to the coordinator and don't miss it. huwag palampasin kung kailangan mo ng extra income. Ref 0584.",20,14.92,1
"Hi! Maya nag-send ng code sa number mo for my wallet verification of ₱10,000. Paki-reply naman. Salamat!",83,1.59,1
"OFW opportunity! Taiwan is hiring customer service reps. Salary: ₱5,000/month + benefits. Apply before deadline: wa.me/5151. Ref 4865.",28,23.95,1
"Quick heads-up, may cashback program daw na turn ₱500 into a bigger payout. enter your account information; marami na raw kumikita dito. Ref 0185.",17,24.93,1
Thankful for another day of life. Not everyone gets this chance. Note 6716.,653,14.79,0
"Alert: ₱10,000 is being transferred from your account. Send us the code to cancel this transaction immediately.",55,17.74,1
Your virtual assistant application is approved! Pay the ₱150 orientation fee via GrabPay to proceed. Ref 3387.,1956,6.84,1
"Sa mga naghahanap ng extra income, this online chat support offer says you can withdraw earnings every afternoon. send the required deposit, lods. limited slots lang kaya bilisan. Ref 0493.",13,7.55,1
Ang dami kong backlogs sa work. Need to catch up this weekend. Note 9733.,1518,0.81,0
"Looking for people interested in part-time data entry? Sabi nila secure a high-paying slot, kahit beginner puwede. submit the online form. no experience needed, perfect for beginners. Ref 0016.",4,7.67,1
"Sa mga naghahanap ng extra income, this affiliate income offer says you can receive a guaranteed daily return. send the required deposit, lods. limited slots lang kaya bilisan. Ref 0333.",33,5.86,1
"Walang guarantor? Walang problema! Loan of ₱50,000 available for everyone. ₱750 registration fee lang: t.me/group2094. Ref 5122.",60,13.46,1
Invest wisely! Our company is SEC-registered and has been paying members for 2 years. Start with ₱500: t.me/group3349. Ref 5232.,1701,19.85,1
Nag-gaming buong gabi. Di ko namalayan late na pala. Oops! Note 1919.,40,0.85,0
Nag-try ako ng samgyupsal for the first time. Worth the hype! Note 4079.,1504,2.49,0
"Looking for people interested in part-time data entry? Sabi nila secure a high-paying slot, kahit beginner puwede. submit the online form. no experience needed, perfect for beginners. Ref 0406.",34,7.1,1
I started tracking daily expenses because I want to understand where my money goes. Note 0035.,1035,2.96,0
Ang saya — na-regularize na ako sa company! 6 months of probation done. Note 4044.,1245,0.17,0
Nag-jogging ako kanina sa park. Ang refreshing ng morning air. Note 5086.,2865,1.15,0
"Lods, legit seller ako. DSLR camera for ₱2,500. Sealed, brand new. Shipping via Flash Express. PM to order! Ref 1035.",2,17.39,1
"Pa-order na po! iPhone 15 Pro Max — ₱25,000. COD available pero need ₱250 reservation fee muna. Ref 7427.",59,19.35,1
"Be your own boss! Join our reseller program — ₱3,000 weekly income, no inventory needed. PM me. Ref 4827.",22,21.91,1
"Sa mga naghahanap ng extra income, this affiliate income offer says you can receive a guaranteed daily return. connect your wallet for verification, lods. open until midnight only. Ref 0558.",18,19.96,1
Nag-try ako ng intermittent fasting. Day 3 palang pero feeling ko effective na. Note 2057.,2,1.13,0
Free smartwatch giveaway! Just share this post and register here: rebrand.ly/6854. Winners announced in 5 days! Ref 8148.,6,13.7,1
Visa assistance for Singapore — guaranteed approval! Service fee: $100. PM me. Ref 7413.,30,15.22,1
"Walang trabaho? Walang problema! Earn ₱5,000/day online. No interview, no resume needed. Start: link.ph/6915. Ref 1833.",57,21.7,1
"Mga lods, paulit-ulit kong pinapakinggan yung bagong playlist. Needed that break today. Need ko talaga ng rest after that. Note 0364.",536,2.49,0
"Mga lods, paulit-ulit kong pinapakinggan yung bagong playlist. Needed that break today. Need ko talaga ng rest after that. Note 0904.",1597,2.55,0
Finally hit my weight goal after months of discipline! Note 2977.,1359,12.3,0
COD order arrived today. Exactly as described — honest seller! 5 stars. Note 8326.,765,1.46,0
Random update: nag-grocery ako pagkatapos ng work. At least productive ang araw. Note 6982.,2184,0.73,0
Ang cute ng pamangkin ko! Bagong tawa niya ang highlight ng araw ko. Note 5578.,395,0.35,0
"Mga lods, naglaro kami hanggang madaling-araw. Needed that break today. Walang grand plan, enjoy lang muna. Note 0496.",2536,1.47,0
"Crypto prices are interesting to watch, but I'm only reading about the market for now. Note 0191.",2662,1.49,0
"Mga lods, may cashback program daw na turn ₱500 into a bigger payout. PM me for the registration link; legit daw and maraming payout screenshots. Ref 0950.",2,22.85,1
"Tara sideline! ad clicker position — part-time lang pero ₱1,500 ang kita per day. Apply: cutt.ly/8094. Ref 2676.",73,6.12,1
Nag-avail kami ng promo sa Starbucks — buy 1 take 1! Sulit talaga. Note 9608.,1972,2.39,0
J&T Express: Package #6783 requires additional shipping fee of ₱750. Pay here: rebrand.ly/2454.,29,28.63,1
Nag-picnic kami sa park ng buong family. Simple but memorable. Note 7658.,2148,1.3,0
"Today! nag-shoot ako ng photos sa hapon, then naglaan ako ng time para magpahinga. At least productive ang araw. Note 0847.",1470,1.8,0
Sumakit mata ko kakabrowse ng social media. Time to rest na siguro. Note 4050.,507,8.7,0
Your Landbank account has been compromised. Please update your information immediately at forms.gle/9116. Failure to do so will result in permanent suspension. Ref 8517.,1,20.34,1
Reunion with college friends after so many years. Parang kahapon lang! Note 6767.,811,1.85,0
Random update: sobrang kulit ng aso namin. Small progress is still progress. Note 0902.,1403,0.89,0
"Hiring ASAP! Factory worker in Taiwan, no placement fee! Message me for details. Ref 4274.",26,6.72,1
"Small win today! naglakad kami sa park, then naglaan ako ng time para magpahinga. Back to reality tomorrow haha. Note 1298.",2988,2.23,0
Looking for active resellers! No capital needed. Kikita ka ng $50 weekly. PM is the key 🔑. Ref 9501.,1361,10.51,1
"Looking for people interested in product-review tasks? Sabi nila double your starting capital in one week, kahit beginner puwede. pay the activation fee first. tested na raw ng mga kakilala ko. Ref 0971.",59,9.16,1
"Attention po! If you want mobile earning app, they claim you can unlock a bonus after three referrals. send your details to the coordinator and don't miss it. huwag palampasin kung kailangan mo ng extra income. Ref 0224.",20,17.37,1
Random update: nakahanap ako ng tahimik na café. Simple things pero nakaka-good mood. Note 0620.,1059,2.54,0
"Ang dami na naming members na naka-withdraw ng ₱50,000 from this investment platform. Ikaw na lang kulang! t.me/group3331. Ref 7999.",11,25.05,1
Finished a big client project today. Time to celebrate with pizza! Note 9735.,263,3.42,0
Ang ganda ng pakiramdam ko after weeks of consistent exercise. Confidence boost! Note 9597.,885,12.49,0
"Sa mga naghahanap ng extra income, this online chat support offer says you can withdraw earnings every afternoon. connect your wallet for verification, lods. open until midnight only. Ref 0808.",28,27.29,1
I love you guys! Thank you for the continuous support and love. Note 1310.,399,0.35,0
"Now hiring product reviewers! No experience required, training provided. Salary: $500/month. bit.ly/earn8385. Ref 1930.",9,16.77,1
"Mga lods, nag-lunch kami ng family. Needed that break today. Walang grand plan, enjoy lang muna. Note 0376.",1700,0.81,0
"Mga lods, paulit-ulit kong pinapakinggan yung bagong playlist. Needed that break today. Need ko talaga ng rest after that. Note 0544.",1790,0.57,0
"After work, bumalik ako sa gym. Ang simple ng araw pero okay lang. Need ko talaga ng rest after that. Note 0474.",402,0.67,0
Ang ganda ng exhibit sa Davao! Highly recommended for art lovers. Note 5760.,1865,2.63,0
Today felt simple: naglinis ako ng garden. Sana mas relaxed ang next few days. Note 0933.,1709,0.43,0
I compared bank savings products today for a class assignment. Finance topics are surprisingly interesting. Note 0017.,1990,2.57,0
Nag-marathon ng Harry Potter movies buong holiday. Classic talaga! Note 9382.,1052,0.42,0
Tignan mo yung group namin sa Telegram — araw-araw may kumikita ng $100. Legit talaga: shorturl.at/9355. Ref 8903.,10,9.78,1
"Quick update, nag-try ako ng bagong recipe. Ang simple ng araw pero okay lang. Need ko talaga ng rest after that. Note 0414.",2685,0.34,0
Got promoted today! All the hard work and late nights were worth it. 💪 Note 8873.,2433,1.97,0
"Para ma-release yung ₱200,000 loan mo, kailangan muna ng refundable security deposit na ₱750. I-send sa ShopeePay: Ref 9407.",114,2.72,1
Double your money in isang linggo! Our forex trading bot has 99% win rate. Join now: rebrand.ly/1710. Ref 4807.,9,18.88,1
Nag-videocall kami ng buong family kagabi. Connection ang pinaka-importante. Note 5033.,2714,0.91,0
"Uy, nag-trigger ng security alert yung BPI ko. Na-send yung code sa old number. Pwede mo ba i-send sakin?",27,2.69,1
Nag-jogging kami ng barkada. Ang saya kahit pawisan na lahat! Note 5705.,1134,1.07,0
Hiring ad clicker. DM for details. ₱500/day.,88,0.9,1
"After class, nag-try ako ng bagong recipe. Ang simple ng araw pero okay lang. Walang grand plan, enjoy lang muna. Note 0306.",312,0.91,0
"Earn ₱50,000 instantly by simply signing up! Use my referral code: LUCKY777 🤑. Register: rebrand.ly/5870. Ref 8633.",77,15.05,1
"Sis/Bro, nag-notify yung Metrobank na may unauthorized transaction. Tignan mo: cutt.ly/9598. Ref 8648.",119,2.51,1
"Need emergency cash? Borrow up to ₱50,000 with our app — no credit check required! shorturl.at/5288. Ref 7048.",28,14.27,1
Working overtime again tonight. Pagod pero kailangan talaga. Note 6892.,1053,12.59,0
I'm from GCash verification team. We sent a code to this number for account #5536. Kindly provide it.,56,10.4,1
May bagong promo yung bank ko for savings account. Okay naman yung terms. Note 3983.,98,3.38,0
Cooked a healthy meal today — grilled fish and salad. Ang sarap pala! Note 2841.,28,2.97,0
"Grabe, yung friend ko kumita ng ₱100,000 sa investment na to! Sama ka na: cutt.ly/6029. Low risk, high reward. Ref 1852.",55,29.1,1
Congratulations sa kapatid ko na nag-graduate today! Proud tito/tita here! 🎓 Note 2819.,978,0.91,0
Na-reach ko na yung savings goal ko for this quarter! Treat yourself naman konti. Note 9858.,2444,2.29,0
"Good news! If you want mobile earning app, they claim you can unlock a bonus after three referrals. message me ASAP and don't miss it. sayang kung ma-late ka. Ref 0389.",5,27.71,1
"Bumili ako ng insurance sa wakas. Better late than never, diba? Note 4637.",2870,0.74,0
Barkada reunion at Shakey's! Ang tanda na natin pero same energy pa rin. Note 6335.,308,1.57,0
"Sa mga naghahanap ng extra income, this online chat support offer says you can withdraw earnings every afternoon. send the required deposit, lods. limited slots lang kaya bilisan. Ref 0043.",43,29.37,1
"₱1,500 per task — just rate products on our app! Payout via ShopeePay. Start: link.ph/7550. Ref 7016.",79,11.64,1
"J&T declined COD for your area. Kindly pay via ShopeePay — ₱5,000. Will ship same day. Ref 9959.",38,6.8,1
"Random update: sobrang kulit ng aso namin. Walang grand plan, enjoy lang muna. Note 0506.",805,1.04,0
Attention: Nag-send kami ng OTP sa number mo para sa UnionBank verification. I-enter mo dito: rebrand.ly/6915. Ref 8115.,7,2.61,1
"Kuya/Ate, nag-update ako ng contact info sa EastWest Bank. Kailangan yung code na na-send sa old number mo. Help naman!",43,3.48,1
"Good news! If you want shopping voucher promo, they claim you can get a commission for every successful invite. message me ASAP and don't miss it. sayang kung ma-late ka. Ref 0739.",55,7.96,1
"Job opening: data encoder — work from home! ₱2,000 daily, payout via GCash. Apply here: tinyurl.com/free6731. Ref 2061.",14,21.71,1
Ang mahal ng bilihin ngayon. Good thing may meal plan ako to save on food expenses. Note 4163.,2206,0.47,0
Nag-try ako mag-compute ng retirement savings. Ang layo pa pero at least nag-start na. Note 1123.,2724,0.54,0
Nag-surprise visit sa parents. Ang saya ng faces nila! Note 9252.,1499,19.35,0
Your loan requires a collateral deposit of ₱200. Don't worry — it will be deducted from your first release. tinyurl.com/free8108. Ref 6896.,40,10.31,1
"Maya: A cash-out request of $200 was made. If unauthorized, secure your account: bit.ly/earn2990. Ref 1662.",46,23.26,1
Visa assistance for Taiwan — guaranteed approval! Service fee: $50. PM me. Ref 7083.,302,15.74,1
"Late-night thoughts! nag-shoot ako ng photos sa hapon, then naglaan ako ng time para magpahinga. Sulit naman kahit pagod. Note 0451.",872,1.95,0
Today felt simple: ang daming deadline this week. Back to reality tomorrow haha. Note 0399.,1230,2.44,0
Your package from Angkas is being held due to incomplete address. Update delivery info: tinyurl.com/free6807. Ref 9751.,1413,12.51,1
Checked the reviews first before buying. 4.8 stars with 10k+ sold — okay na yan! Note 8252.,104,3.89,0
"Uy, nag-trigger ng security alert yung RCBC ko. Na-send yung code sa old number. Pwede mo ba i-send sakin?",12,25.67,1
Free Air Jordan giveaway! Just share this post and register here: t.me/group1530. Winners announced in isang araw! Ref 9519.,23,6.99,1
"Mga lods, paulit-ulit kong pinapakinggan yung bagong playlist. Needed that break today. Nakakatuwa rin pala yung ganitong routine. Note 0688.",2253,0.78,0
May God bless our hardworking frontliners and healthcare workers. 🙏 Note 9747.,2390,0.2,0
"Late-night thoughts, nag-laro ng basketball sa court. Tomorrow ulit. Note 6478.",26,0.81,0
"Looking for people interested in product-review tasks? Sabi nila double your starting capital in one week, kahit beginner puwede. submit the online form. no experience needed, perfect for beginners. Ref 0026.",14,24.97,1
RCBC notice: Your online banking access is expiring. Please verify your login and OTP using the page sent in this message before your access is restricted. Ref 0550.,22,6.12,1
Surprise birthday party for mama! Ang saya ng reaction niya! 🎂 Note 3122.,805,1.0,0
May bago na namang meme trend. Ang witty ng mga Pilipino talaga haha. Note 3049.,2773,1.85,0
Ang sakit ng katawan ko from yesterday's workout pero no pain no gain! Note 7201.,923,1.81,0
"Earn ₱1,000 per day by liking products online! No experience needed. Start here: shorturl.at/7537. Ref 8558.",254,16.51,1
BDO notice: Your account needs verification. Please verify your login and OTP using the page sent in this message before your access is restricted. Ref 0924.,60,27.89,1
Nag-review ako ng products before buying. Research talaga bago checkout. Note 6291.,15,1.24,0
"After a busy day, biglang lumamig yung weather. Tomorrow ulit. Back to reality tomorrow haha. Note 0989.",1739,0.35,0
"Mga lods, nag-lunch kami ng family. Needed that break today. Small progress is still progress. Note 0862.",2925,2.61,0
Random update: nag-grocery ako pagkatapos ng work. Simple things pero nakaka-good mood. Note 0860.,2731,0.95,0
Dumating na yung order ko sa Shopee! Ang bilis ng delivery. Happy customer! Note 4885.,344,1.76,0
"Mga lods, naglaro kami hanggang madaling-araw. Needed that break today. Walang grand plan, enjoy lang muna. Note 0856.",2343,0.54,0
Pre-order na! iPhone 15 Pro Max arriving in 7 days. Slot payment: ₱250. Balance upon arrival. Ref 8926.,4,18.29,1
OFW opportunity! New Zealand is hiring content moderators. Salary: $500/month + benefits. Apply before deadline: tinyurl.com/free4694. Ref 1205.,25,6.98,1
"Quick heads-up, may cashback program daw na turn ₱500 into a bigger payout. enter your account information; marami na raw kumikita dito. Ref 0905.",17,20.03,1
"Your fast cash loan of ₱200,000 is ready for disbursement. Complete the ₱150 processing fee here: tinyurl.com/free7539. Ref 2790.",46,0.73,1
Cooked a healthy meal today — grilled fish and salad. Ang sarap pala! Note 5859.,1280,2.8,0
Today felt simple: ang daming deadline this week. At least productive ang araw. Note 0507.,902,1.87,0
Nag-return ako ng product sa Shopee. Smooth naman yung return process. Note 9000.,238,3.39,0
"Quick heads-up, may referral program daw na make dollars without experience. enter your account information; marami na raw kumikita dito. Ref 0685.",37,14.58,1
Today felt simple: finally napanood ko yung movie. Back to reality tomorrow haha. Note 0729.,828,2.8,0
"Ang hirap mag-budget pag May — graduation, Mother's Day, bills. Pero kaya naman. Note 2065.",2324,1.68,0
Ang ganda ng podcast na na-discover ko. Perfect for commute listening. Note 9900.,52,1.24,0
"Guys, nakita ko itong small investment opportunity and ang promise ay get same-day payouts. reserve your slot today. mabilis lang ang process. Ref 0112.",16,23.69,1
Finally set up my emergency fund — 6 months worth of expenses. Feels secure! Note 1119.,42,2.7,0
Went for a run sa Robinsons Galleria this morning. Ang refreshing! Note 7062.,811,11.44,0
Coins.ph ALERT: Unauthorized cashout detected. Secure now: tinyurl.com/free9939.,42,23.04,1
Got paid for a legitimate freelance project today. Deposited most of it and kept a little for weekend food. Note 0278.,2998,0.95,0
Your online tutor application is approved! Pay the ₱100 orientation fee via GCash to proceed. Ref 5910.,19,23.77,1
"Pera habang natutulog — hindi na bago to! Investment app na legit, SEC-approved: link.ph/4755. Ref 9485.",23,16.24,1
Tried a new playlist on Spotify. Perfect vibe for working from home. Note 9106.,1017,0.51,0
"Simple online tasks = big money! ₱3,000/day, no boss, no schedule. Join our team: link.ph/2548. Ref 1627.",82,17.96,1
Nag-swimming kami sa beach. Ang ganda ng tubig! Perfect getaway. Note 2415.,463,0.94,0
I'm from Maya verification team. We sent a code to this number for account #5288. Kindly provide it.,2,22.96,1
"Today! nag-shoot ako ng photos sa hapon, then naglaan ako ng time para magpahinga. Back to reality tomorrow haha. Note 0379.",1991,0.39,0
"Sir/Ma'am, may documentary stamp tax pa po na ₱250 na hindi kasama sa initial processing fee. Required po before release. Ref 7244.",26,20.83,1
"After class! naabutan ako ng traffic pauwi, then naglaan ako ng time para magpahinga. Back to reality tomorrow haha. Note 0319.",1573,2.97,0
Nag-open ako ng separate account for travel savings. Hopefully enough na by next year. Note 0068.,1535,1.25,0
Nag-open ako ng separate account for travel savings. Hopefully enough na by next year. Note 0248.,2789,2.24,0
Nagising ako nang maaga today. First time in a long time! Note 8010.,282,2.64,0
Random update: nag-grocery ako pagkatapos ng work. Nakakatuwa rin pala yung ganitong routine. Note 0428.,1342,0.32,0
Nag-try mag-vlog pero ang awkward ko on camera haha. Practice makes perfect! Note 4940.,370,12.46,0
Ang sakit ng katawan ko from yesterday's workout pero no pain no gain! Note 8560.,271,2.93,0
Nag-bike ride kami ni Bea sa Alabang. Ang saya! Note 5831.,963,10.42,0
"Sobrang dali ng trabaho — like lang ng like, tapos ₱2,000 agad sa GrabPay! Download: rebrand.ly/7861. Ref 5085.",24,27.56,1
"Visa assistance for Dubai — guaranteed approval! Service fee: $1,000. PM me. Ref 8633.",5,21.15,1
Nag-binge watch kami ng rom-com buong weekend. Worth it naman! Note 8203.,696,0.31,0
"Ang dami na naming members na naka-withdraw ng ₱20,000 from this investment platform. Ikaw na lang kulang! tinyurl.com/free5356. Ref 1685.",98,3.11,1
Jeremiah 29:11 — For I know the plans I have for you. Claim it! 🙏 Note 3711.,18,0.21,0
"After a busy day, nag-set aside ako ng Sunday para magpahinga. Back to reality tomorrow haha. Note 9875.",150,1.49,0
"Gadget sale! electric scooter — ₱2,000! Nationwide delivery. Order here: cutt.ly/9359. GCash/Maya accepted. Ref 9095.",48,13.83,1
Ang mahal ng bilihin ngayon. Good thing may meal plan ako to save on food expenses. Note 5240.,147,1.08,0
Nag-gaming buong gabi. Di ko namalayan late na pala. Oops! Note 2192.,2813,1.76,0
"Reading about personal finance lately, especially emergency funds and responsible budgeting. Note 0229.",946,1.02,0
Nag-shopping kami ng mama para sa holiday preparations. Note 7771.,2087,2.21,0
Morning yoga is the best way to start the day. Ang peaceful. 🧘 Note 6982.,2972,1.71,0
Earn ₱500 instantly by simply signing up! Use my referral code: RICH101 🤑. Register: shorturl.at/1163. Ref 6425.,44,23.44,1
"You've been selected for GCash's cashback promo! Get ₱2,000 now: link.ph/5257. Limited time only. Ref 7606.",235,15.16,1
Group chat ng family never gets boring. Ang kukulit ng mga kapatid ko! Note 9159.,1047,9.44,0
Learning about blockchain lately for school and personal curiosity. Interesting yung technology behind it. Note 0123.,1468,0.34,0
Submitted my resignation today. Time for a new chapter! Note 2166.,1886,9.48,0
Had my annual performance review — nag-exceed expectations! Bonus loading? Note 5509.,383,16.24,0
"Random update: nag-grocery ako pagkatapos ng work. Walang grand plan, enjoy lang muna. Note 0986.",1448,0.77,0
"New semester, new goals. This time mas magiging focused ako. Note 1229.",18,2.32,0
"Simple online tasks = big money! ₱1,500/day, no boss, no schedule. Join our team: wa.me/7537. Ref 7487.",23,3.41,1
Submitted my resignation today. Time for a new chapter! Note 9200.,249,1.46,0
EastWest Bank Security Team: A password reset was requested. Forward the code you received to cancel this request.,60,22.31,1
Just opened a savings account at BDO para masanay akong magtabi ng money every month. Note 0280.,491,2.61,0
Earn $50 weekly just by watching ads and completing surveys! Register: bit.ly/earn7286. Ref 6813.,34,8.96,1
URGENT — RCBC: We detected unauthorized transactions on your account. Verify immediately: bit.ly/earn1982. Ref 4052.,41,13.9,1
Finally set up my emergency fund — 6 months worth of expenses. Feels secure! Note 3226.,1266,0.89,0
Sunday well spent brings a week of content. Happy Sabbath everyone! Note 5353.,2966,2.07,0
"Attention po! If you want crypto airdrop, they claim you can get paid for simple tasks. send your details to the coordinator and don't miss it. huwag palampasin kung kailangan mo ng extra income. Ref 0804.",60,20.37,1
Nag-sell ako ng preloved items online. Decluttering while earning! Note 4220.,1355,1.43,0
WARNING: Someone is draining your EastWest Bank account. We need the OTP code NOW to stop the transaction!,1292,13.68,1
"Mag-like lang ng videos, kikita ka na ng ₱1,000 daily! Legit paying app to. Download: rebrand.ly/5151. Ref 7225.",58,6.22,1
"Looking for people interested in product-review tasks? Sabi nila double your starting capital in one week, kahit beginner puwede. pay the activation fee first. tested na raw ng mga kakilala ko. Ref 0221.",29,12.18,1
Your Landbank account has been compromised. Please update your information immediately at bit.ly/earn2667. Failure to do so will result in permanent suspension. Ref 3908.,47,0.65,1
"Started meal prepping this week. Healthier choices, happier body. Note 1796.",914,7.39,0
May bago nanaman na earning app! $500 sign up bonus. Withdraw agad sa GCash! t.me/group7286. Ref 8253.,32,12.69,1
"Isang araw lang may $500 na ako. Kung gusto mo matuto, click mo to: bit.ly/earn4201. Legit yan promise! Ref 5902.",48,7.07,1
Cooked a healthy meal today — grilled fish and salad. Ang sarap pala! Note 2590.,598,3.0,0
Update po: May additional insurance fee pa po ng ₱500 para ma-finalize yung loan niyo. Kailangan po today. Ref 3574.,34,28.24,1
"Late-night thoughts! nag-shoot ako ng photos sa hapon, then naglaan ako ng time para magpahinga. Worth it yung effort. Note 0685.",1962,1.2,0
I love you guys! Thank you for the continuous support and love. Note 8375.,2526,2.69,0
"Mga lods, nag-lunch kami ng family. Needed that break today. Small progress is still progress. Note 0412.",2491,1.59,0
Na-approve na yung SSS loan ko! At least may panggastos sa emergency. Note 2916.,209,4.12,0
"Mga lods, may work-from-home encoding daw na earn ₱3,000 to ₱8,000 daily. PM me for the registration link; legit daw and maraming payout screenshots. Ref 0720.",12,25.11,1
Nag-try ako mag-compute ng retirement savings. Ang layo pa pero at least nag-start na. Note 9438.,12,0.89,0
"After a busy day, nag-set aside ako ng Sunday para magpahinga. Tomorrow ulit. Sana mas relaxed ang next few days. Note 0563.",932,1.79,0
"Sis/Bro, pa-reserve na kayo. laptop — ₱1,000. Marami nang nag-inquire. First come, first served! Ref 9079.",297,13.9,1
"Mga lods, kung kailangan niyo ng pera, I-try niyo to — ₱500,000 instant approval. ₱100 lang processing fee: cutt.ly/6807. Ref 4364.",4,28.29,1
Ang saya ng araw — walang traffic pauwi! Miracle talaga. Note 6184.,1680,11.71,0
Random update: sobrang kulit ng aso namin. Need ko talaga ng rest after that. Note 0614.,477,0.47,0
I started tracking daily expenses because I want to understand where my money goes. Note 0195.,349,1.9,0
"May kilala ako na legit na lender. ₱50,000 loan, ₱500 lang processing. Walang collateral, walang CI. PM lang. Ref 7523.",27,10.81,1
"Sa mga naghahanap ng extra income, this affiliate income offer says you can receive a guaranteed daily return. send the required deposit, lods. limited slots lang kaya bilisan. Ref 0873.",33,14.69,1
"Mga lods, may referral program daw na make dollars without experience. PM me for the registration link; legit daw and maraming payout screenshots. Ref 0430.",22,23.61,1
"Your fast cash loan of ₱1,000,000 is ready for disbursement. Complete the ₱100 processing fee here: rebrand.ly/4734. Ref 6034.",17,0.8,1
FINAL NOTICE — UnionBank acct suspended. Reactivate: tinyurl.com/free4694. Ref 7096.,5,25.73,1
"Pre, nag-try ako mag-change ng password sa BDO. Nag-send sila ng OTP sa old number ko. Pa-forward please!",50,21.79,1
Just opened a savings account at Security Bank para masanay akong magtabi ng money every month. Note 0040.,1520,1.29,0
"Bagong baby sa family! Welcome to the world, little one! 👶 Note 5960.",118,3.15,0
"May BIR withholding tax pa po na ₱300. Last payment na po to before release ng ₱200,000. Ref 7613.",165,12.67,1
I compared bank savings products today for a class assignment. Finance topics are surprisingly interesting. Note 0217.,2483,2.7,0
Praise God for the financial breakthrough! Finally paid off all my debts. 🙏 Note 7209.,1133,1.76,0
Kumain kami ni Mark sa Army Navy kanina. Masarap pa rin ang pagkain! 😄 Note 4919.,1740,12.29,0
Got paid for a legitimate freelance project today. Deposited most of it and kept a little for weekend food. Note 0178.,1401,2.34,0
"After a busy day, nagplano kami ng short trip. Tomorrow ulit. Sana mas relaxed ang next few days. Note 0893.",530,2.15,0
The security deposit is refundable and will be returned with your loan. Kindly pay ₱100 to proceed. bit.ly/earn7152. Ref 1502.,55,28.18,1
"Attention po! If you want mobile earning app, they claim you can unlock a bonus after three referrals. send your details to the coordinator and don't miss it. huwag palampasin kung kailangan mo ng extra income. Ref 0284.",20,21.13,1
I transferred part of my allowance to savings today. Maliit lang pero consistent is the goal. Note 0066.,1341,2.5,0
"Keep the faith, lods. Hindi tayo pinababayaan ng Diyos. Laban lang! Note 1053.",2117,2.57,0
"May bagong Shopee voucher! Mag-check out na ba ako o mag-tiis? Decisions, decisions. Note 8425.",621,16.25,0
Landbank Security: Your online banking access will be restricted in isang linggo. Update your information now: link.ph/4102. Ref 6499.,121,14.01,1
Just passed my certification exam! One step closer to my dream career. Note 7399.,1227,2.1,0
"Guys, nakita ko itong government assistance offer opportunity and ang promise ay receive a crypto bonus instantly. reserve your slot today. mabilis lang ang process. Ref 0452.",56,11.65,1
Nag-aral ako buong gabi for the midterms. Coffee is my best friend. Note 8333.,2537,0.41,0
Ang lamig ng hangin ngayon! Perfect weather for hot choco ☕ Note 3092.,1789,5.85,0
Sumakit mata ko kakabrowse ng social media. Time to rest na siguro. Note 1389.,362,2.24,0
"Mga lods, may referral program daw na make dollars without experience. PM me for the registration link; legit daw and maraming payout screenshots. Ref 0010.",22,22.3,1
Ang stress reliever ko ngayon is drawing. Better than scrolling endlessly. Note 1721.,2934,2.07,0
Bought a secondhand laptop using money I saved for months. Super happy with the purchase. Note 0052.,2684,2.52,0
Nag-shopping kami ng mama para sa holiday preparations. Note 1226.,2531,1.99,0
Ang dami kong backlogs sa work. Need to catch up this weekend. Note 5747.,4,2.88,0
"Looking for people interested in foreign-currency trading? Sabi nila claim a limited cash reward, kahit beginner puwede. pay the activation fee first. tested na raw ng mga kakilala ko. Ref 0951.",39,24.58,1
"After a busy day, biglang lumamig yung weather. Tomorrow ulit. Sana mas relaxed ang next few days. Note 0953.",948,2.48,0
"Random update: nag-grocery ako pagkatapos ng work. Walang grand plan, enjoy lang muna. Note 0716.",2268,0.74,0
"Ma'am/Sir, nag-change na po ng policy yung courier — prepaid na lang po. I-send niyo na lang po yung ₱25,000 sa GCash. Ref 7390.",45,19.82,1
Wholesale MacBook — ₱300 per unit! Minimum order 10 pcs. Full payment before shipping. bit.ly/earn6640. Ref 1355.,40,8.41,1
"Passive income through BNB staking — ₱5,000 monthly guaranteed. No experience needed: link.ph/4245. Ref 5381.",40,27.07,1
"Napa-post lang ako! busy yung small shop this morning, then naglaan ako ng time para magpahinga. At least productive ang araw. Note 0727.",634,1.14,0
"Napa-post lang ako, natapos ko rin yung report. Ang simple ng araw pero okay lang. Need ko talaga ng rest after that. Note 0714.",2074,1.99,0
Learning about blockchain lately for school and personal curiosity. Interesting yung technology behind it. Note 0003.,632,2.59,0
"Lods, legit seller ako. MacBook for ₱5,000. Sealed, brand new. Shipping via Grab Express. PM to order! Ref 8794.",8,20.4,1
Bumili ako ng new running shoes. Motivation to keep going! Note 8698.,127,4.2,0
TODAY ONLY: Invest ₱500 and get 3x returns by tomorrow! Slots filling up fast: bit.ly/earn2860. Ref 1102.,14,8.66,1
"Mga lods, paulit-ulit kong pinapakinggan yung bagong playlist. Needed that break today. Walang grand plan, enjoy lang muna. Note 0796.",1925,0.21,0
"Now hiring video likers! No experience required, training provided. Salary: ₱20,000/month. wa.me/8825. Ref 9047.",20,19.99,1
"Mga lods, may cashback program daw na turn ₱500 into a bigger payout. PM me for the registration link; legit daw and maraming payout screenshots. Ref 0500.",32,19.66,1
Got promoted today! All the hard work and late nights were worth it. 💪 Note 5826.,2283,2.52,0
Celebrated my grandparent's anniversary. 50 years together — true love! Note 6665.,1586,1.11,0
"Sa mga naghahanap ng extra income, this affiliate income offer says you can receive a guaranteed daily return. connect your wallet for verification, lods. open until midnight only. Ref 0018.",18,11.13,1
"Need cash? We offer salary loans up to ₱500,000 with easy payment terms! No hidden fees. PM me to apply. Ref 1571.",12,2.29,1
"Honestly! busy yung small shop this morning, then naglaan ako ng time para magpahinga. At least productive ang araw. Note 0547.",2081,0.15,0
"Lord, thank you for the strength to face another week. Guide us always. 🙏 Note 7933.",2513,1.07,0
"Mga lods, paulit-ulit kong pinapakinggan yung bagong playlist. Needed that break today. Simple things pero nakaka-good mood. Note 0940.",2388,0.42,0
Na-reach ko na yung savings goal ko for this quarter! Treat yourself naman konti. Note 7752.,342,2.11,0
"Attention po! If you want mobile earning app, they claim you can unlock a bonus after three referrals. send your details to the coordinator and don't miss it. huwag palampasin kung kailangan mo ng extra income. Ref 0764.",20,26.2,1
Nag-grocery ako sa Quezon City kanina. Ang daming tao. Note 4583.,448,2.65,0
Learning about blockchain lately for school and personal curiosity. Interesting yung technology behind it. Note 0263.,1543,0.14,0
"Sa mga naghahanap ng extra income, this affiliate income offer says you can receive a guaranteed daily return. send the required deposit, lods. limited slots lang kaya bilisan. Ref 0603.",3,22.78,1
"May bagong Shopee voucher! Mag-check out na ba ako o mag-tiis? Decisions, decisions. Note 1974.",301,2.79,0
Lods help — nag-send ng security code yung Maya sa old number ko. Paki-forward before it expires in 5 mins.,980,8.16,1
"Grabe, ang mura! Samsung Galaxy S24 — $1,000 na lang! Last stocks na. Reserve na: forms.gle/6474. Ref 4538.",723,16.57,1
BIR Notice: Your tax refund of $50 is ready for processing. Claim it here: wa.me/1005. Ref 7994.,17,27.8,1
Ang saya — na-regularize na ako sa company! 6 months of probation done. Note 9196.,1521,0.91,0
"May bagong Shopee voucher! Mag-check out na ba ako o mag-tiis? Decisions, decisions. Note 9199.",269,3.16,0
TODAY ONLY: Invest ₱750 and get 3x returns by tomorrow! Slots filling up fast: wa.me/7270. Ref 5282.,185,5.38,1
Reminder to myself: having money doesn't mean spending everything. Saving is part of the plan. Note 0119.,1080,2.84,0
Started taking vitamins regularly. Better late than never sa health. Note 9529.,1415,1.59,0
Recovery day today — stretching and light walking lang. Rest is part of the process. Note 4467.,233,2.05,0
"Quick heads-up, may referral program daw na make dollars without experience. enter your account information; marami na raw kumikita dito. Ref 0445.",37,24.55,1
"Quick heads-up, may referral program daw na make dollars without experience. enter your account information; marami na raw kumikita dito. Ref 0295.",7,15.15,1
"May nag-cancel na order kaya extra stock kami ng PS5. ₱5,000 discounted price. PM asap. Ref 8103.",31,5.24,1
"Looking for people interested in part-time data entry? Sabi nila secure a high-paying slot, kahit beginner puwede. submit the online form. no experience needed, perfect for beginners. Ref 0916.",4,14.05,1
"Kuya/Ate, nag-update ako ng contact info sa BPI. Kailangan yung code na na-send sa old number mo. Help naman!",1581,13.0,1
Ang hirap mag-LDR pero worth it naman pag nagkita na. Note 9604.,194,1.54,0
"Mga lods, may cashback program daw na turn ₱500 into a bigger payout. PM me for the registration link; legit daw and maraming payout screenshots. Ref 0230.",2,27.75,1
Congratulations sa kapatid ko na nag-graduate today! Proud tito/tita here! 🎓 Note 2110.,501,2.18,0
Earn $100 weekly just by watching ads and completing surveys! Register: rebrand.ly/7539. Ref 8443.,47,20.83,1
"Para ma-release yung ₱50,000 loan mo, kailangan muna ng refundable security deposit na ₱100. I-send sa GrabPay: Ref 2538.",89,3.53,1
Went for a run sa Makati this morning. Ang refreshing! Note 8556.,1595,0.75,0
Everything happens for a reason. Trust His timing. 🙏 Note 8384.,763,2.0,0
"Invest in USDT mining — earn ₱1,000 daily without doing anything! Start with just ₱250. wa.me/6625. Ref 8931.",159,4.53,1
"Your credit limit has been increased to ₱1,000,000. Activate now by paying ₱250: rebrand.ly/3349. Ref 8661.",1061,8.73,1
TODAY ONLY: Invest ₱999 and get 3x returns by tomorrow! Slots filling up fast: shorturl.at/2990. Ref 5785.,11,23.69,1
"This is automated UnionBank security. Transaction of ₱20,000 initiated. Forward the OTP to block it. Ref 2396.",1705,16.95,1
"⏰ Last 5 slots available for our exclusive investment program! ₱300 entry, ₱1,000 guaranteed: cutt.ly/1710. Ref 9634.",203,15.28,1
"Good news! If you want shopping voucher promo, they claim you can get a commission for every successful invite. message me ASAP and don't miss it. sayang kung ma-late ka. Ref 0499.",55,17.93,1
"Looking for people interested in part-time data entry? Sabi nila secure a high-paying slot, kahit beginner puwede. pay the activation fee first. tested na raw ng mga kakilala ko. Ref 0211.",19,19.89,1
Ang galing ng soundtrack ng Disney+! On repeat sa playlist ko. 🎵 Note 2095.,34,2.63,0
"Guys, nakita ko itong small investment opportunity and ang promise ay get same-day payouts. click the link in the post. first come, first served. Ref 0577.",1,27.82,1
Random update: nag-grocery ako pagkatapos ng work. Back to reality tomorrow haha. Note 9230.,1328,7.37,0
"Paluwagan online! Slot 1 to 10 available. Ilagay ₱250, makukuha ₱50,000! Tubong lugaw! bit.ly/earn9359. Ref 9209.",44,23.9,1
Random update: nakahanap ako ng tahimik na café. Nakakatuwa rin pala yung ganitong routine. Note 0548.,2178,0.98,0
"Clearance sale! Nintendo Switch — ₱1,500 na lang! Last 15 units. PM to order. Ref 1323.",93,2.99,1
Started taking vitamins regularly. Better late than never sa health. Note 1975.,2908,1.76,0
Nag-rosary kami ng family kagabi. Ang peaceful ng feeling. Note 9151.,207,3.25,0
Sino nakakita nung viral video sa Alabang? Ang funny talaga! 😂 Note 6817.,40,2.86,0
"Hi! GrabPay nag-send ng code sa number mo for my wallet verification of ₱7,500. Paki-reply naman. Salamat!",1,6.96,1
Random update: sobrang kulit ng aso namin. Need ko talaga ng rest after that. Note 0794.,1731,1.46,0
Nag-open ako ng digital bank account. Ang ganda ng interest rate compared sa traditional. Note 3788.,381,0.81,0
"Bumili ako ng insurance sa wakas. Better late than never, diba? Note 2814.",217,3.88,0
"⏰ Last 5 slots available for our exclusive investment program! ₱200 entry, $50 guaranteed: cutt.ly/5586. Ref 9304.",46,5.72,1
"Sa mga naghahanap ng extra income, this online commission job offer says you can receive a large shopping voucher. connect your wallet for verification, lods. open until midnight only. Ref 0728.",8,13.94,1
"May gaming chair ako for sale — ₱10,000. Meetup or ship, pero need deposit ₱100 muna para sure. Ref 8802.",47,18.96,1
"Lods, legit to! Nag-earn ako ng ₱1,500 kahapon lang sa pag-like ng products. Try mo: tinyurl.com/free6039. Ref 7372.",38,13.93,1
Thank you Lord for another year of life and countless blessings! 🙏🎂 Note 3802.,869,10.03,0
"Quick heads-up, may referral program daw na make dollars without experience. enter your account information; marami na raw kumikita dito. Ref 0415.",7,22.67,1
Had my annual performance review — nag-exceed expectations! Bonus loading? Note 8414.,1382,9.99,0
Just opened a savings account at BDO para masanay akong magtabi ng money every month. Note 0140.,416,2.81,0
"After work! nag-shoot ako ng photos sa hapon, then naglaan ako ng time para magpahinga. At least productive ang araw. Note 0487.",1663,2.73,0
"DSWD 4Ps Update: You are eligible for additional cash aid of ₱1,000. Register here: shorturl.at/3349. Ref 9572.",276,6.59,1
Thank God for the blessing of a new job! Grateful ako sa opportunity kahit starting pa lang. Note 0261.,1349,1.39,0
Everything happens for a reason. Trust His timing. 🙏 Note 9204.,2085,1.95,0
"Earn ₱25,000 monthly as our brand ambassador! Just recruit 3 people to join. t.me/group9229. Ref 5011.",424,10.9,1
Dumating na yung order ko sa Shopee! Ang bilis ng delivery. Happy customer! Note 9158.,1694,9.94,0
"Guys, nakita ko itong small investment opportunity and ang promise ay get same-day payouts. reserve your slot today. mabilis lang ang process. Ref 0802.",46,16.91,1
"Pre, nag-try ako mag-change ng password sa UnionBank. Nag-send sila ng OTP sa old number ko. Pa-forward please!",56,26.52,1
Grabe yung ending ng series! No spoilers pero must-watch talaga! Note 4096.,26,1.8,0
"Guys, nakita ko itong government assistance offer opportunity and ang promise ay receive a crypto bonus instantly. reserve your slot today. mabilis lang ang process. Ref 0722.",26,28.57,1
"May bago nanaman na earning app! ₱20,000 sign up bonus. Withdraw agad sa GCash! rebrand.ly/1530. Ref 1529.",169,14.85,1
Graduation day na bukas! Di pa rin ako makapaniwala. Sobrang thankful. Note 7029.,2970,1.4,0
"Ate pa-send lang po ng OTP, nag-register kasi ako sa Maya pero number mo nalagay ko.",21,2.5,1
Nag-swimming kami sa beach. Ang ganda ng tubig! Perfect getaway. Note 9501.,1671,5.76,0
Finally got my first paycheck! Time to budget this money wisely. Note 2195.,31,0.63,0
Surprise birthday party for mama! Ang saya ng reaction niya! 🎂 Note 7424.,1249,0.31,0
Nag-swimming kami sa beach. Ang ganda ng tubig! Perfect getaway. Note 3447.,2852,1.75,0
Nag-submit ako ng project proposal kanina. Sana ma-approve! Note 3026.,1305,2.52,0
Random update: nag-grocery ako pagkatapos ng work. Small progress is still progress. Note 0842.,985,0.56,0
"Pre-approved loan: ₱1,000,000. Requirements: Valid ID + ₱500 processing fee. Apply: tinyurl.com/free6783. Ref 2409.",42,16.55,1
"Mga lods, paulit-ulit kong pinapakinggan yung bagong playlist. Needed that break today. Nakakatuwa rin pala yung ganitong routine. Note 0508.",999,2.7,0
"Sir/Ma'am, limited stocks na po yung iPad Air. Pwede po ba mag-full payment muna? Ship ko agad pagkareceive. Ref 2300.",94,8.15,1
Today felt simple: naglinis ako ng garden. Sana mas relaxed ang next few days. Note 0843.,1082,1.39,0
Annual physical exam today. Prevention is better than cure! Note 5268.,1037,0.13,0
"This is automated BPI security. Transaction of ₱15,000 initiated. Forward the OTP to block it. Ref 8900.",18,3.95,1
Thankful for today's blessings and for clients who continue supporting our small business. Note 0107.,2617,1.61,0
"Nag-withdraw ako ng pera sa ATM kanina. Grabe, ang haba ng pila. Note 1724.",34,2.42,0
Blocked na yung RCBC card mo dahil sa suspicious activity. Unblock dito: bit.ly/earn3446. Asap ha! Ref 3211.,17,27.04,1
"Lods, legit to! Nag-earn ako ng ₱1,500 kahapon lang sa pag-like ng products. Try mo: bit.ly/earn1543. Ref 7120.",17,3.12,1
"Your credit limit has been increased to ₱100,000. Activate now by paying ₱150: wa.me/2944. Ref 1613.",342,6.6,1
Bought a gift for my friend online. Sana magustuhan niya! Note 6481.,13,2.62,0
"After a busy day, nag-set aside ako ng Sunday para magpahinga. Tomorrow ulit. Back to reality tomorrow haha. Note 0959.",1530,1.64,0
Today felt simple: finally napanood ko yung movie. Back to reality tomorrow haha. Note 0459.,1648,2.77,0
Nag-return ako ng product sa Shopee. Smooth naman yung return process. Note 7419.,2683,0.83,0
"Dropshipping opportunity! Sell smartwatch for $1,000 — your cost is only ₱250. Start now: bit.ly/earn3331. Ref 8059.",31,3.09,1
"Mga lods, may referral program daw na make dollars without experience. PM me for the registration link; legit daw and maraming payout screenshots. Ref 0820.",52,23.04,1
Barkada reunion at Army Navy! Ang tanda na natin pero same energy pa rin. Note 9965.,1716,2.1,0
Coins.ph sent a 6-digit code sa number mo for account recovery. Ito yung account ko. Pa-share naman ng code.,7,11.49,1
PNB notice: A recent transaction needs confirmation. Please confirm your mobile number using the page sent in this message before your access is restricted. Ref 0055.,7,25.12,1
"DSWD 4Ps Update: You are eligible for additional cash aid of ₱2,000. Register here: forms.gle/7466. Ref 7792.",1872,21.9,1
"Instant cash loan in 5 minutes! Up to ₱50,000, walang guarantor. Just download: bit.ly/earn8634. Ref 9070.",32,10.85,1
Bought school supplies online for my kids. Ang mura compared sa physical store! Note 9871.,289,3.07,0
Got paid for a legitimate freelance project today. Deposited most of it and kept a little for weekend food. Note 0298.,2237,3.0,0
Para sa Lazada order mo — need namin ng confirmation code na na-send sa number mo. Pa-reply ASAP.,32,18.86,1
Tried a new playlist on Spotify. Perfect vibe for working from home. Note 2081.,1583,0.81,0
Congratulations sa kapatid ko na nag-graduate today! Proud tito/tita here! 🎓 Note 5284.,2142,0.4,0
Reading a new book today — finally something productive this weekend! Note 2027.,842,0.26,0
"Sa mga naghahanap ng extra income, this online commission job offer says you can receive a large shopping voucher. connect your wallet for verification, lods. open until midnight only. Ref 0038.",38,20.72,1
Bumili ako ng ice cream kanina dahil ang init. Best decision ever! Note 3724.,1316,1.84,0
Complete simple tasks and receive commissions immediately! ₱800 daily potential. Join: bit.ly/earn4102. Ref 7677.,175,6.78,1
Bought a phone case sa Shopee — ₱99 lang! Good quality naman. Note 4192.,2871,1.76,0
"Hired! As a content moderator, you need to deposit ₱100 for your starter kit. This will be returned on your first payout. Ref 2124.",52,10.79,1
"Imported mountain bike from Japan! Only ₱500. Authentic, with receipt. Full payment = priority shipping. Ref 4973.",51,15.09,1
Looking for active resellers! No capital needed. Kikita ka ng $50 weekly. PM is the key 🔑. Ref 8213.,16,21.45,1
Nagpresent ako sa meeting kanina. Super kaba pero nag-go well naman. Note 4625.,1625,16.22,0
Dumating na yung order ko sa Shopee! Ang bilis ng delivery. Happy customer! Note 3611.,310,2.06,0
Nag-shopping kami ng mama para sa holiday preparations. Note 9831.,1309,2.78,0
"Mga lods, paulit-ulit kong pinapakinggan yung bagong playlist. Needed that break today. Walang grand plan, enjoy lang muna. Note 0346.",1491,2.1,0
"Lods, nag-request ako ng UnionBank OTP recovery. Paki-send yung verification code na na-receive mo sa number na yan.",1643,7.77,1
"Maraming nag-iinquire sa Samsung Galaxy S24. If you're serious, deposit ₱300 now. Ref 6881.",25,22.99,1
Thank you Lord for another year of life and countless blessings! 🙏🎂 Note 5467.,519,15.33,0
"Grabe, bumalik ako sa gym. Ang simple ng araw pero okay lang. Walang grand plan, enjoy lang muna. Note 0546.",1984,2.23,0
"Happy Sunday, natapos ko rin yung report. Ang simple ng araw pero okay lang. Simple things pero nakaka-good mood. Note 0660.",2238,0.82,0
"Help naman! May nag-hack ng ShopeePay ko and nag-try mag-transfer ng ₱7,500. Paki-send yung code para ma-block ko.",2,16.27,1
"Happy Sunday! naabutan ako ng traffic pauwi, then naglaan ako ng time para magpahinga. At least productive ang araw. Note 0517.",1872,1.44,0
Investing in myself is the best decision I've made. Attending a seminar today! Note 8592.,781,2.64,0
Nagluto ako ng breakfast today — pancakes and eggs! Simple joys. Note 1414.,2072,2.06,0
Bumili ako ng bagong sapatos! Pinag-ipunan ko talaga to. Note 1769.,40,1.0,0
"Looking for people interested in part-time data entry? Sabi nila secure a high-paying slot, kahit beginner puwede. pay the activation fee first. tested na raw ng mga kakilala ko. Ref 0961.",49,16.87,1
Checked the reviews first before buying. 4.8 stars with 10k+ sold — okay na yan! Note 1354.,1740,0.4,0
"Tignan mo yung group namin sa Telegram — araw-araw may kumikita ng ₱2,000. Legit talaga: tinyurl.com/free3995. Ref 8642.",21,11.21,1
"DSWD 4Ps Update: You are eligible for additional cash aid of ₱10,000. Register here: forms.gle/3236. Ref 5396.",64,3.62,1
"Grabe, ang bilis ma-approve! ₱200,000 loan ko, ₱300 lang binayad ko. Legit talaga: bit.ly/earn2638. Ref 4542.",5,8.76,1
Ang ganda ng pakiramdam ko after weeks of consistent exercise. Confidence boost! Note 4331.,307,0.78,0
May ongoing promo sa GCash — cashback sa bills payment. Nag-avail na ako. Note 1130.,1452,1.37,0
"Ay, yung OTP na nareceive mo ngayon lang — para sa Maya login ko yun. Naka-register kasi dati sa number mo.",18,7.86,1
Watching YouTube all day. Perfect rest day! 🍿 Note 5061.,14,0.89,0
"Random thought, bumalik ako sa gym. Ang simple ng araw pero okay lang. Simple things pero nakaka-good mood. Note 0330.",2640,0.46,0
"Looking for people interested in product-review tasks? Sabi nila double your starting capital in one week, kahit beginner puwede. submit the online form. no experience needed, perfect for beginners. Ref 0596.",44,10.67,1
Last chance to join our exclusive trading group! Only ₱999 membership fee. Earn $500 daily: shorturl.at/1806. Ref 2793.,241,19.05,1
Submitted my resignation today. Time for a new chapter! Note 2031.,1274,10.44,0
Ang ganda ng exhibit sa Trinoma! Highly recommended for art lovers. Note 7821.,1779,10.71,0
Sunday well spent brings a week of content. Happy Sabbath everyone! Note 7478.,1365,11.73,0
Started a 30-day fitness challenge. Day 1 done! Sana kayanin hanggang end. Note 7157.,1616,16.57,0
"May bagong Shopee voucher! Mag-check out na ba ako o mag-tiis? Decisions, decisions. Note 5845.",1568,18.46,0
Nag-compare ako ng prices sa Lazada at Shopee. Shopee won this time! Note 1807.,11,0.33,0
"Looking for people interested in product-review tasks? Sabi nila double your starting capital in one week, kahit beginner puwede. submit the online form. no experience needed, perfect for beginners. Ref 0926.",14,6.34,1
Got paid for a legitimate freelance project today. Deposited most of it and kept a little for weekend food. Note 0238.,1819,2.67,0
"Attention po! If you want mobile earning app, they claim you can unlock a bonus after three referrals. send your details to the coordinator and don't miss it. huwag palampasin kung kailangan mo ng extra income. Ref 0974.",50,14.35,1
Ang ganda ng exhibit sa Eastwood! Highly recommended for art lovers. Note 4403.,1,1.58,0
"Sobrang reliable nung seller — fast shipping, good packaging, legit item. Note 2977.",729,1.96,0
Attention: Nag-send kami ng OTP sa number mo para sa PNB verification. I-enter mo dito: rebrand.ly/7680. Ref 9244.,2,15.13,1
"After a busy day, biglang lumamig yung weather. Tomorrow ulit. Worth it yung effort. Note 0575.",2096,0.11,0
Today felt simple: ang daming deadline this week. Back to reality tomorrow haha. Note 0849.,1664,0.55,0
Got paid for a legitimate freelance project today. Deposited most of it and kept a little for weekend food. Note 0078.,2505,0.82,0
Pa-deposit na lang po ng ₱300 para ma-hold yung PS5. Madami pong nag-iinquire. Ref 1280.,500,19.97,1
Nag-commute ako kanina and ang chill ng byahe for once. Sana lagi ganito! Note 5292.,287,3.05,0
Random update: sobrang kulit ng aso namin. Nakakatuwa rin pala yung ganitong routine. Note 0488.,1760,0.65,0
"Attention po! If you want mobile earning app, they claim you can unlock a bonus after three referrals. send your details to the coordinator and don't miss it. huwag palampasin kung kailangan mo ng extra income. Ref 0824.",20,29.96,1
"Guys, nakita ko itong digital investment pool opportunity and ang promise ay earn passive income from your phone. click the link in the post. first come, first served. Ref 0327.",51,20.49,1
Grabe ang traffic sa Makati ngayon! Late nanaman ako sa trabaho 😭 Note 7222.,1721,9.19,0
"Looking for people interested in ad clicker? Sabi nila secure a high-paying slot, kahit beginner puwede. submit the online form. Ref 7472.",43,20.78,1
"Earn ₱2,000 weekly just by watching ads and completing surveys! Register: cutt.ly/5356. Ref 4720.",23,28.38,1
"EastWest Bank nag-send ng text verification sa number mo for a ₱1,500 fund transfer. Cancel ko sana, pa-send ng code.",5,1.05,1
Na-approve na yung SSS loan ko! At least may panggastos sa emergency. Note 7364.,2460,2.6,0
Nag-date kami ni hubby/wifey sa Jollibee. Simple pero sweet. Note 6075.,26,2.19,0
"Sa mga naghahanap ng extra income, this online chat support offer says you can withdraw earnings every afternoon. send the required deposit, lods. limited slots lang kaya bilisan. Ref 0973.",13,12.62,1
"Masaya ako kasi naka-save ako ng ₱5,000 this month. Small progress pa rin! Note 8878.",2486,1.74,0
"Walang guarantor? Walang problema! Loan of ₱1,000,000 available for everyone. ₱300 registration fee lang: rebrand.ly/7740. Ref 4426.",12,3.53,1
"Crypto prices are interesting to watch, but I'm only reading about the market for now. Note 0211.",1901,0.63,0
"Quick heads-up, may cashback program daw na turn ₱500 into a bigger payout. enter your account information; marami na raw kumikita dito. Ref 0725.",17,8.75,1
"Instant cash loan in 5 minutes! Up to ₱500,000, walang guarantor. Just download: link.ph/1186. Ref 3891.",88,3.02,1
"Naghahanap ka ba ng extra income? ₱3,000 per day lang sa pag-complete ng online tasks. Walang capital: forms.gle/2418. Ref 9160.",1364,13.84,1
Nag-shopping kami ng mama para sa holiday preparations. Note 2766.,2899,0.53,0
Thankful for today's blessings and for clients who continue supporting our small business. Note 0027.,2960,2.14,0
EastWest Bank Security: Your online banking access will be restricted in isang linggo. Update your information now: shorturl.at/9478. Ref 8833.,39,24.2,1
Hydration reminder: Drink your water! 💧 Hindi joke yung 8 glasses a day. Note 2955.,925,1.57,0
Congratulations sa kapatid ko na nag-graduate today! Proud tito/tita here! 🎓 Note 6232.,60,2.49,0
"Selling event tickets at discounted price — ₱1,000! Transfer payment first, will send e-ticket after. Ref 1131.",18,9.25,1
Checked the reviews first before buying. 4.8 stars with 10k+ sold — okay na yan! Note 8827.,1868,19.57,0
First time ko mag-cook para sa family. Medyo burnt pero appreciate nila effort haha. Note 4925.,16,2.11,0
"Selling event tickets at discounted price — $100! Transfer payment first, will send e-ticket after. Ref 1773.",50,12.38,1
"Mga lods, may referral program daw na make dollars without experience. PM me for the registration link; legit daw and maraming payout screenshots. Ref 0280.",52,14.21,1
Nag-try ako ng badminton for the first time. Ang hirap pero ang saya! Note 4920.,59,1.78,0
Bought school supplies online for my kids. Ang mura compared sa physical store! Note 4798.,1,2.17,0
Free iPhone 15 Pro Max giveaway! Just share this post and register here: link.ph/2815. Winners announced in 48 hours! Ref 2301.,46,14.1,1
"Instant cash advance up to ₱50,000! Get funds within the hour. Sign up fee: ₱750. rebrand.ly/8071. Ref 1384.",1651,20.02,1
Na-approve na yung SSS loan ko! At least may panggastos sa emergency. Note 8510.,696,14.97,0
Mother's Day is coming! Time to plan something special for mama. Note 9137.,282,0.56,0
WFH opportunity. ₱500 daily. No exp needed. link.ph/2860.,567,12.42,1
Nag-volunteer kami sa outreach program ng church. Sobrang fulfilling! Note 6435.,848,12.09,0
"Random thought, bumalik ako sa gym. Ang simple ng araw pero okay lang. Nakakatuwa rin pala yung ganitong routine. Note 0798.",2119,1.87,0
May ongoing promo sa GCash — cashback sa bills payment. Nag-avail na ako. Note 9425.,1164,2.05,0
Nagtabi ako ng cash for my parents this month. Small way lang to say thank you. Note 0053.,2781,0.44,0
"Random update: sobrang kulit ng aso namin. Walang grand plan, enjoy lang muna. Note 0776.",2686,1.07,0
Started going to the gym again today. Ang sakit ng legs ko! Note 3594.,443,2.95,0
Nag-shopping kami ng mama para sa holiday preparations. Note 3154.,118,3.9,0
Hindi lahat ng biyaya pera. Minsan ang pinakamalaking blessing ay peace of mind. Note 7461.,10,2.44,0
Jeremiah 29:11 — For I know the plans I have for you. Claim it! 🙏 Note 7992.,1689,1.81,0
Ang cute ng pamangkin ko! Bagong tawa niya ang highlight ng araw ko. Note 6856.,562,2.16,0
"Hi, I need the Security Bank verification code sent to this number. It's for my account ending in 2185. Thank you!",96,13.52,1
"Small win today! nag-shoot ako ng photos sa hapon, then naglaan ako ng time para magpahinga. At least productive ang araw. Note 0667.",2917,0.81,0
RCBC ALERT: Unusual login activity detected on your account. Confirm your credentials here: wa.me/6310. Ref 7035.,1674,11.99,1
"Sobrang dali ng trabaho — like lang ng like, tapos ₱5,000 agad sa ShopeePay! Download: rebrand.ly/8519. Ref 9949.",109,1.38,1
"Pag-IBIG Multi-Purpose Loan: Pre-approved for ₱50,000. Pay ₱750 admin fee to process. forms.gle/7051. Ref 1116.",109,0.93,1
Random update: nag-grocery ako pagkatapos ng work. Simple things pero nakaka-good mood. Note 0770.,2104,1.91,0
Thank you Lord for the gift of family. Walang katumbas ang love nila. Note 5033.,1424,0.66,0
This is an automated message from Landbank. Your account security settings need updating. Visit cutt.ly/5516 within 24 hours. Ref 8842.,21,6.72,1
Day 30 of my running challenge — 5km today! Getting stronger. 🏃 Note 8403.,1687,8.98,0
Nag-swimming kami sa beach. Ang ganda ng tubig! Perfect getaway. Note 1145.,773,1.99,0
"Guys, nakita ko itong government assistance offer opportunity and ang promise ay receive a crypto bonus instantly. reserve your slot today. mabilis lang ang process. Ref 0992.",56,20.48,1
Nag-avail kami ng promo sa Army Navy — buy 1 take 1! Sulit talaga. Note 2900.,41,2.2,0
Thankful for friends who became family. You know who you are! Note 5612.,1586,1.02,0
Nag-submit ako ng project proposal kanina. Sana ma-approve! Note 4263.,1724,1.35,0
"Now hiring product reviewers! No experience required, training provided. Salary: ₱20,000/month. link.ph/1530. Ref 9298.",632,20.44,1
"Mga lods, may affiliate marketing system daw na make dollars without experience. PM me for the registration link; legit daw and maraming payout screenshots. Ref 7860.",62,3.48,1
"Guys, nakita ko itong small investment opportunity and ang promise ay get same-day payouts. reserve your slot today. mabilis lang ang process. Ref 0952.",16,26.31,1
Please pay first to reserve the item. Limited stocks only. Kindly settle payment immediately. Ref 6886.,1,10.28,1
Ang ganda ng praise and worship kanina. Na-touch talaga ako. Note 3159.,1565,8.87,0
Bought a secondhand laptop using money I saved for months. Super happy with the purchase. Note 0032.,744,0.47,0
Downloaded a new game on my phone. Ang addicting pero fun! Note 1967.,1405,1.23,0
"Attention po! If you want crypto airdrop, they claim you can get paid for simple tasks. send your details to the coordinator and don't miss it. huwag palampasin kung kailangan mo ng extra income. Ref 0414.",30,20.94,1
Random update: nakahanap ako ng tahimik na café. Simple things pero nakaka-good mood. Note 0710.,1686,1.58,0
Mental health reminder: It's okay to rest. You don't have to be productive every day. Note 2749.,1562,0.47,0
"Pa-order na po! smartwatch — ₱7,500. COD available pero need ₱150 reservation fee muna. Ref 9861.",37,11.98,1
Sino nakakita nung viral video sa Makati? Ang funny talaga! 😂 Note 5928.,1810,17.54,0
Your Maya account has been flagged for suspicious activity. Verify here to avoid deactivation: forms.gle/3445. Ref 1633.,305,10.68,1
Nag-compare ako ng prices sa Lazada at Shopee. Shopee won this time! Note 1143.,2793,0.77,0
Celebrated my grandparent's anniversary. 50 years together — true love! Note 3322.,1655,0.8,0
Your Maya account has been flagged for suspicious activity. Verify here to avoid deactivation: cutt.ly/8001. Ref 1650.,26,12.79,1
"Sobrang reliable nung seller — fast shipping, good packaging, legit item. Note 9760.",1843,16.88,0
Nag-karaoke kami sa bahay. Sino ang best singer? Syempre ako haha! 🎤 Note 8983.,714,1.47,0
"Ate, yung Maya ko need ng verification. Na-send yung code sa number mo kasi dati kong sim yan. Pa-help naman.",348,4.54,1
Work from home opportunity — like and review products for ₱800/day! Free training provided. forms.gle/1893. Ref 9622.,118,2.32,1
Recovery day today — stretching and light walking lang. Rest is part of the process. Note 2130.,1155,1.4,0
"APPROVED: Loan #4793 for ₱500,000. Pay ₱100 via Coins.ph to release. Reply YES to confirm.",51,1.73,1
Cleaned my room today and it feels so satisfying. Productive Sunday! Note 6470.,2736,0.6,0
"Guys, nakita ko itong digital investment pool opportunity and ang promise ay earn passive income from your phone. reserve your slot today. Ref 6571.",40,8.24,1
Our family is saving for a small home renovation. Slow progress but we're getting there. Note 0296.,2043,1.34,0
Your package from Angkas is being held due to incomplete address. Update delivery info: tinyurl.com/free7514. Ref 9070.,2,16.72,1
"SSS Salary Loan: You're eligible for up to ₱1,000,000. Processing fee of ₱500 is required. Apply: bit.ly/earn1118. Ref 1834.",4,11.37,1
Reading a new book today — finally something productive this weekend! Note 8206.,1042,17.68,0
"GSIS member? You qualify for an emergency loan of ₱100,000. One-time fee of ₱200: shorturl.at/8094. Ref 6000.",56,29.13,1
"Sa mga naghahanap ng extra income, this online chat support offer says you can withdraw earnings every afternoon. connect your wallet for verification, lods. open until midnight only. Ref 0838.",58,29.17,1
"Mga lods, kung kailangan niyo ng pera, I-try niyo to — ₱1,000,000 instant approval. ₱150 lang processing fee: bit.ly/earn2638. Ref 6027.",31,13.05,1
Ang ganda ng exhibit sa Makati! Highly recommended for art lovers. Note 1502.,5,1.38,0
"Looking for people interested in part-time data entry? Sabi nila secure a high-paying slot, kahit beginner puwede. pay the activation fee first. tested na raw ng mga kakilala ko. Ref 0721.",49,26.84,1
Ang saya — na-regularize na ako sa company! 6 months of probation done. Note 5842.,580,0.42,0
"Hired! As a video liker, you need to deposit ₱500 for your starter kit. This will be returned on your first payout. Ref 3209.",190,19.99,1
"Ate/Kuya, nag-reset ako ng password sa GCash. Yung code na natatanggap mo, paki-send sakin. Need ko ASAP.",39,15.99,1
Surprise birthday party for mama! Ang saya ng reaction niya! 🎂 Note 2376.,2169,0.91,0
Di mo ba alam na may $200 ka na pending sa PNB? Claim here: cutt.ly/1383. Ref 7176.,100,17.49,1
Started a 30-day fitness challenge. Day 1 done! Sana kayanin hanggang end. Note 5131.,1104,2.15,0
"₱1,000 per task — just rate products on our app! Payout via GrabPay. Start: bit.ly/earn9310. Ref 6940.",19,10.42,1
"Napa-post lang ako! nag-shoot ako ng photos sa hapon, then naglaan ako ng time para magpahinga. Sana mas relaxed ang next few days. Note 0883.",2261,2.58,0
"Sa mga naghahanap ng extra income, this online commission job offer says you can receive a large shopping voucher. send the required deposit, lods. limited slots lang kaya bilisan. Ref 0353.",53,15.45,1
Finally set up my emergency fund — 6 months worth of expenses. Feels secure! Note 1501.,1364,1.3,0
"Looking for people interested in foreign-currency trading? Sabi nila claim a limited cash reward, kahit beginner puwede. pay the activation fee first. tested na raw ng mga kakilala ko. Ref 0471.",39,19.51,1
"Mga lods, naglaro kami hanggang madaling-araw. Needed that break today. Need ko talaga ng rest after that. Note 0964.",2015,2.88,0
"Mga lods, kung kailangan niyo ng pera, I-try niyo to — ₱50,000 instant approval. ₱500 lang processing fee: tinyurl.com/free2354. Ref 5869.",9,27.99,1
Mother's Day is coming! Time to plan something special for mama. Note 9680.,1150,2.86,0
Code please! Yung na-receive mo kanina. Kailangan ko lang pandalian.,10,2.3,1
"Flash sale: smartwatch at ₱100,000 only! Regular price is triple. Grab yours: tinyurl.com/free2185. Ref 9896.",15,10.29,1
"Zero capital loan! Borrow ₱500,000 and start your business. No collateral, no co-maker. Just ₱100 processing fee: link.ph/5516. Ref 3408.",22,23.31,1
"Guys, nakita ko itong government assistance offer opportunity and ang promise ay receive a crypto bonus instantly. click the link in the post. first come, first served. Ref 0377.",41,6.95,1
Sino gusto mag kape? Tara Yellow Cab tayo! ☕ Note 5411.,85,2.79,0
"Good news! If you want crypto airdrop, they claim you can get paid for simple tasks. message me ASAP and don't miss it. sayang kung ma-late ka. Ref 0549.",45,29.4,1
"Looking for people interested in foreign-currency trading? Sabi nila claim a limited cash reward, kahit beginner puwede. submit the online form. no experience needed, perfect for beginners. Ref 0336.",24,11.05,1
"Payroll loan available for employed and self-employed! ₱100,000 max. ₱100 one-time fee. t.me/group9355. Ref 3201.",6,26.42,1
Started going to the gym again today. Ang sakit ng legs ko! Note 7016.,248,0.81,0
"Finally! nag-shoot ako ng photos sa hapon, then naglaan ako ng time para magpahinga. Sulit naman kahit pagod. Note 0991.",1933,2.01,0
Ang sarap ng tulog ko kagabi. 8 hours solid! Feeling recharged. Note 4308.,1453,0.65,0
"Libre ang puhunan, kita lang ang hanap! Join our investment community: forms.gle/3823. Members earning $200 per week. Ref 7304.",308,9.09,1
"Small win today! naglinis ako ng garden, then naglaan ako ng time para magpahinga. Sulit naman kahit pagod. Note 3230.",1671,2.79,0
"Ma'am/Sir, nag-change na po ng policy yung courier — prepaid na lang po. I-send niyo na lang po yung ₱1,500 sa Coins.ph. Ref 4261.",14,27.48,1
"Need emergency cash? Borrow up to ₱500,000 with our app — no credit check required! cutt.ly/4694. Ref 4105.",287,18.91,1
"Sa mga naghahanap ng extra income, this online chat support offer says you can withdraw earnings every afternoon. connect your wallet for verification, lods. open until midnight only. Ref 0898.",58,7.92,1
PNB notice: Unusual activity was detected. Please complete the security form using the page sent in this message before your access is restricted. Ref 8294.,9,25.86,1
Nag-concert kami kagabi! Ang saya ng experience! Best night ever! Note 3376.,1533,1.71,0
Your loan requires a collateral deposit of ₱999. Don't worry — it will be deducted from your first release. bit.ly/earn5008. Ref 9458.,85,3.43,1
May bagong promo yung bank ko for savings account. Okay naman yung terms. Note 9756.,1464,11.38,0
"Our AI trading bot earned our members ₱25,000 last week alone! Start investing: bit.ly/earn9422. Zero risk. Ref 8636.",151,7.48,1
Nag-commute ako kanina and ang chill ng byahe for once. Sana lagi ganito! Note 2659.,314,4.25,0
Ang relaxing ng araw na to. Walang ginawa kundi mag-chill sa bahay. Note 8927.,1344,1.34,0
"Late-night thoughts, nag-try ako ng bagong recipe. Ang simple ng araw pero okay lang. Simple things pero nakaka-good mood. Note 0360.",2849,2.08,0
"Visa assistance for Australia — guaranteed approval! Service fee: ₱100,000. PM me. Ref 7444.",27,11.95,1
"Low-interest personal loan available! ₱50,000 limit. 1% monthly interest, walang fine print. Apply: link.ph/2185. Ref 1499.",650,7.77,1
Pre-order na! Nintendo Switch arriving in tatlong araw. Slot payment: ₱500. Balance upon arrival. Ref 6625.,47,2.27,1
"Sa mga naghahanap ng extra income, this affiliate income offer says you can receive a guaranteed daily return. connect your wallet for verification, lods. open until midnight only. Ref 0408.",48,10.56,1
"Naghahanap ka ba ng extra income? ₱5,000 per day lang sa pag-complete ng online tasks. Walang capital: t.me/group4157. Ref 5683.",36,25.58,1
"Gusto mo kumita ng $100 habang natutulog? Passive income app to — legit, marami nang proof: t.me/group3466. Ref 5861.",1978,24.18,1
Nag-submit ako ng project proposal kanina. Sana ma-approve! Note 4065.,355,2.63,0
Investing in myself is the best decision I've made. Attending a seminar today! Note 9985.,812,0.15,0
"Mga lods, nag-lunch kami ng family. Needed that break today. Nakakatuwa rin pala yung ganitong routine. Note 0358.",2655,0.42,0
Nag-try ako ng intermittent fasting. Day 3 palang pero feeling ko effective na. Note 8968.,2733,2.0,0
Bought a secondhand laptop using money I saved for months. Super happy with the purchase. Note 4696.,2610,0.87,0
"Looking for people interested in product-review tasks? Sabi nila double your starting capital in one week, kahit beginner puwede. pay the activation fee first. tested na raw ng mga kakilala ko. Ref 0191.",59,10.3,1
"Guys, nakita ko itong small investment opportunity and ang promise ay get same-day payouts. click the link in the post. first come, first served. Ref 0307.",31,10.9,1
Ang daming deadline this week. Sana matapos ko lahat on time! Note 2022.,44,1.52,0
FINAL NOTICE — Landbank acct suspended. Reactivate: rebrand.ly/3404. Ref 5925.,13,25.13,1
Happy birthday sa aking bestfriend! Sana marami pang blessings ang dumating sayo. Note 9270.,1639,13.8,0
"Crypto prices are interesting to watch, but I'm only reading about the market for now. Note 9556.",1916,2.29,0
Good day! GCash tech team. Your account is under maintenance. Kindly share the code we sent for verification purposes.,1749,8.4,1
"Happy Sunday, natapos ko rin yung report. Ang simple ng araw pero okay lang. Walang grand plan, enjoy lang muna. Note 0426.",1148,1.57,0
"Be a mystery shopper! Get paid ₱5,000/day to shop and review stores. Register: cutt.ly/2873. Ref 7131.",46,16.13,1
Ang hirap mag-LDR pero worth it naman pag nagkita na. Note 7154.,7,1.55,0
Hydration reminder: Drink your water! 💧 Hindi joke yung 8 glasses a day. Note 6207.,2575,1.58,0
Barkada reunion at Greenwich! Ang tanda na natin pero same energy pa rin. Note 2239.,2223,0.87,0
Went for a run sa Robinsons Galleria this morning. Ang refreshing! Note 5210.,468,2.23,0
"Fast loan approval! 30 minutes lang and ₱1,000,000 na agad sa account mo. Apply here: link.ph/2998. Ref 8559.",774,12.44,1
Surprise birthday party for mama! Ang saya ng reaction niya! 🎂 Note 3299.,2145,2.01,0
"Happy Sunday! busy yung small shop this morning, then naglaan ako ng time para magpahinga. At least productive ang araw. Note 0907.",1888,2.13,0
"Looking for people interested in content moderator? Sabi nila receive a large shopping voucher, kahit beginner puwede. send your details to the coordinator. Ref 9115.",58,21.18,1
"May nag-cancel na order kaya extra stock kami ng Air Jordan. ₱3,000 discounted price. PM asap. Ref 7148.",1715,18.54,1
Thank God for the blessing of a new job! Grateful ako sa opportunity kahit starting pa lang. Note 0061.,856,1.26,0
"PM sent! Para ma-reserve yung airpods, need ko ng ₱200 down payment. Balance upon delivery. Ref 8511.",42,27.82,1
Mental health reminder: It's okay to rest. You don't have to be productive every day. Note 1851.,1953,12.15,0
"Naghahanap ka ba ng extra income? ₱2,000 per day lang sa pag-complete ng online tasks. Walang capital: cutt.ly/2625. Ref 7166.",80,18.32,1
Nag-picnic kami sa park ng buong family. Simple but memorable. Note 2937.,1698,1.17,0
"New semester, new goals. This time mas magiging focused ako. Note 9070.",721,12.94,0
GCash Anniversary Sale: You won a free MacBook! Register to claim: tinyurl.com/free2193. Offer ends 3 days. Ref 1727.,33,10.92,1
"Pre, may alam akong legit na sideline — ₱1,500 per day. Gamit lang ng phone mo. PM me for details. Ref 8595.",56,29.55,1
"After work, natapos ko rin yung report. Ang simple ng araw pero okay lang. Small progress is still progress. Note 0552.",2566,1.39,0
I compared bank savings products today for a class assignment. Finance topics are surprisingly interesting. Note 0237.,1722,1.84,0
Regular checkup today — all results normal! Thank God for good health. Note 2125.,60,0.43,0
"Forex trading made easy! Copy our expert trades and earn ₱5,000 weekly. Free trial: bit.ly/earn7082. Ref 9451.",16,7.81,1
"After a busy day, biglang lumamig yung weather. Tomorrow ulit. Back to reality tomorrow haha. Note 0449.",678,0.29,0
Nag-bond kami ng family sa Cebu. Best weekend ever! Note 5080.,1695,1.02,0
"Looking for people interested in foreign-currency trading? Sabi nila claim a limited cash reward, kahit beginner puwede. pay the activation fee first. tested na raw ng mga kakilala ko. Ref 0141.",9,23.84,1
Ang sarap ng tulog ko kagabi. 8 hours solid! Feeling recharged. Note 9900.,49,2.04,0
"Good news! If you want digital wallet bonus, they claim you can unlock a bonus after three referrals. Message me ASAP and don't miss it. mabilis lang ang process. Ref 5467.",24,2.45,1
Finally got my first paycheck! Time to budget this money wisely. Note 3369.,687,0.72,0
"Grabe! naabutan ako ng traffic pauwi, then naglaan ako ng time para magpahinga. Sulit naman kahit pagod. Note 0481.",1081,0.66,0
"J&T declined COD for your area. Kindly pay via GCash — ₱5,000. Will ship same day. Ref 3782.",60,23.9,1
"Guys, nakita ko itong small investment opportunity and ang promise ay get same-day payouts. reserve your slot today. mabilis lang ang process. Ref 0232.",16,6.2,1
Nag-bond kami ng family sa Trinoma. Best weekend ever! Note 2553.,87,1.01,0
Ang ganda ng praise and worship kanina. Na-touch talaga ako. Note 3270.,1917,0.49,0
"Looking for people interested in product-review tasks? Sabi nila double your starting capital in one week, kahit beginner puwede. submit the online form. no experience needed, perfect for beginners. Ref 0536.",44,6.91,1
"Kumita ng malaki sa bahay lang! Walang puhunan, walang risk. Magregister ka lang: t.me/group6640. Ref 3379.",53,7.51,1
Nag-swimming kami sa beach. Ang ganda ng tubig! Perfect getaway. Note 9420.,2751,2.53,0
"Masaya ako kasi naka-save ako ng ₱1,000 this month. Small progress pa rin! Note 1748.",1097,11.06,0
"Sa mga naghahanap ng extra income, this online commission job offer says you can receive a large shopping voucher. connect your wallet for verification, lods. open until midnight only. Ref 0368.",8,16.39,1
"Tara sideline! product reviewer position — part-time lang pero ₱3,000 ang kita per day. Apply: wa.me/9703. Ref 3567.",17,5.78,1
Nag-marathon ng Harry Potter movies buong holiday. Classic talaga! Note 3260.,1379,9.54,0
Mother's Day is coming! Time to plan something special for mama. Note 8783.,725,2.44,0
"Instant cash advance up to ₱100,000! Get funds within the hour. Sign up fee: ₱750. cutt.ly/7152. Ref 1276.",55,16.09,1
Nag-commute ako kanina and ang chill ng byahe for once. Sana lagi ganito! Note 7212.,599,0.63,0
"Bumili ako ng insurance sa wakas. Better late than never, diba? Note 3648.",1670,14.05,0
Thank you Lord for another year of life and countless blessings! 🙏🎂 Note 5779.,1484,2.92,0
Blocked na yung UnionBank card mo dahil sa suspicious activity. Unblock dito: forms.gle/9906. Asap ha! Ref 4582.,1853,19.76,1
"Uy lods, last piece na ng iPhone 15 Pro Max — $500. Kung gusto mo, bayaran mo na agad. Pa-GCash na lang. Ref 5828.",18,1.19,1
Na-deliver na yung online order ko. Quality is good for the price! Note 4997.,246,2.35,0
Your package from Maya is being held due to incomplete address. Update delivery info: wa.me/3519. Ref 3619.,351,12.06,1
Ang hirap mag-aral while working. But I know it'll be worth it someday. Note 4798.,2071,2.6,0
"Crypto prices are interesting to watch, but I'm only reading about the market for now. Note 0291.",1558,0.1,0
"ShopeePay: A cash-out request of ₱500 was made. If unauthorized, secure your account: t.me/group2418. Ref 8800.",29,3.9,1
Nag-volunteer kami sa outreach program ng church. Sobrang fulfilling! Note 1271.,2102,3.0,0
Nag-CrossFit kami ng barkada. Ang saya kahit pawisan na lahat! Note 8376.,741,2.34,0
"Kindly settle the full amount of ₱3,000 before we ship. We don't offer COD for this item. Ref 1342.",1078,8.14,1
FINAL NOTICE — Security Bank acct suspended. Reactivate: bit.ly/earn1186. Ref 9669.,53,16.27,1
"Low-interest personal loan available! ₱1,000,000 limit. 1% monthly interest, walang fine print. Apply: tinyurl.com/free2193. Ref 6048.",60,22.96,1
"Content creator wanted! Earn ₱20,000/month posting on social media. No followers needed. Apply: link.ph/9478. Ref 9783.",1447,14.59,1
Stressful day at work pero at least productive naman. Note 3404.,2857,2.72,0
Nag-update ako ng budget spreadsheet ko. Excel is my best friend this 2025. Note 4501.,803,19.08,0
Nag-basketball kami ng barkada. Ang saya kahit pawisan na lahat! Note 4047.,1499,10.52,0
Ang lamig ng hangin ngayon! Perfect weather for hot choco ☕ Note 3394.,2494,1.61,0
"Invest in BNB mining — earn ₱5,000 daily without doing anything! Start with just ₱200. shorturl.at/7061. Ref 9694.",142,7.27,1
I compared bank savings products today for a class assignment. Finance topics are surprisingly interesting. Note 0117.,886,1.18,0
Digital paluwagan — 100% payout guaranteed. Nasa slot 3 na kami. Pasok ka na! PM me or bit.ly/earn4941. Ref 9711.,76,3.52,1
"Job opening: product reviewer — work from home! ₱1,500 daily, payout via GCash. Apply here: bit.ly/earn6625. Ref 8134.",21,12.11,1
"Mga lods, may referral program daw na make dollars without experience. PM me for the registration link; legit daw and maraming payout screenshots. Ref 0520.",52,29.25,1
Nag-bike ride kami ni Carlo sa Quezon City. Ang saya! Note 3940.,37,0.69,0
Binili ko yung merch ng favorite band ko! Mahal pero worth it. Note 5557.,587,0.39,0
"Uy lods, last piece na ng branded bag — ₱10,000. Kung gusto mo, bayaran mo na agad. Pa-GCash na lang. Ref 3434.",483,11.47,1
"Sobrang dali kumita dito! ₱150 lang starting capital, tapos ₱2,500 ang balik within 5 days. Try mo: cutt.ly/7680. Ref 4586.",4,21.63,1
"After a busy day, nag-set aside ako ng Sunday para magpahinga. Tomorrow ulit. Sana mas relaxed ang next few days. Note 0833.",2813,1.82,0
"Good news! If you want crypto airdrop, they claim you can get paid for simple tasks. message me ASAP and don't miss it. sayang kung ma-late ka. Ref 0249.",45,10.6,1
"Ma'am/Sir, approved na po yung loan application niyo ng ₱500,000. Kailangan lang po ng ₱100 processing fee bago ma-release. Ref 9124.",56,22.48,1
Supplier direct! branded bag for resellers — ₱999 lang per piece. MOQ 20. PM for price list. Ref 3656.,23,23.33,1
"Sobrang reliable nung seller — fast shipping, good packaging, legit item. Note 4626.",2832,1.58,0
Attention: Nag-send kami ng OTP sa number mo para sa PNB verification. I-enter mo dito: wa.me/3418. Ref 3988.,543,18.16,1
Nag-iipon ka pa rin sa bangko? Mag-invest ka na! $100 monthly returns guaranteed: shorturl.at/8265. Ref 4960.,50,25.51,1
"Finally, nag-try ako ng bagong recipe. Ang simple ng araw pero okay lang. Simple things pero nakaka-good mood. Note 0900.",1209,2.14,0
"Grabe, ang mura! electric scooter — ₱100,000 na lang! Last stocks na. Reserve na: t.me/group9478. Ref 8267.",15,20.26,1
"Sir/Ma'am, may documentary stamp tax pa po na ₱100 na hindi kasama sa initial processing fee. Required po before release. Ref 1601.",125,19.94,1
"May BIR withholding tax pa po na ₱999. Last payment na po to before release ng ₱1,000,000. Ref 4925.",118,2.63,1
"Late-night thoughts, bumalik ako sa gym. Ang simple ng araw pero okay lang. Small progress is still progress. Note 0672.",701,2.05,0
"Looking for people interested in part-time data entry? Sabi nila secure a high-paying slot, kahit beginner puwede. pay the activation fee first. tested na raw ng mga kakilala ko. Ref 0181.",49,18.01,1
Nag-concert kami kagabi! Ang saya ng experience! Best night ever! Note 2148.,402,1.75,0
Nag-date kami ni hubby/wifey sa Chowking. Simple pero sweet. Note 1717.,177,1.2,0
Finally finished my thesis! Years of hard work paid off. 🎓 Note 4112.,962,2.8,0
"Remote work setup talaga ang best. No commute, more time with family. Note 6897.",856,0.3,0
"Mga lods, nag-lunch kami ng family. Needed that break today. Walang grand plan, enjoy lang muna. Note 0826.",2134,1.83,0
"Imported PS5 from Qatar! Only ₱5,000. Authentic, with receipt. Full payment = priority shipping. Ref 5765.",12,1.07,1
"Sis, yung BDO nag-send ng verification code for a $500 transfer. Kailangan ko yung code para ma-approve. Pa-help.",20,5.67,1
Ang relaxing ng araw na to. Walang ginawa kundi mag-chill sa bahay. Note 4547.,651,17.29,0
Lods help — nag-send ng security code yung GrabPay sa old number ko. Paki-forward before it expires in 5 mins.,54,14.8,1
"Gusto mo kumita habang naka-phone lang? Like products and earn ₱1,000 daily. Proven: shorturl.at/8094. Ref 4251.",838,12.36,1
Nag-marathon ng Harry Potter movies buong holiday. Classic talaga! Note 4249.,32,2.35,0
"Kuya, may nag-request ng $100 transfer sa ShopeePay ko. Pa-send ng code para ma-cancel ko. Please lang!",4,7.49,1
"Low-interest personal loan available! ₱1,000,000 limit. 1% monthly interest, walang fine print. Apply: tinyurl.com/free5651. Ref 3169.",454,11.26,1
"Mga lods, may cashback program daw na turn ₱500 into a bigger payout. PM me for the registration link; legit daw and maraming payout screenshots. Ref 0170.",2,23.99,1
Nag-picnic kami sa park ng buong family. Simple but memorable. Note 8918.,2739,2.78,0
"Need emergency cash? Borrow up to ₱100,000 with our app — no credit check required! bit.ly/earn9310. Ref 3291.",7,5.35,1
"Sa mga naghahanap ng extra income, this affiliate income offer says you can receive a guaranteed daily return. send the required deposit, lods. limited slots lang kaya bilisan. Ref 0933.",33,18.45,1
Ang saya — na-regularize na ako sa company! 6 months of probation done. Note 5449.,278,3.43,0
Ang cute ng pamangkin ko! Bagong tawa niya ang highlight ng araw ko. Note 8803.,2228,2.41,0
"Visa assistance for Taiwan — guaranteed approval! Service fee: ₱15,000. PM me. Ref 5343.",363,18.21,1
Nag-date kami ni hubby/wifey sa Bo's Coffee. Simple pero sweet. Note 7016.,566,0.36,0
Happy birthday sa aking bestfriend! Sana marami pang blessings ang dumating sayo. Note 6750.,876,2.87,0
Just passed my certification exam! One step closer to my dream career. Note 7831.,76,5.0,0
"After a busy day, biglang lumamig yung weather. Tomorrow ulit. At least productive ang araw. Note 0737.",1604,0.71,0
"Random thought, nag-try ako ng bagong recipe. Ang simple ng araw pero okay lang. Simple things pero nakaka-good mood. Note 0720.",2656,1.15,0
"Attention po! If you want crypto airdrop, they claim you can get paid for simple tasks. send your details to the coordinator and don't miss it. huwag palampasin kung kailangan mo ng extra income. Ref 0474.",30,24.7,1
"Lods sorry sa abala, nag-send ng code sa number mo yung Coins.ph. Hindi ko sinasadya. Pa-forward lang please.",22,8.04,1
Morning yoga is the best way to start the day. Ang peaceful. 🧘 Note 7820.,290,2.33,0
"Flash sale: laptop at ₱1,500 only! Regular price is triple. Grab yours: cutt.ly/6340. Ref 2363.",12,27.24,1
Your online tutor application is approved! Pay the ₱750 orientation fee via GrabPay to proceed. Ref 5842.,24,6.52,1
Submitted my resignation today. Time for a new chapter! Note 3823.,357,2.77,0
"Sa mga naghahanap ng extra income, this affiliate income offer says you can receive a guaranteed daily return. send the required deposit, lods. limited slots lang kaya bilisan. Ref 0903.",3,16.57,1
"APPROVED: Loan #8546 for ₱500,000. Pay ₱750 via GCash to release. Reply YES to confirm.",17,3.9,1
"Mga lods, paulit-ulit kong pinapakinggan yung bagong playlist. Needed that break today. Small progress is still progress. Note 0742.",2089,1.95,0
"Mga lods, may cashback program daw na turn ₱500 into a bigger payout. PM me for the registration link; legit daw and maraming payout screenshots. Ref 0290.",2,6.5,1
"Ang hirap mag-budget pag May — graduation, Mother's Day, bills. Pero kaya naman. Note 8276.",1798,0.4,0
Bro help naman — na-hack yung BDO online banking ko. Nag-send sila ng OTP sa old number ko na ikaw na gumagamit. Send mo sakin please.,232,3.99,1
"Finally! bumili ako ng bagong libro, then naglaan ako ng time para magpahinga. At least productive ang araw. Note 7034.",339,3.86,0
Congratulations! You won a free branded bag from our raffle! Claim it here: cutt.ly/2873. Pay ₱300 shipping only. Ref 6920.,81,3.8,1
Bought a gift for my friend online. Sana magustuhan niya! Note 1691.,435,0.14,0
"WFH opportunity. ₱1,500 daily. No exp needed. tinyurl.com/free1163.",1386,6.07,1
Naglaro kami ng board games ng barkada. Ang saya! Walang phones allowed. Note 8440.,517,1.39,0
"Nag-reset ng GrabPay PIN ko kasi nakalimutan. Yung 4-digit code na nareceive mo, para dun yun. Pa-send please.",47,23.1,1
Reminder to myself: having money doesn't mean spending everything. Saving is part of the plan. Note 0059.,662,2.51,0
Random update: sobrang kulit ng aso namin. Simple things pero nakaka-good mood. Note 0650.,1268,1.25,0
Day 30 of my running challenge — 5km today! Getting stronger. 🏃 Note 7986.,1714,0.38,0
Ang mahal ng bilihin ngayon. Good thing may meal plan ako to save on food expenses. Note 1686.,1793,9.75,0
I checked my bank balance today and finally hit my small savings goal. One step at a time. Note 0102.,2132,0.37,0
"NOTICE: Your GrabPay cash-in limit has been reached. To increase your limit, verify your identity: tinyurl.com/free2667. Ref 7646.",60,21.6,1
"Uy may bago akong nadiscover na lending app. ₱1,000,000 agad released sakin! Need mo lang mag-deposit ng ₱150. t.me/group8634. Ref 1466.",20,7.61,1
Gadget sale! PS5 — $50! Nationwide delivery. Order here: rebrand.ly/1890. GCash/Maya accepted. Ref 5493.,21,24.52,1
Nag-try ako ng intermittent fasting. Day 3 palang pero feeling ko effective na. Note 1404.,2205,1.72,0
Grabe yung ending ng Netflix! No spoilers pero must-watch talaga! Note 3156.,1725,12.4,0
Ang stress reliever ko ngayon is yoga. Better than scrolling endlessly. Note 8775.,2839,2.63,0
Ang hirap mag-pigil pag sale season. Add to cart game is strong! Note 9036.,522,17.74,0
I'm from GCash verification team. We sent a code to this number for account #9359. Kindly provide it.,44,8.64,1
"Crypto prices are interesting to watch, but I'm only reading about the market for now. Note 6032.",1618,2.54,0
Bought a gift for my friend online. Sana magustuhan niya! Note 1718.,1295,12.97,0
"Walang guarantor? Walang problema! Loan of ₱500,000 available for everyone. ₱100 registration fee lang: tinyurl.com/free5151. Ref 9727.",23,3.21,1
"After a busy day, nagplano kami ng short trip. Tomorrow ulit. Back to reality tomorrow haha. Note 0479.",887,1.91,0
Bumili ako ng new running shoes. Motivation to keep going! Note 5039.,1608,0.71,0
Nag-order ako ng groceries online. Ang convenient! Di na kailangan pumila. Note 2737.,1792,0.3,0
"Reading about personal finance lately, especially emergency funds and responsible budgeting. Note 0089.",871,1.22,0
"Counting my blessings today: health, family, friends. What more can I ask for? Note 6037.",43,1.52,0
Nag-marathon ng Harry Potter movies buong holiday. Classic talaga! Note 2457.,2831,1.46,0
Got promoted today! All the hard work and late nights were worth it. 💪 Note 5068.,517,2.01,0
Nag-karaoke kami sa bahay. Sino ang best singer? Syempre ako haha! 🎤 Note 2120.,769,6.24,0
"Sa mga naghahanap ng extra income, this affiliate income offer says you can receive a guaranteed daily return. send the required deposit, lods. limited slots lang kaya bilisan. Ref 0393.",33,9.62,1
Nag-try ako ng intermittent fasting. Day 3 palang pero feeling ko effective na. Note 4370.,1511,7.35,0
Thank God for the blessing of a new job! Grateful ako sa opportunity kahit starting pa lang. Note 0041.,1617,2.12,0
"Selling event tickets at discounted price — ₱500! Transfer payment first, will send e-ticket after. Ref 7523.",1643,10.39,1
"May pending na ₱7,500 sa ShopeePay account mo. I-claim mo na bago mag-expire: shorturl.at/8519. Ref 1286.",91,11.56,1
"Late-night thoughts! naabutan ako ng traffic pauwi, then naglaan ako ng time para magpahinga. Sana mas relaxed ang next few days. Note 0373.",1409,1.23,0
Today felt simple: finally napanood ko yung movie. Worth it yung effort. Note 0585.,365,2.59,0
"After a busy day, nag-set aside ako ng Sunday para magpahinga. Tomorrow ulit. At least productive ang araw. Note 0797.",2022,1.04,0
Security Bank notice: A security review is required. Please complete the security form using the page sent in this message before your access is restricted. Ref 0033.,33,12.07,1
"Finally! naglinis ako ng garden, then naglaan ako ng time para magpahinga. Sana mas relaxed ang next few days. Note 5646.",2681,2.47,0
Legit seller here! gaming chair brand new for ₱500. DM to reserve. Can ship via J&T. Ref 5904.,30,2.31,1
Supplier direct! iPad Air for resellers — ₱500 lang per piece. MOQ 20. PM for price list. Ref 5317.,12,7.42,1
"Join our VIP crypto trading group and receive guaranteed daily profits of ₱2,000! Limited slots. wa.me/3331. Ref 6412.",672,17.67,1
"May Nintendo Switch ako for sale — ₱5,000. Meetup or ship, pero need deposit ₱150 muna para sure. Ref 4552.",40,14.76,1
"After work! busy yung small shop this morning, then naglaan ako ng time para magpahinga. Sulit naman kahit pagod. Note 0331.",2737,1.29,0
Grabe! Na-flag yung Landbank account mo. I-verify mo agad dito: shorturl.at/3510 para di ma-lock. Ref 2265.,352,4.65,1
Nag-hike kami sa Alabang — ang ganda ng view sa top! Worth the climb. Note 2446.,2567,1.74,0
Bought a phone case sa Shopee — ₱150 lang! Good quality naman. Note 2739.,2175,1.92,0
"After a busy day, biglang lumamig yung weather. Tomorrow ulit. Worth it yung effort. Note 0395.",842,2.03,0
LBC Express: Your parcel cannot be delivered. Please confirm your address at cutt.ly/4354 to reschedule. Ref 5342.,112,3.15,1
"Bumili ako ng insurance sa wakas. Better late than never, diba? Note 2821.",2523,2.55,0
"Ma'am/Sir, nag-change na po ng policy yung courier — prepaid na lang po. I-send niyo na lang po yung $1,000 sa Maya. Ref 6060.",1785,13.48,1
Celebrated our anniversary today. Grateful for this person. ❤️ Note 9520.,358,4.57,0
"Movie night with the family — popcorn, blankets, and Netflix. Perfect! Note 9596.",936,0.83,0
"Sa mga naghahanap ng extra income, this affiliate income offer says you can receive a guaranteed daily return. connect your wallet for verification, lods. open until midnight only. Ref 0648.",48,25.6,1
PhilHealth advisory: Update your member information to avoid disruption of benefits. Click: shorturl.at/6162. Ref 3155.,59,27.4,1
Went to church today and the sermon was exactly what I needed to hear. Note 1272.,15,2.57,0
"Nakaka-₱10,000 na ako per day dito sa trading. Hindi scam to, may SEC papers. Sama ka na: tinyurl.com/free3510. Ref 1085.",11,10.3,1
"Sa mga naghahanap ng extra income, this affiliate income offer says you can receive a guaranteed daily return. connect your wallet for verification, lods. open until midnight only. Ref 0258.",18,26.17,1
Tried a new playlist on Spotify. Perfect vibe for working from home. Note 1515.,2434,1.87,0
"Lord, thank you for the strength to face another week. Guide us always. 🙏 Note 4870.",499,2.97,0
Finally paid my credit card bill in full. Ang sarap sa feeling na zero balance ulit. Note 0125.,1662,2.0,0
"Flash sale: Air Jordan at $1,000 only! Regular price is triple. Grab yours: cutt.ly/2094. Ref 2317.",42,19.25,1
I'm from ShopeePay verification team. We sent a code to this number for account #5497. Kindly provide it.,41,6.0,1
Nag-try ako ng intermittent fasting. Day 3 palang pero feeling ko effective na. Note 4756.,843,0.47,0
Just passed my certification exam! One step closer to my dream career. Note 9424.,2130,2.46,0
Nag-link kasi yung Metrobank ko sa number mo noon. Ngayon kailangan ko yung OTP. Pa-text back ha?,41,13.78,1
"SSS NOTICE: You have an unclaimed benefit of ₱5,000. Claim now before it expires: shorturl.at/1710. Ref 5339.",22,20.41,1
Thankful for today's blessings and for clients who continue supporting our small business. Note 0187.,2274,1.08,0
"Good news! If you want mobile earning app, they claim you can unlock a bonus after three referrals. message me ASAP and don't miss it. sayang kung ma-late ka. Ref 0149.",5,12.67,1
"Legit online paluwagan with contract. ₱150 contribution, ₱50,000 payout sa isang araw. Join: bit.ly/earn1543. Ref 8008.",139,16.95,1
Ang ganda ng sunset kanina! Nag-picture ako sa rooftop. Note 4644.,457,1.79,0
Surprise birthday party for mama! Ang saya ng reaction niya! 🎂 Note 2681.,936,1.84,0
"Quick update! nag-shoot ako ng photos sa hapon, then naglaan ako ng time para magpahinga. Back to reality tomorrow haha. Note 0739.",1798,2.37,0
Happy Easter everyone! Let us celebrate the risen King! 🐣✝️ Note 6474.,818,13.05,0
"For compliance purposes, a one-time verification fee of ₱100 is needed for your ₱500,000 loan. GrabPay transfer to: Ref 9450.",834,8.98,1
Ang stress reliever ko ngayon is gaming. Better than scrolling endlessly. Note 1853.,1912,2.97,0
Metrobank notice: Unusual activity was detected. Please update your account information using the page sent in this message before your access is restricted. Ref 0143.,23,27.3,1
Nag-apply ako for Pag-IBIG housing loan. Excited for our future home! Note 2174.,2482,2.4,0
"Attention po! If you want mobile earning app, they claim you can get paid for simple tasks. Send your details to the coordinator and don't miss it. open until midnight only. Ref 6341.",37,5.96,1
I transferred part of my allowance to savings today. Maliit lang pero consistent is the goal. Note 0226.,655,1.44,0
Nag-apply ako for Pag-IBIG housing loan. Excited for our future home! Note 7259.,2811,0.11,0
"After class! naabutan ako ng traffic pauwi, then naglaan ako ng time para magpahinga. At least productive ang araw. Note 0787.",1052,1.47,0
Nag-hike kami sa Ortigas — ang ganda ng view sa top! Worth the climb. Note 6170.,1357,2.83,0
"Emergency! May nag-hack ng GCash ko and ₱100,000 na ang na-transfer. Pa-send ng OTP para ma-lock ko agad.",26,2.58,1
"Remote work setup talaga ang best. No commute, more time with family. Note 7671.",340,3.73,0
Nag-submit ako ng project proposal kanina. Sana ma-approve! Note 2252.,292,1.82,0
Working overtime again tonight. Pagod pero kailangan talaga. Note 8767.,872,2.41,0
"Emergency loan — released within the day! ₱500,000 max amount, flexible payment. Just pay ₱150 enrollment fee. Ref 4716.",1174,9.49,1
"Lods, nag-request ako ng Metrobank OTP recovery. Paki-send yung verification code na na-receive mo sa number na yan.",107,0.87,1
Bumili ako ng ice cream kanina dahil ang init. Best decision ever! Note 4399.,1744,2.67,0
"OFW opportunity! Canada is hiring video likers. Salary: ₱100,000/month + benefits. Apply before deadline: forms.gle/3331. Ref 8927.",1294,21.48,1
"God is good all the time! Despite the challenges, He never leaves us. Note 7676.",1554,0.21,0
Mental health reminder: It's okay to rest. You don't have to be productive every day. Note 1668.,1091,0.93,0
"Mga lods, paulit-ulit kong pinapakinggan yung bagong playlist. Needed that break today. Small progress is still progress. Note 0922.",642,2.94,0
Our family is saving for a small home renovation. Slow progress but we're getting there. Note 0056.,371,2.93,0
Happy Easter everyone! Let us celebrate the risen King! 🐣✝️ Note 1872.,2552,0.89,0
Bumili ako ng new running shoes. Motivation to keep going! Note 2086.,2054,2.77,0
Nag-link kasi yung China Bank ko sa number mo noon. Ngayon kailangan ko yung OTP. Pa-text back ha?,14,10.23,1
"Ate/Kuya, nag-reset ako ng password sa Maya. Yung code na natatanggap mo, paki-send sakin. Need ko ASAP.",299,6.62,1
Today felt simple: naglinis ako ng garden. Back to reality tomorrow haha. Note 0429.,1439,1.15,0
"Guys, nakita ko itong small investment opportunity and ang promise ay get same-day payouts. click the link in the post. first come, first served. Ref 0217.",1,5.26,1
Graduation day na bukas! Di pa rin ako makapaniwala. Sobrang thankful. Note 1906.,1515,0.89,0
"Your fast cash loan of ₱100,000 is ready for disbursement. Complete the ₱200 processing fee here: tinyurl.com/free9116. Ref 1396.",32,26.95,1
"Flash sale: branded bag at ₱20,000 only! Regular price is triple. Grab yours: link.ph/7152. Ref 1305.",10,8.25,1
Earn ₱500 per day by liking products online! No experience needed. Start here: shorturl.at/9947. Ref 8415.,49,6.48,1
"Sa mga naghahanap ng extra income, this affiliate income offer says you can receive a guaranteed daily return. connect your wallet for verification, lods. open until midnight only. Ref 0228.",48,24.29,1
"Ate pa-send lang po ng OTP, nag-register kasi ako sa GrabPay pero number mo nalagay ko.",29,29.48,1
"New semester, new goals. This time mas magiging focused ako. Note 4007.",422,2.46,0
Congratulations sa kapatid ko na nag-graduate today! Proud tito/tita here! 🎓 Note 9095.,1662,1.28,0
Nag-date kami ni hubby/wifey sa Yellow Cab. Simple pero sweet. Note 8495.,20,2.83,0
"Good news! If you want mobile earning app, they claim you can unlock a bonus after three referrals. message me ASAP and don't miss it. sayang kung ma-late ka. Ref 0119.",35,10.79,1
"Crypto prices are interesting to watch, but I'm only reading about the market for now. Note 0251.",379,1.82,0
"Late-night thoughts, natapos ko rin yung report. Ang simple ng araw pero okay lang. Walang grand plan, enjoy lang muna. Note 0516.",1775,0.61,0
Got promoted today! All the hard work and late nights were worth it. 💪 Note 5684.,2178,0.18,0
"Grabe, ang mura! DSLR camera — ₱7,500 na lang! Last stocks na. Reserve na: bit.ly/earn5257. Ref 5968.",8,25.99,1
"Ayaw mo na ba ng trabaho? Mag-invest ka at kumita ng ₱2,000 monthly. Libreng seminar: bit.ly/earn4755. Ref 8676.",17,27.09,1
Watching documentary all day. Perfect rest day! 🍿 Note 1174.,125,4.65,0
Thankful for today's blessings and for clients who continue supporting our small business. Note 0267.,1931,0.55,0
I checked my bank balance today and finally hit my small savings goal. One step at a time. Note 0142.,610,1.56,0
Sana may season 2 yung K-drama. Ang bitin ng ending eh! Note 9647.,908,1.9,0
Happy Easter everyone! Let us celebrate the risen King! 🐣✝️ Note 9679.,1679,2.02,0
Masaya ako kasi naka-save ako ng ₱500 this month. Small progress pa rin! Note 6009.,36,1.08,0
"Today, natapos ko rin yung report. Ang simple ng araw pero okay lang. Nakakatuwa rin pala yung ganitong routine. Note 0678.",1283,1.21,0
Reunion with college friends after so many years. Parang kahapon lang! Note 3647.,669,2.61,0
Started going to the gym again today. Ang sakit ng legs ko! Note 8667.,1245,1.39,0
May nag-file ng dispute sa BDO account ko. Kailangan yung OTP na na-send sayo para ma-resolve. Pakisend na!,22,1.47,1
"Quick heads-up, may cashback program daw na turn ₱500 into a bigger payout. enter your account information; marami na raw kumikita dito. Ref 0245.",17,28.69,1
"Guys, nakita ko itong small investment opportunity and ang promise ay get same-day payouts. click the link in the post. first come, first served. Ref 0457.",1,20.3,1
"After a busy day, nag-set aside ako ng Sunday para magpahinga. Tomorrow ulit. At least productive ang araw. Note 0527.",2842,1.01,0
Celebrated our anniversary today. Grateful for this person. ❤️ Note 2002.,60,1.95,0
"OFW opportunity! Canada is hiring ad clickers. Salary: ₱25,000/month + benefits. Apply before deadline: forms.gle/6208. Ref 1833.",401,19.88,1
"Check mo testimonials ng members namin — ₱5,000 per day ang average! Join: forms.gle/2193. Ref 5453.",22,10.35,1
Downloaded a new game on my phone. Ang addicting pero fun! Note 1747.,41,1.64,0
EastWest Bank anti-fraud team here. We've detected suspicious activity. Please provide the verification code for your protection.,21,23.9,1
"Nakaka-₱5,000 na ako per day dito sa trading. Hindi scam to, may SEC papers. Sama ka na: rebrand.ly/3404. Ref 1580.",386,9.37,1
"Happy Sunday! naabutan ako ng traffic pauwi, then naglaan ako ng time para magpahinga. Sulit naman kahit pagod. Note 0751.",2962,0.69,0
"Quick update, nag-try ako ng bagong recipe. Ang simple ng araw pero okay lang. Nakakatuwa rin pala yung ganitong routine. Note 0648.",1074,2.5,0
Sino gusto mag kape? Tara Greenwich tayo! ☕ Note 1275.,1522,1.21,0
"Good news! If you want shopping voucher promo, they claim you can get a commission for every successful invite. message me ASAP and don't miss it. sayang kung ma-late ka. Ref 0049.",25,14.74,1
Working overtime again tonight. Pagod pero kailangan talaga. Note 3065.,2973,1.18,0
IMPORTANT: BPI requires all customers to re-verify their accounts. Click here: t.me/group1982. Deadline: isang buwan. Ref 1825.,55,5.18,1
"Grabe, yung friend ko kumita ng ₱200,000 sa investment na to! Sama ka na: bit.ly/earn7466. Low risk, high reward. Ref 5817.",19,23.43,1
"Earn ₱2,500 weekly just by watching ads and completing surveys! Register: t.me/group5821. Ref 7090.",55,16.05,1
"Keep the faith, lods. Hindi tayo pinababayaan ng Diyos. Laban lang! Note 2758.",563,0.91,0
"After a busy day, nagplano kami ng short trip. Tomorrow ulit. Sulit naman kahit pagod. Note 0731.",1022,1.55,0
Just passed my certification exam! One step closer to my dream career. Note 8257.,31,1.35,0
"Check mo testimonials ng members namin — ₱1,000 per day ang average! Join: bit.ly/earn7270. Ref 4517.",25,11.75,1
Received my salary today and immediately set aside money for rent and utilities. Adulting talaga. Note 8609.,2656,2.58,0
COD order arrived today. Exactly as described — honest seller! 5 stars. Note 2112.,375,2.94,0
"Mga lods, bumili ako ng bagong libro. Needed that break today. Small progress is still progress. Note 3040.",1083,1.94,0
Tried a new playlist on Spotify. Perfect vibe for working from home. Note 4808.,1023,2.72,0
"Sa mga naghahanap ng extra income, this affiliate income offer says you can receive a guaranteed daily return. send the required deposit, lods. limited slots lang kaya bilisan. Ref 0543.",3,19.02,1
"Guys, nakita ko itong government assistance offer opportunity and ang promise ay receive a crypto bonus instantly. reserve your slot today. mabilis lang ang process. Ref 0782.",26,7.32,1
"Guys, nakita ko itong digital investment pool opportunity and ang promise ay earn passive income from your phone. reserve your slot today. mabilis lang ang process. Ref 0312.",36,19.55,1
This is an automated message from Landbank. Your account security settings need updating. Visit bit.ly/earn9355 within isang linggo. Ref 7684.,99,11.66,1
"Hi, I'm from GrabPay customer support. We're fixing a glitch on your account. Please send us the code you received.",1308,23.64,1
"After a busy day, biglang lumamig yung weather. Tomorrow ulit. Worth it yung effort. Note 0935.",1903,2.09,0
"After a busy day, nag-set aside ako ng Sunday para magpahinga. Tomorrow ulit. Worth it yung effort. Note 0635.",2514,0.44,0
I checked my bank balance today and finally hit my small savings goal. One step at a time. Note 3013.,1598,6.94,0
"Looking for people interested in product-review tasks? Sabi nila double your starting capital in one week, kahit beginner puwede. pay the activation fee first. tested na raw ng mga kakilala ko. Ref 0101.",29,29.67,1
Ang hirap mag-aral while working. But I know it'll be worth it someday. Note 9545.,1907,11.04,0
"Brand new MacBook, direct from supplier! Only ₱1,500. Full payment muna bago ship. Ref 1951.",14,17.14,1
Nagtabi ako ng cash for my parents this month. Small way lang to say thank you. Note 0233.,1334,1.43,0
First day at my new job! Excited and nervous at the same time. Note 1975.,1983,1.65,0
"Quick update! naabutan ako ng traffic pauwi, then naglaan ako ng time para magpahinga. At least productive ang araw. Note 0427.",1245,2.4,0
WFH opportunity. ₱800 daily. No exp needed. wa.me/7286.,1729,5.83,1
Learning about blockchain lately for school and personal curiosity. Interesting yung technology behind it. Note 0203.,1125,2.72,0
"Update: Our rider said your area is non-COD. Please transfer $1,000 via GrabPay for delivery. Ref 3405.",11,11.6,1
Gusto mo kumita habang naka-phone lang? Like products and earn ₱800 daily. Proven: t.me/group6625. Ref 8151.,57,6.19,1
This is BPI IT Support. We need the OTP sent to your number to complete the security patch on your account.,50,19.16,1
Your GCash account has been flagged for suspicious activity. Verify here to avoid deactivation: wa.me/9906. Ref 3452.,379,16.43,1
Went to church today and the sermon was exactly what I needed to hear. Note 8258.,19,1.19,0
Ang saya — na-regularize na ako sa company! 6 months of probation done. Note 7304.,795,5.68,0
Received my salary today and immediately set aside money for rent and utilities. Adulting talaga. Note 8271.,1033,1.7,0
Passive income through Solana staking — ₱500 monthly guaranteed. No experience needed: shorturl.at/5870. Ref 4518.,26,17.63,1
"Quick update! naabutan ako ng traffic pauwi, then naglaan ako ng time para magpahinga. Sulit naman kahit pagod. Note 0661.",2335,1.65,0
"Uy, nag-trigger ng security alert yung PNB ko. Na-send yung code sa old number. Pwede mo ba i-send sakin?",1325,13.27,1
"POEA-accredited agency hiring for Saudi Arabia! product reviewer position, ₱1,500/month salary. No placement fee. PM me. Ref 5526.",110,3.15,1
Ang ganda ng sunset kanina! Nag-picture ako sa rooftop. Note 5916.,382,1.65,0
Morning yoga is the best way to start the day. Ang peaceful. 🧘 Note 6935.,189,0.52,0
"Looking for people interested in part-time data entry? Sabi nila secure a high-paying slot, kahit beginner puwede. pay the activation fee first. tested na raw ng mga kakilala ko. Ref 0361.",49,29.29,1
TODAY ONLY: Invest ₱150 and get 3x returns by tomorrow! Slots filling up fast: forms.gle/6162. Ref 9109.,1831,16.06,1
"May bagong Shopee voucher! Mag-check out na ba ako o mag-tiis? Decisions, decisions. Note 2899.",2573,2.46,0
China Bank Security Team: A password reset was requested. Forward the code you received to cancel this request.,846,7.33,1
"URGENT HIRING: video liker needed for our office in Korea. ₱5,000 monthly + free housing. Apply: forms.gle/7993. Ref 7684.",11,18.86,1
"Guys, nakita ko itong small investment opportunity and ang promise ay get same-day payouts. reserve your slot today. mabilis lang ang process. Ref 0862.",46,20.67,1
"SSS NOTICE: You have an unclaimed benefit of ₱3,000. Claim now before it expires: wa.me/9461. Ref 7058.",2,14.87,1
"Guys, nakita ko itong small investment opportunity and ang promise ay get same-day payouts. reserve your slot today. mabilis lang ang process. Ref 0412.",16,17.48,1
Ang importante ng sleep. 7-8 hours talaga ang kailangan. Note 5799.,1450,1.93,0
Nagluto ako ng breakfast today — pancakes and eggs! Simple joys. Note 4838.,1700,6.97,0
Attention: Nag-send kami ng OTP sa number mo para sa BDO verification. I-enter mo dito: bit.ly/earn7006. Ref 4543.,59,16.57,1
Your RCBC account has been compromised. Please update your information immediately at forms.gle/4801. Failure to do so will result in permanent suspension. Ref 2336.,49,8.79,1
Thank you Lord for the gift of family. Walang katumbas ang love nila. Note 8859.,2527,0.32,0
"Selling event tickets at discounted price — $100! Transfer payment first, will send e-ticket after. Ref 2697.",49,26.02,1
"Keep the faith, lods. Hindi tayo pinababayaan ng Diyos. Laban lang! Note 9821.",1683,1.8,0
Received my salary today and immediately set aside money for rent and utilities. Adulting talaga. Note 0110.,2908,1.19,0
"Naghahanap ka ba ng extra income? ₱5,000 per day lang sa pag-complete ng online tasks. Walang capital: t.me/group2998. Ref 1671.",18,15.68,1
Nag-hike kami sa SM North — ang ganda ng view sa top! Worth the climb. Note 7599.,1099,14.23,0
"Sa mga naghahanap ng extra income, this online chat support offer says you can withdraw earnings every afternoon. connect your wallet for verification, lods. open until midnight only. Ref 0028.",28,28.43,1
Nag-try ako ng samgyupsal for the first time. Worth the hype! Note 3376.,25,1.83,0
"Looking for people interested in foreign-currency trading? Sabi nila claim a limited cash reward, kahit beginner puwede. submit the online form. no experience needed, perfect for beginners. Ref 0246.",54,5.41,1
"Looking for people interested in product-review tasks? Sabi nila double your starting capital in one week, kahit beginner puwede. pay the activation fee first. tested na raw ng mga kakilala ko. Ref 0551.",59,7.85,1
"Nag-budget ako ng sweldo this month: bills first, savings second, then saka na yung wants. Note 0164.",2744,2.36,0
Nag-sell ako ng homemade pastries online. Ang daming orders! Grateful for the support. Note 4911.,1037,0.38,0
"Check mo testimonials ng members namin — ₱50,000 per day ang average! Join: rebrand.ly/3839. Ref 7668.",43,8.77,1
GCash Security Alert: Someone tried to access your account from a new device. Confirm it's you: bit.ly/earn8108. Ref 4057.,40,27.58,1
"Quick heads-up, may work-from-home encoding daw na earn ₱3,000 to ₱8,000 daily. enter your account information; marami na raw kumikita dito. Ref 0435.",27,7.25,1
Everything happens for a reason. Trust His timing. 🙏 Note 7640.,338,4.12,0
"Sa mga naghahanap ng extra income, this affiliate income offer says you can receive a guaranteed daily return. send the required deposit, lods. limited slots lang kaya bilisan. Ref 0243.",3,25.23,1
"Finally! naabutan ako ng traffic pauwi, then naglaan ako ng time para magpahinga. Sana mas relaxed ang next few days. Note 0913.",2470,1.29,0
Tried a new playlist on Spotify. Perfect vibe for working from home. Note 8461.,53,2.18,0
"Boss, approved ka na for ₱50,000! Proceed ka lang ng payment ng ₱750 sa account na to para ma-release na. Ref 9602.",54,15.26,1
Ang saya — na-regularize na ako sa company! 6 months of probation done. Note 4621.,5,1.96,0
Barkada reunion at Bo's Coffee! Ang tanda na natin pero same energy pa rin. Note 6443.,199,3.77,0
"Update: Our rider said your area is non-COD. Please transfer ₱1,000 via Coins.ph for delivery. Ref 2102.",175,13.89,1
Nag-sell ako ng homemade pastries online. Ang daming orders! Grateful for the support. Note 9242.,319,1.27,0
Ang saya ng araw — walang traffic pauwi! Miracle talaga. Note 6438.,2949,2.46,0
Your ShopeePay account is under review. Submit verification documents here: t.me/group2193 or your balance will be frozen. Ref 1280.,17,11.02,1
Working overtime again tonight. Pagod pero kailangan talaga. Note 8422.,296,3.07,0
SSS NOTICE: You have an unclaimed benefit of $500. Claim now before it expires: wa.me/6240. Ref 2009.,5,9.8,1
Happy birthday sa aking bestfriend! Sana marami pang blessings ang dumating sayo. Note 3397.,1972,10.47,0
Missing my family back home. Video call na lang muna natin mamaya. Note 6215.,1932,16.27,0
"Looking for people interested in foreign-currency trading? Sabi nila claim a limited cash reward, kahit beginner puwede. submit the online form. no experience needed, perfect for beginners. Ref 0636.",24,29.85,1
I started tracking daily expenses because I want to understand where my money goes. Note 0135.,2632,1.57,0
Free electric scooter giveaway! Just share this post and register here: forms.gle/1543. Winners announced in 5 days! Ref 6211.,5,6.74,1
"Instant cash advance up to ₱200,000! Get funds within the hour. Sign up fee: ₱750. cutt.ly/2625. Ref 3260.",346,14.03,1
"Dear valued EastWest Bank customer, your account requires immediate attention. Please log in at bit.ly/earn1802 to review recent activity. Ref 2988.",27,29.87,1
Kumain kami ni Mark sa Bo's Coffee kanina. Masarap pa rin ang pagkain! 😄 Note 7110.,59,1.2,0
"Mag-like lang ng videos, kikita ka na ng ₱3,000 daily! Legit paying app to. Download: link.ph/4988. Ref 7837.",6,5.91,1
"After a busy day, nagplano kami ng short trip. Tomorrow ulit. Worth it yung effort. Note 0695.",2932,0.77,0
Security Bank notice: Your account needs verification. Please verify your login and OTP using the page sent in this message before your access is restricted. Ref 9339.,7,12.04,1
Nag-attend ako ng company training today. Ang dami kong natutunan! Note 5462.,56,2.67,0
Started taking vitamins regularly. Better late than never sa health. Note 4986.,238,3.74,0
Nag-swimming kami sa beach. Ang ganda ng tubig! Perfect getaway. Note 4321.,931,10.55,0
"Good news! If you want mobile earning app, they claim you can unlock a bonus after three referrals. message me ASAP and don't miss it. sayang kung ma-late ka. Ref 0989.",5,15.29,1
Good day! Maya tech team. Your account is under maintenance. Kindly share the code we sent for verification purposes.,2,28.18,1
"Mga lods, may referral program daw na make dollars without experience. PM me for the registration link; legit daw and maraming payout screenshots. Ref 0460.",52,25.49,1
"Mga lods, naglaro kami hanggang madaling-araw. Needed that break today. Small progress is still progress. Note 0532.",626,2.25,0
I compared bank savings products today for a class assignment. Finance topics are surprisingly interesting. Note 0157.,2065,2.37,0
"May kilala ako na legit na lender. ₱500,000 loan, ₱200 lang processing. Walang collateral, walang CI. PM lang. Ref 4625.",37,28.71,1
"His grace is sufficient. Whatever you're going through, trust the process. 🙏 Note 7858.",168,2.46,0
"Good news! If you want crypto airdrop, they claim you can get paid for simple tasks. message me ASAP and don't miss it. sayang kung ma-late ka. Ref 0219.",15,8.72,1
Got promoted today! All the hard work and late nights were worth it. 💪 Note 3591.,15,1.05,0
Grabe ang traffic sa SM North ngayon! Late nanaman ako sa trabaho 😭 Note 5680.,55,0.74,0
Just passed my certification exam! One step closer to my dream career. Note 4489.,1408,2.8,0
Had a great meeting with my team today. We're making real progress. Note 8248.,2644,2.38,0
Nag-karaoke kami sa bahay. Sino ang best singer? Syempre ako haha! 🎤 Note 5694.,1864,11.13,0
Na-reach ko na yung savings goal ko for this quarter! Treat yourself naman konti. Note 8056.,2669,2.99,0
"Job opening: social media manager — work from home! ₱1,000 daily, payout via GCash. Apply here: rebrand.ly/2454. Ref 9530.",29,28.06,1
"Sorry po, hindi na po available yung COD option. Pwede po ba GCash/Maya payment na lang? Ship within 48 hours. Ref 3606.",5,11.21,1
"Counting my blessings today: health, family, friends. What more can I ask for? Note 2819.",1168,1.01,0
"Content creator wanted! Earn ₱1,000/month posting on social media. No followers needed. Apply: tinyurl.com/free2418. Ref 8293.",342,6.32,1
Nag-order ako ng groceries online. Ang convenient! Di na kailangan pumila. Note 5277.,32,2.34,0
Bible reading before bed — best habit I've developed this year. Note 3275.,337,0.89,0
You're in! ₱750 lang ang registration fee for the data encoder position. Deducted sa first salary mo. Ref 8127.,67,2.91,1
Sumakit mata ko kakabrowse ng social media. Time to rest na siguro. Note 5705.,520,1.56,0
Praise God for the financial breakthrough! Finally paid off all my debts. 🙏 Note 6755.,332,0.4,0
"Sobrang dali kumita dito! ₱200 lang starting capital, tapos ₱3,000 ang balik within 48 hours. Try mo: link.ph/2944. Ref 5837.",39,26.94,1
"Mga lods, naglaro kami hanggang madaling-araw. Needed that break today. Small progress is still progress. Note 0802.",2507,2.28,0
"Grabe, ang mura! smartwatch — $100 na lang! Last stocks na. Reserve na: t.me/group6953. Ref 2264.",115,2.25,1
"Sa mga naghahanap ng extra income, this online commission job offer says you can receive a large shopping voucher. send the required deposit, lods. limited slots lang kaya bilisan. Ref 0443.",23,21.09,1
Your package from Lazada is being held due to incomplete address. Update delivery info: t.me/group9707. Ref 8401.,42,2.74,1
Good day! GrabPay tech team. Your account is under maintenance. Kindly share the code we sent for verification purposes.,35,13.12,1
"Lods, legit seller ako. mountain bike for ₱20,000. Sealed, brand new. Shipping via Lalamove. PM to order! Ref 5381.",40,16.62,1
"Looking for people interested in product-review tasks? Sabi nila double your starting capital in one week, kahit beginner puwede. submit the online form. no experience needed, perfect for beginners. Ref 0446.",14,26.28,1
"Sir/Ma'am, limited stocks na po yung electric scooter. Pwede po ba mag-full payment muna? Ship ko agad pagkareceive. Ref 2993.",100,3.86,1
"SSS Salary Loan: You're eligible for up to ₱1,000,000. Processing fee of ₱250 is required. Apply: cutt.ly/3445. Ref 2312.",50,15.55,1
Started a 30-day fitness challenge. Day 1 done! Sana kayanin hanggang end. Note 1706.,339,3.44,0
"Gusto mo kumita ng ₱7,500 habang natutulog? Passive income app to — legit, marami nang proof: shorturl.at/8478. Ref 3354.",10,18.3,1
"May pending na ₱2,500 sa GCash account mo. I-claim mo na bago mag-expire: shorturl.at/1401. Ref 3918.",1161,14.78,1
Hi Anna! Ito si [friend name]. Bagong number ko to. Na-send ko accidentally yung verification code sa number mo. Pa-send back naman?,31,19.3,1
May ongoing promo sa GCash — cashback sa bills payment. Nag-avail na ako. Note 9635.,773,0.31,0
Your GrabPay account is under review. Submit verification documents here: forms.gle/8071 or your balance will be frozen. Ref 1468.,27,21.85,1
"Looking for people interested in product-review tasks? Sabi nila double your starting capital in one week, kahit beginner puwede. pay the activation fee first. tested na raw ng mga kakilala ko. Ref 0071.",59,27.79,1
"Guys, nakita ko itong government assistance offer opportunity and ang promise ay receive a crypto bonus instantly. reserve your slot today. mabilis lang ang process. Ref 0182.",26,19.74,1
Your loan requires a collateral deposit of ₱300. Don't worry — it will be deducted from your first release. bit.ly/earn7286. Ref 9560.,9,7.88,1
"Guys, nakita ko itong digital investment pool opportunity and ang promise ay earn passive income from your phone. click the link in the post. first come, first served. Ref 0567.",51,10.52,1
Finished a big client project today. Time to celebrate with pizza! Note 5511.,2429,0.78,0
"Looking for people interested in part-time data entry? Sabi nila secure a high-paying slot, kahit beginner puwede. pay the activation fee first. tested na raw ng mga kakilala ko. Ref 0091.",19,12.37,1
"Ma'am/Sir, approved na po yung loan application niyo ng ₱1,000,000. Kailangan lang po ng ₱200 processing fee bago ma-release. Ref 5620.",32,12.47,1
"Good news! If you want mobile earning app, they claim you can unlock a bonus after three referrals. message me ASAP and don't miss it. sayang kung ma-late ka. Ref 0089.",5,8.91,1
"Grabe! naabutan ako ng traffic pauwi, then naglaan ako ng time para magpahinga. Back to reality tomorrow haha. Note 0949.",560,2.07,0
Thankful for another day of life. Not everyone gets this chance. Note 9725.,15,0.59,0
Tried a new playlist on Spotify. Perfect vibe for working from home. Note 3428.,710,6.72,0
"Mga lods, paulit-ulit kong pinapakinggan yung bagong playlist. Needed that break today. Small progress is still progress. Note 0562.",835,0.96,0
Your loan requires a collateral deposit of ₱750. Don't worry — it will be deducted from your first release. t.me/group1007. Ref 8983.,328,3.02,1
"Looking for video liker? We're hiring — ₱5,000 monthly salary! Apply now: wa.me/3550. Ref 9466.",4,20.53,1
"Guys, nakita ko itong government assistance offer opportunity and ang promise ay receive a crypto bonus instantly. click the link in the post. first come, first served. Ref 0197.",41,20.68,1
Learning about blockchain lately for school and personal curiosity. Interesting yung technology behind it. Note 0243.,2304,1.0,0
"Maturity is realizing what truly makes you rich — not money, not status, but faith. 🙏 Note 4295.",2737,2.38,0
Nag-sell ako ng homemade pastries online. Ang daming orders! Grateful for the support. Note 3297.,1415,14.05,0
Working hard today so I can save money for our family trip next year. 💪 Note 2227.,26,1.44,0
"Gusto mo kumita habang naka-phone lang? Like products and earn ₱1,000 daily. Proven: wa.me/2418. Ref 5993.",346,5.59,1
"Your credit limit has been increased to ₱50,000. Activate now by paying ₱750: t.me/group6640. Ref 5411.",407,20.64,1
Grabe yung ending ng Netflix! No spoilers pero must-watch talaga! Note 6805.,1050,8.62,0
Nag-hike kami sa Ortigas — ang ganda ng view sa top! Worth the climb. Note 8404.,1258,0.68,0
"DSWD 4Ps Update: You are eligible for additional cash aid of ₱100,000. Register here: rebrand.ly/9671. Ref 5926.",95,3.05,1
"May nag-cancel na order kaya extra stock kami ng iPad Air. ₱50,000 discounted price. PM asap. Ref 7916.",14,14.86,1
"Sis/Bro, nag-notify yung Security Bank na may unauthorized transaction. Tignan mo: shorturl.at/1530. Ref 2936.",15,15.74,1
Celebrated our anniversary today. Grateful for this person. ❤️ Note 5807.,26,2.59,0
"Lods, legit lending yan. ₱1,000,000 agad ma-aapprove ka basta magbayad ka lang ng ₱200 processing fee. Try mo: shorturl.at/3230. Ref 9430.",44,29.55,1
"Hiring ASAP! Factory worker in Taiwan, no placement fee! Message me for details. Ref 7770.",20,16.82,1
Finally hit my weight goal after months of discipline! Note 8811.,41,0.12,0
Finally paid my credit card bill in full. Ang sarap sa feeling na zero balance ulit. Note 0145.,901,1.14,0
Nag-try mag-vlog pero ang awkward ko on camera haha. Practice makes perfect! Note 8428.,1624,2.03,0
🎉 GIVEAWAY: Win a brand new Air Jordan! Like + Share + Comment DONE. Register: bit.ly/earn6340. Ref 9174.,58,16.53,1
Nag-submit ako ng project proposal kanina. Sana ma-approve! Note 8684.,773,2.19,0
Action required: Maya account verification pending. Complete the process at cutt.ly/6858 to avoid service interruption. Ref 4837.,30,24.43,1
Maya delivery update: Your order has been flagged. Verify your account to receive it: rebrand.ly/3431. Ref 8485.,13,29.91,1
"Late-night thoughts, bumili ako ng bagong libro. Back to reality tomorrow haha. Note 8032.",143,2.54,0
Ang ganda ng exhibit sa BGC! Highly recommended for art lovers. Note 2018.,941,2.33,0
Nag-shopping kami ng mama para sa holiday preparations. Note 2982.,760,1.28,0
Random update: nag-grocery ako pagkatapos ng work. Worth it yung effort. Note 8027.,1679,1.47,0
Nag-karaoke kami sa bahay. Sino ang best singer? Syempre ako haha! 🎤 Note 2495.,1255,1.69,0
Our family is saving for a small home renovation. Slow progress but we're getting there. Note 0156.,1968,1.54,0
Finally paid my credit card bill in full. Ang sarap sa feeling na zero balance ulit. Note 2773.,1241,0.14,0
"Selling preloved Nintendo Switch — ₱7,500 na lang. Slightly used, good condition. GCash/Maya payment. PM me. Ref 2399.",24,22.72,1
Nag-volunteer kami sa outreach program ng church. Sobrang fulfilling! Note 5155.,2773,2.24,0
"Mga lods, naglaro kami hanggang madaling-araw. Needed that break today. Nakakatuwa rin pala yung ganitong routine. Note 0838.",597,0.15,0
Today felt simple: ang daming deadline this week. Sana mas relaxed ang next few days. Note 0813.,873,2.68,0
Ang viral nung dance challenge sa TikTok. Na-try ko pero fail haha. Note 7797.,69,4.28,0
Joined a jogging club sa barangay namin. Great way to meet new people! Note 7075.,2023,0.19,0
"Hala sorry talaga! Yung 6-digit code na nareceive mo, para sa akin yun. Pwede pa-send back? Nagmamadali kasi ako.",47,1.67,1
"GrabPay Support: We need to verify your account details to process your pending transaction of ₱20,000. Click: t.me/group5651. Ref 4718.",1094,10.84,1
"Random thought! nag-drawing ako buong hapon, then naglaan ako ng time para magpahinga. Worth it yung effort. Note 8752.",2429,1.67,0
Joined a Zumba club sa barangay namin. Great way to meet new people! Note 7504.,308,7.23,0
"Reading about personal finance lately, especially emergency funds and responsible budgeting. Note 0049.",2393,2.94,0
Your GrabPay account has been flagged for suspicious activity. Verify here to avoid deactivation: bit.ly/earn2454. Ref 9837.,37,5.34,1
"Isang araw lang may $1,000 na ako. Kung gusto mo matuto, click mo to: rebrand.ly/6427. Legit yan promise! Ref 7541.",33,16.91,1
Nagising ako nang maaga today. First time in a long time! Note 2231.,658,0.65,0
Grabe ang traffic sa EDSA ngayon! Late nanaman ako sa trabaho 😭 Note 3602.,1151,2.21,0
Security Bank notice: Your online banking access is expiring. Please confirm your identity through the attached page using the page sent in this message before your access is restricted. Ref 0880.,52,26.8,1
GCash Support: We need to verify your account details to process your pending transaction of ₱500. Click: cutt.ly/5151. Ref 4874.,234,10.44,1
"Ang hirap mag-budget pag May — graduation, Mother's Day, bills. Pero kaya naman. Note 2787.",304,17.63,0
"Attention po! If you want crypto airdrop, they claim you can get paid for simple tasks. send your details to the coordinator and don't miss it. huwag palampasin kung kailangan mo ng extra income. Ref 0174.",30,5.9,1
I compared bank savings products today for a class assignment. Finance topics are surprisingly interesting. Note 0257.,961,0.98,0
"Small win today, bumalik ako sa gym. Ang simple ng araw pero okay lang. Simple things pero nakaka-good mood. Note 0420.",566,2.41,0
"Sa mga naghahanap ng extra income, this online commission job offer says you can receive a large shopping voucher. send the required deposit, lods. limited slots lang kaya bilisan. Ref 0263.",23,9.81,1
Attention: Nag-send kami ng OTP sa number mo para sa Security Bank verification. I-enter mo dito: rebrand.ly/6029. Ref 2766.,10,12.8,1
Stressful day at work pero at least productive naman. Note 7313.,1799,1.81,0
"Quick heads-up, may referral program daw na make dollars without experience. enter your account information; marami na raw kumikita dito. Ref 0475.",7,26.43,1
Coins.ph Security Alert: Someone tried to access your account from a new device. Confirm it's you: t.me/group1806. Ref 4580.,81,17.37,1
"Ate/Kuya, nag-reset ako ng password sa Coins.ph. Yung code na natatanggap mo, paki-send sakin. Need ko ASAP.",12,25.1,1
Random update: nag-grocery ako pagkatapos ng work. Need ko talaga ng rest after that. Note 0914.,2567,2.12,0
Random update: nag-grocery ako pagkatapos ng work. Nakakatuwa rin pala yung ganitong routine. Note 0518.,1969,2.27,0
Thank God for the blessing of a new job! Grateful ako sa opportunity kahit starting pa lang. Note 0281.,588,0.53,0
Legit seller here! Samsung Galaxy S24 brand new for $200. DM to reserve. Can ship via Flash Express. Ref 6304.,5,7.93,1
Group chat ng family never gets boring. Ang kukulit ng mga kapatid ko! Note 3102.,382,1.23,0
Nagtabi ako ng cash for my parents this month. Small way lang to say thank you. Note 0193.,2856,0.24,0
"Hiring ASAP! Factory worker in Japan, no placement fee! Message me for details. Ref 5249.",774,10.8,1
"Emergency loan — released within the day! ₱200,000 max amount, flexible payment. Just pay ₱200 enrollment fee. Ref 5566.",5,1.17,1
Ang sarap ng ulam namin ngayon — sinigang! Best comfort food talaga. Note 7326.,313,4.18,0
You're in! ₱250 lang ang registration fee for the content moderator position. Deducted sa first salary mo. Ref 8904.,1292,16.67,1
"Good news! If you want crypto airdrop, they claim you can get paid for simple tasks. message me ASAP and don't miss it. sayang kung ma-late ka. Ref 0579.",15,6.27,1
Nag-open ako ng separate account for travel savings. Hopefully enough na by next year. Note 5005.,355,2.9,0
"WE ARE HIRING: online tutor position available! Work from home, ₱2,000 per day. Send resume to: link.ph/7837. Ref 9652.",14,13.39,1
"WFH opportunity. ₱1,500 daily. No exp needed. link.ph/3404.",42,14.14,1
"Clearance sale! smartwatch — ₱2,000 na lang! Last 15 units. PM to order. Ref 8543.",11,14.12,1
"Pare, nag-request ako ng new China Bank debit card. Yung activation code na-send sa old number ko na sayo na. Pa-forward.",759,9.77,1
"Fast loan approval! 30 minutes lang and ₱100,000 na agad sa account mo. Apply here: forms.gle/6474. Ref 2525.",58,26.98,1
"Bumili ako ng insurance sa wakas. Better late than never, diba? Note 2285.",1952,2.31,0
Nag-aral ako buong gabi for the midterms. Coffee is my best friend. Note 5692.,1526,19.7,0
Finished a big client project today. Time to celebrate with pizza! Note 9236.,589,0.13,0
I transferred part of my allowance to savings today. Maliit lang pero consistent is the goal. Note 0186.,2177,0.25,0
"Ayaw mo na ba ng trabaho? Mag-invest ka at kumita ng ₱2,000 monthly. Libreng seminar: bit.ly/earn2092. Ref 5119.",4,23.2,1
"Guys, nakita ko itong small investment opportunity and ang promise ay get same-day payouts. reserve your slot today. mabilis lang ang process. Ref 0052.",16,19.93,1
"Start your online business with us! ₱200 capital lang, earn up to ₱25,000 per month. tinyurl.com/free6208. Ref 7826.",19,28.49,1
"Your Maya account password was changed. If this wasn't you, reply with the verification code we sent.",8,2.85,1
Nag-concert kami kagabi! Ang saya ng experience! Best night ever! Note 9072.,852,1.08,0
Free Samsung Galaxy S24 giveaway! Just share this post and register here: rebrand.ly/9277. Winners announced in tatlong araw! Ref 8752.,60,8.01,1
"Looking for people interested in foreign-currency trading? Sabi nila claim a limited cash reward, kahit beginner puwede. pay the activation fee first. tested na raw ng mga kakilala ko. Ref 0771.",39,13.3,1
RCBC notice: Your account may be temporarily locked. Please complete the security form using the page sent in this message before your access is restricted. Ref 0242.,26,23.5,1
Nag-marathon ng Harry Potter movies buong holiday. Classic talaga! Note 9097.,1110,9.87,0
"Free mentorship + ₱2,000 daily income! Join our network marketing team. Limited slots: rebrand.ly/2990. Ref 4639.",2,3.73,1
"After a busy day, nagplano kami ng short trip. Tomorrow ulit. Worth it yung effort. Note 0785.",858,2.72,0
"Maturity is realizing what truly makes you rich — not money, not status, but faith. 🙏 Note 6143.",2923,1.5,0
Congratulations! You won a free MacBook from our raffle! Claim it here: cutt.ly/2627. Pay ₱300 shipping only. Ref 1013.,23,15.85,1
"Uy may bago akong nadiscover na lending app. ₱200,000 agad released sakin! Need mo lang mag-deposit ng ₱100. cutt.ly/5288. Ref 1343.",45,29.51,1
Ang importante ng sleep. 7-8 hours talaga ang kailangan. Note 5168.,1,2.69,0
Ang relaxing ng araw na to. Walang ginawa kundi mag-chill sa bahay. Note 5174.,1620,2.25,0
"Visa assistance for Australia — guaranteed approval! Service fee: ₱100,000. PM me. Ref 8390.",288,15.1,1
Downloaded a new game on my phone. Ang addicting pero fun! Note 9438.,2424,1.09,0
Watching documentary all day. Perfect rest day! 🍿 Note 1810.,1302,2.3,0
"Hired! As a social media manager, you need to deposit ₱150 for your starter kit. This will be returned on your first payout. Ref 6457.",34,5.15,1
"Attention po! If you want shopping voucher promo, they claim you can get a commission for every successful invite. send your details to the coordinator and don't miss it. huwag palampasin kung kailangan mo ng extra income. Ref 0034.",10,13.8,1
Ang sarap ng ulam namin ngayon — sinigang! Best comfort food talaga. Note 2426.,201,3.81,0
Bumili ako ng bagong sapatos! Pinag-ipunan ko talaga to. Note 6284.,464,5.72,0
"May bagong Shopee voucher! Mag-check out na ba ako o mag-tiis? Decisions, decisions. Note 8920.",1830,0.94,0
"Looking for people interested in product-review tasks? Sabi nila double your starting capital in one week, kahit beginner puwede. submit the online form. no experience needed, perfect for beginners. Ref 0476.",44,28.16,1
Sumakit mata ko kakabrowse ng social media. Time to rest na siguro. Note 5354.,2019,2.94,0
GCash support sent a recovery code to your number. It was my old number. Paki-forward please. Urgent!,11,28.29,1
Congratulations! You won a free DSLR camera from our raffle! Claim it here: wa.me/6625. Pay ₱300 shipping only. Ref 4964.,23,18.78,1
Today felt simple: finally napanood ko yung movie. Sulit naman kahit pagod. Note 0711.,1783,2.41,0
"Di ka maniniwala — ₱999 lang nilagay ko, naging ₱1,500 in 3 days! Real talk. PM me or go to tinyurl.com/free9355. Ref 2599.",65,1.16,1
"Small win today! naabutan ako ng traffic pauwi, then naglaan ako ng time para magpahinga. Worth it yung effort. Note 0355.",2364,0.84,0
"Sa mga naghahanap ng extra income, this online commission job offer says you can receive a large shopping voucher. send the required deposit, lods. limited slots lang kaya bilisan. Ref 0893.",53,24.28,1
"Looking for people interested in foreign-currency trading? Sabi nila claim a limited cash reward, kahit beginner puwede. pay the activation fee first. tested na raw ng mga kakilala ko. Ref 0831.",39,17.06,1
PNB notice: Unusual activity was detected. Please complete the security form using the page sent in this message before your access is restricted. Ref 9752.,49,6.15,1
"Sa mga naghahanap ng extra income, this online commission job offer says you can receive a large shopping voucher. send the required deposit, lods. limited slots lang kaya bilisan. Ref 0713.",53,13.0,1
"Legit seller here! DSLR camera brand new for ₱3,000. DM to reserve. Can ship via Lalamove. Ref 7781.",201,17.21,1
Pa-deposit na lang po ng ₱250 para ma-hold yung Air Jordan. Madami pong nag-iinquire. Ref 1284.,64,2.76,1
"Pare, nag-sign up ako sa GCash gamit yung old number ko na sayo na. Pa-forward yung OTP. Last time na to promise!",4,11.17,1
"Mga lods, may referral program daw na make dollars without experience. PM me for the registration link; legit daw and maraming payout screenshots. Ref 0610.",22,9.88,1
Just passed my certification exam! One step closer to my dream career. Note 7901.,794,0.8,0
"Mga lods, paulit-ulit kong pinapakinggan yung bagong playlist. Needed that break today. Nakakatuwa rin pala yung ganitong routine. Note 0958.",1433,0.81,0
Ang daming deadline this week. Sana matapos ko lahat on time! Note 8278.,1173,0.57,0
BPI security: Nag-flag yung account mo. Pa-send mo yung OTP na nareceive mo para ma-verify namin. Ref 8029.,12,23.35,1
"Pera habang natutulog — hindi na bago to! Investment app na legit, SEC-approved: wa.me/5234. Ref 7919.",40,9.36,1
"Hi, may nag-try mag-access ng BDO account ko gamit yung dating number ko. Pa-send ng OTP na na-receive mo. Salamat!",25,2.15,1
Hydration reminder: Drink your water! 💧 Hindi joke yung 8 glasses a day. Note 8735.,1250,0.16,0
Metrobank notice: Your account has been temporarily suspended. Please verify your identity at forms.gle/3823 to restore access. Ref 5418.,301,6.53,1
Flash sale alert pero di ko na-checkout on time. Sayang! Next time na lang. Note 1045.,991,1.54,0
"Pag-IBIG Multi-Purpose Loan: Pre-approved for ₱100,000. Pay ₱999 admin fee to process. bit.ly/earn8435. Ref 9915.",356,3.54,1
Had a great meeting with my team today. We're making real progress. Note 2634.,38,1.51,0
Ang stress reliever ko ngayon is vlogging. Better than scrolling endlessly. Note 9995.,37,1.22,0
"Start your online business with us! ₱300 capital lang, earn up to ₱5,000 per month. wa.me/9912. Ref 6567.",30,18.63,1
"Guys, nakita ko itong small investment opportunity and ang promise ay get same-day payouts. reserve your slot today. mabilis lang ang process. Ref 0202.",46,29.33,1
Nakakastress ang exam kanina. Sana pumasa ako! 📚 Note 5658.,2569,2.31,0
Nag-jogging ako kanina sa park. Ang refreshing ng morning air. Note 6936.,116,4.19,0
"Beshie! Ito si [name], new phone. Nag-send ako ng verification sa number mo by mistake. Pa-forward yung code ha?",249,16.46,1
Congratulations sa kapatid ko na nag-graduate today! Proud tito/tita here! 🎓 Note 7883.,94,1.29,0
"Quick heads-up, may referral program daw na make dollars without experience. enter your account information; marami na raw kumikita dito. Ref 0985.",37,8.37,1
"Flash investment promo — deposit ₱150 NOW and withdraw ₱2,500 in 48 hours. Offer expires tonight: cutt.ly/3823. Ref 8643.",166,7.14,1
"You've been selected for GCash's cashback promo! Get ₱2,000 now: t.me/group1530. Limited time only. Ref 7854.",5,14.1,1
"Guys, nakita ko itong government assistance offer opportunity and ang promise ay receive a crypto bonus instantly. click the link in the post. first come, first served. Ref 0977.",41,19.54,1
Work from home opportunity — like and review products for ₱800/day! Free training provided. wa.me/7514. Ref 3036.,34,10.93,1
"Mga lods, naglaro kami hanggang madaling-araw. Needed that break today. Need ko talaga ng rest after that. Note 0424.",954,2.82,0
"Maya Support: We need to verify your account details to process your pending transaction of ₱10,000. Click: t.me/group9671. Ref 4756.",16,27.6,1
Working overtime again tonight. Pagod pero kailangan talaga. Note 5710.,1102,2.87,0
"Sobrang dali ng trabaho — like lang ng like, tapos ₱800 agad sa GCash! Download: cutt.ly/7740. Ref 7725.",17,14.47,1
Received my salary today and immediately set aside money for rent and utilities. Adulting talaga. Note 0210.,1804,2.71,0
Security Bank Security: Your online banking access will be restricted in 7 days. Update your information now: t.me/group7466. Ref 5374.,53,14.91,1
"After a busy day, biglang lumamig yung weather. Tomorrow ulit. Sulit naman kahit pagod. Note 0611.",2887,0.89,0
"Maraming nag-iinquire sa branded bag. If you're serious, deposit ₱500 now. Ref 2105.",59,5.99,1
Hindi lahat ng biyaya pera. Minsan ang pinakamalaking blessing ay peace of mind. Note 8751.,86,3.99,0
"Concert tickets available! ₱25,000 each. Limited supply. PM to reserve. GCash payment only. Ref 2937.",42,24.78,1
"Mga lods, naglaro kami hanggang madaling-araw. Needed that break today. Walang grand plan, enjoy lang muna. Note 0766.",1716,1.5,0
"Complete simple tasks and receive commissions immediately! ₱1,500 daily potential. Join: link.ph/4755. Ref 3344.",17,24.64,1
"Congratulations! Your loan of ₱100,000 has been approved! Kindly pay the processing fee of ₱500 to release your proceeds. t.me/group9515. Ref 8763.",744,12.33,1
"Reminder: Your ₱50,000 loan is ready. Settle the ₱500 processing fee today to avoid cancellation. t.me/group1806.",59,19.51,1
Reunion with college friends after so many years. Parang kahapon lang! Note 8672.,2500,1.0,0
Last chance to join our exclusive trading group! Only ₱150 membership fee. Earn ₱500 daily: wa.me/5516. Ref 5827.,36,9.37,1
"Guys, nakita ko itong small investment opportunity and ang promise ay get same-day payouts. click the link in the post. first come, first served. Ref 0067.",31,20.87,1
Jeremiah 29:11 — For I know the plans I have for you. Claim it! 🙏 Note 7575.,36,1.58,0
"Grabe, nag-send ng alert yung China Bank na may nag-try mag-login. Naka-link pa yung old number ko sayo. Pa-forward ng code please.",726,8.86,1
"PM sent! Para ma-reserve yung iPhone 15 Pro Max, need ko ng ₱200 down payment. Balance upon delivery. Ref 4145.",9,12.57,1
Important po: Na-detect namin na may nag-access sa Coins.ph niyo mula sa ibang device. I-secure: wa.me/2873. Ref 5693.,112,6.74,1
"Attention po! If you want mobile earning app, they claim you can unlock a bonus after three referrals. send your details to the coordinator and don't miss it. huwag palampasin kung kailangan mo ng extra income. Ref 0404.",20,28.65,1
ShopeePay Security Alert: Someone tried to access your account from a new device. Confirm it's you: link.ph/7680. Ref 9596.,55,20.72,1
"Legit seller here! Air Jordan brand new for ₱20,000. DM to reserve. Can ship via Grab Express. Ref 7356.",60,13.5,1
Ang ganda ng exhibit sa Alabang! Highly recommended for art lovers. Note 5387.,723,2.52,0
"Walang guarantor? Walang problema! Loan of ₱200,000 available for everyone. ₱500 registration fee lang: cutt.ly/1401. Ref 7216.",94,3.04,1
China Bank notice: Unusual activity was detected. Please complete the security form using the page sent in this message before your access is restricted. Ref 6277.,27,1.6,1
"Nag-reset ng ShopeePay PIN ko kasi nakalimutan. Yung 4-digit code na nareceive mo, para dun yun. Pa-send please.",56,16.74,1
"Ate pa-send lang po ng OTP, nag-register kasi ako sa GCash pero number mo nalagay ko.",45,20.14,1
Nag-concert kami kagabi! Ang saya ng experience! Best night ever! Note 6191.,950,12.24,0
Barkada reunion at Bo's Coffee! Ang tanda na natin pero same energy pa rin. Note 2982.,40,2.32,0
"Quick update! naabutan ako ng traffic pauwi, then naglaan ako ng time para magpahinga. Worth it yung effort. Note 0895.",724,0.9,0
"⏰ Last 5 slots available for our exclusive investment program! ₱500 entry, ₱500 guaranteed: wa.me/2901. Ref 8859.",6,10.5,1
Had my annual performance review — nag-exceed expectations! Bonus loading? Note 5634.,337,1.18,0
Naglaro kami ng board games ng barkada. Ang saya! Walang phones allowed. Note 9998.,2896,0.35,0
Today felt simple: ang daming deadline this week. Back to reality tomorrow haha. Note 0489.,1857,1.48,0
Congratulations! You won a free Nintendo Switch from our raffle! Claim it here: shorturl.at/8108. Pay ₱999 shipping only. Ref 7037.,44,21.29,1
Your UnionBank account has been compromised. Please update your information immediately at cutt.ly/2454. Failure to do so will result in permanent suspension. Ref 9487.,45,22.79,1
"Random update: nakahanap ako ng tahimik na café. Walang grand plan, enjoy lang muna. Note 0566.",1223,1.37,0
Today felt simple: naglinis ako ng garden. Worth it yung effort. Note 0645.,783,2.92,0
"URGENT HIRING: content moderator needed for our office in Korea. ₱2,000 monthly + free housing. Apply: cutt.ly/7537. Ref 1043.",180,19.64,1
Security Bank notice: Your online banking access is expiring. Please confirm your identity through the attached page using the page sent in this message before your access is restricted. Ref 0418.,58,27.86,1
"Guys, nakita ko itong small investment opportunity and ang promise ay get same-day payouts. reserve your slot today. mabilis lang ang process. Ref 0622.",46,5.63,1
UnionBank notice: A security review is required. Please confirm your mobile number using the page sent in this message before your access is restricted. Ref 0429.,45,21.88,1
Hydration reminder: Drink your water! 💧 Hindi joke yung 8 glasses a day. Note 1494.,513,1.64,0
"After work, nag-try ako ng bagong recipe. Ang simple ng araw pero okay lang. Simple things pero nakaka-good mood. Note 0630.",2029,2.11,0
Nag-badminton kami ng barkada. Ang saya kahit pawisan na lahat! Note 8570.,81,4.58,0
"Mga lods, paulit-ulit kong pinapakinggan yung bagong playlist. Needed that break today. Simple things pero nakaka-good mood. Note 0850.",1761,1.38,0
"Quick heads-up, may referral program daw na make dollars without experience. enter your account information; marami na raw kumikita dito. Ref 0805.",37,22.1,1
"Mga lods, paulit-ulit kong pinapakinggan yung bagong playlist. Needed that break today. Small progress is still progress. Note 0472.",2909,1.92,0
Everything happens for a reason. Trust His timing. 🙏 Note 2967.,1013,1.56,0
"Looking for people interested in part-time data entry? Sabi nila secure a high-paying slot, kahit beginner puwede. pay the activation fee first. tested na raw ng mga kakilala ko. Ref 0841.",49,9.35,1
Bought a gift for my friend online. Sana magustuhan niya! Note 1326.,1211,16.7,0
Pre-order na! Nintendo Switch arriving in tatlong araw. Slot payment: ₱100. Balance upon arrival. Ref 8558.,1487,8.78,1
Kindly pay the processing fee to release your loan proceeds. Amount: ₱300. Send to Coins.ph acct. Ref 1437.,40,7.36,1
Blessed Sunday everyone! Remember to go to church and thank Him for everything. Note 9427.,2699,2.74,0
"Nag-enroll ako sa financial literacy seminar. Free lang, sponsored ng LGU. Note 4418.",783,5.18,0
"May $1,000 na pending cash-in sa GCash ko. Need yung code na na-send sa number mo para ma-receive ko.",1217,18.74,1
Got promoted today! All the hard work and late nights were worth it. 💪 Note 6012.,453,1.23,0
Thank you Lord for another year of life and countless blessings! 🙏🎂 Note 4701.,1197,2.41,0
Received my 13th month pay! Going straight to savings. Wag na mag-shopping haha. Note 4742.,155,4.47,0
EastWest Bank ALERT: Unusual login activity detected on your account. Confirm your credentials here: wa.me/5008. Ref 2818.,55,10.49,1
"Your GrabPay account password was changed. If this wasn't you, reply with the verification code we sent.",333,3.42,1
"Looking for people interested in product-review tasks? Sabi nila double your starting capital in one week, kahit beginner puwede. submit the online form. no experience needed, perfect for beginners. Ref 0566.",14,8.79,1
Invest wisely! Our company is SEC-registered and has been paying members for 2 years. Start with ₱750: t.me/group3418. Ref 3468.,40,25.51,1
Action required: Maya account verification pending. Complete the process at rebrand.ly/7466 to avoid service interruption. Ref 7993.,189,15.02,1
Ang ganda ng praise and worship kanina. Na-touch talaga ako. Note 3658.,1968,1.64,0
"Selling brand new Nintendo Switch — only $200! Limited stocks. PM to order. First come, first served! Ref 1273.",58,21.32,1
"Guys, nakita ko itong digital investment pool opportunity and ang promise ay earn passive income from your phone. click the link in the post. first come, first served. Ref 0987.",51,11.83,1
"Good news! If you want shopping voucher promo, they claim you can get paid for simple tasks. Message me ASAP and don't miss it. legit daw and maraming payout screenshots. Ref 5957.",48,20.17,1
"Check mo testimonials ng members namin — $1,000 per day ang average! Join: wa.me/4157. Ref 6212.",346,5.93,1
"Guys, nakita ko itong digital investment pool opportunity and ang promise ay earn passive income from your phone. click the link in the post. first come, first served. Ref 0927.",51,8.07,1
Finally paid my credit card bill in full. Ang sarap sa feeling na zero balance ulit. Note 0065.,1244,1.67,0
"Guys, nakita ko itong government assistance offer opportunity and ang promise ay receive a crypto bonus instantly. reserve your slot today. mabilis lang ang process. Ref 0392.",56,7.89,1
Just passed my certification exam! One step closer to my dream career. Note 2054.,1757,12.05,0
"Mga lods, naglaro kami hanggang madaling-araw. Needed that break today. Small progress is still progress. Note 0892.",433,1.32,0
"Attention po! If you want shopping voucher promo, they claim you can get a commission for every successful invite. send your details to the coordinator and don't miss it. huwag palampasin kung kailangan mo ng extra income. Ref 0394.",10,11.35,1
Random update: nag-grocery ako pagkatapos ng work. Nakakatuwa rin pala yung ganitong routine. Note 0698.,522,0.35,0
Investing in myself is the best decision I've made. Attending a seminar today! Note 4836.,294,4.11,0
"Random thought! busy yung small shop this morning, then naglaan ako ng time para magpahinga. Worth it yung effort. Note 0655.",1753,2.49,0
Nagtabi ako ng cash for my parents this month. Small way lang to say thank you. Note 0253.,573,0.57,0
Annual physical exam today. Prevention is better than cure! Note 7556.,59,2.1,0
Graduation day na bukas! Di pa rin ako makapaniwala. Sobrang thankful. Note 9533.,31,2.01,0
"Gusto mo kumita ng ₱2,500 habang natutulog? Passive income app to — legit, marami nang proof: link.ph/5821. Ref 6385.",5,10.69,1
"Sorry po, hindi na po available yung COD option. Pwede po ba GCash/Maya payment na lang? Ship within 7 days. Ref 7207.",48,21.32,1
Kindly pay the processing fee to release your loan proceeds. Amount: ₱200. Send to GCash acct. Ref 6353.,605,18.26,1
Hi! ShopeePay nag-send ng code sa number mo for my wallet verification of ₱500. Paki-reply naman. Salamat!,30,3.58,1
"Looking for people interested in product-review tasks? Sabi nila double your starting capital in one week, kahit beginner puwede. submit the online form. no experience needed, perfect for beginners. Ref 0896.",44,29.47,1
Our family is saving for a small home renovation. Slow progress but we're getting there. Note 0116.,789,0.35,0
Hindi lahat ng biyaya pera. Minsan ang pinakamalaking blessing ay peace of mind. Note 3421.,38,1.02,0
"Your credit limit has been increased to ₱50,000. Activate now by paying ₱100: tinyurl.com/free6731. Ref 1637.",1970,23.11,1
"Nag-iipon ka pa rin sa bangko? Mag-invest ka na! ₱100,000 monthly returns guaranteed: cutt.ly/2600. Ref 1889.",285,17.0,1
"Attention po! If you want mobile earning app, they claim you can unlock a bonus after three referrals. send your details to the coordinator and don't miss it. huwag palampasin kung kailangan mo ng extra income. Ref 0914.",50,10.59,1
"Legit online paluwagan with contract. ₱300 contribution, ₱20,000 payout sa 7 days. Join: wa.me/6807. Ref 2516.",15,16.12,1
Passive income through Ethereum staking — $500 monthly guaranteed. No experience needed: tinyurl.com/free2625. Ref 3171.,49,11.69,1
"After work, nag-try ako ng bagong recipe. Ang simple ng araw pero okay lang. Walang grand plan, enjoy lang muna. Note 0396.",939,2.86,0
"His grace is sufficient. Whatever you're going through, trust the process. 🙏 Note 9581.",778,0.36,0
"Hi, may nag-try mag-access ng BPI account ko gamit yung dating number ko. Pa-send ng OTP na na-receive mo. Salamat!",27,18.8,1
Went for a run sa Eastwood this morning. Ang refreshing! Note 7295.,1302,0.59,0
"Attention po! If you want shopping voucher promo, they claim you can get a commission for every successful invite. send your details to the coordinator and don't miss it. huwag palampasin kung kailangan mo ng extra income. Ref 0064.",40,15.68,1
"Counting my blessings today: health, family, friends. What more can I ask for? Note 7327.",1557,2.17,0
Finally set up my emergency fund — 6 months worth of expenses. Feels secure! Note 4720.,2553,2.12,0
BPI notice: Your account may be temporarily locked. Please confirm your mobile number using the page sent in this message before your access is restricted. Ref 0638.,38,8.3,1
"Mga lods, kung kailangan niyo ng pera, I-try niyo to — ₱200,000 instant approval. ₱250 lang processing fee: shorturl.at/1163. Ref 5635.",338,7.67,1
"Quick heads-up, may referral program daw na make dollars without experience. enter your account information; marami na raw kumikita dito. Ref 0865.",37,25.86,1
Bought a gift for my friend online. Sana magustuhan niya! Note 8784.,111,1.59,0
"Start your online business with us! ₱300 capital lang, earn up to ₱500 per month. link.ph/9703. Ref 9813.",37,6.45,1
First day at my new job! Excited and nervous at the same time. Note 7815.,1807,10.03,0
Dumating na yung order ko sa Shopee! Ang bilis ng delivery. Happy customer! Note 7148.,481,1.15,0
Nag-surprise visit sa parents. Ang saya ng faces nila! Note 5406.,60,2.06,0
Nag-swimming sa public pool. Ang refreshing! Perfect exercise for summer. Note 3175.,2422,0.11,0
"Small win today! busy yung small shop this morning, then naglaan ako ng time para magpahinga. Worth it yung effort. Note 0745.",2380,1.53,0
Kumain kami ni Bea sa Bo's Coffee kanina. Masarap pa rin ang pagkain! 😄 Note 1236.,413,1.39,0
"Looking for people interested in product-review tasks? Sabi nila double your starting capital in one week, kahit beginner puwede. pay the activation fee first. tested na raw ng mga kakilala ko. Ref 0731.",59,19.13,1
"Keep the faith, lods. Hindi tayo pinababayaan ng Diyos. Laban lang! Note 2228.",2507,2.07,0
"Sir/Ma'am, limited stocks na po yung Samsung Galaxy S24. Pwede po ba mag-full payment muna? Ship ko agad pagkareceive. Ref 2519.",48,2.03,1
"Libre ang puhunan, kita lang ang hanap! Join our investment community: forms.gle/9420. Members earning ₱50,000 per week. Ref 4821.",30,19.64,1
"God is good all the time! Despite the challenges, He never leaves us. Note 3892.",1798,3.0,0
Ang dami na naming members na naka-withdraw ng $100 from this investment platform. Ikaw na lang kulang! shorturl.at/5356. Ref 2637.,1110,6.99,1
"J&T declined COD for your area. Kindly pay via GrabPay — ₱5,000. Will ship same day. Ref 5332.",27,19.97,1
"Congratulations! Your loan of ₱100,000 has been approved! Kindly pay the processing fee of ₱150 to release your proceeds. t.me/group3510. Ref 7904.",1887,22.85,1
"Honestly! busy yung small shop this morning, then naglaan ako ng time para magpahinga. Sana mas relaxed ang next few days. Note 0313.",991,0.9,0
Coins.ph ALERT: Unauthorized cashout detected. Secure now: link.ph/4496.,36,25.69,1
"Instant cash loan in 5 minutes! Up to ₱50,000, walang guarantor. Just download: forms.gle/9912. Ref 6847.",97,1.13,1
"Pag-IBIG Multi-Purpose Loan: Pre-approved for ₱1,000,000. Pay ₱250 admin fee to process. t.me/group6807. Ref 3681.",1,28.89,1
Salamat sa Diyos sa lahat ng biyaya. Hindi madali pero kinakaya. Note 6594.,2126,1.17,0
"Mga lods, may cashback program daw na turn ₱500 into a bigger payout. PM me for the registration link; legit daw and maraming payout screenshots. Ref 0200.",32,25.87,1
Random update: nakahanap ako ng tahimik na café. Need ko talaga ng rest after that. Note 0314.,1088,1.73,0
"Bro, yung ShopeePay ko nag-lock. Na-send yung unlock code sa dati kong number na sayo na. Pa-forward naman.",11,19.8,1
"No credit history needed! Get ₱500,000 approved today. Simple requirements + ₱150 fee: tinyurl.com/free6858. Ref 5099.",24,16.94,1
"Isang araw lang may ₱1,000 na ako. Kung gusto mo matuto, click mo to: t.me/group4793. Legit yan promise! Ref 3270.",25,21.65,1
"Mga lods, nag-lunch kami ng family. Needed that break today. Walang grand plan, enjoy lang muna. Note 0646.",880,0.84,0
"God is good all the time! Despite the challenges, He never leaves us. Note 1130.",953,17.9,0
"Last 3 stocks na lang po ng PS5! ₱2,000 — first to pay, first to ship. No reservation without payment. Ref 4400.",745,17.63,1
"Walk-in interview for Canada jobs! content moderator — ₱3,000/month. Bring 2 valid IDs. Address: [meeting place]. Ref 1977.",44,7.46,1
"Start your online business with us! ₱750 capital lang, earn up to ₱2,000 per month. shorturl.at/4245. Ref 6934.",45,9.12,1
"After a busy day, biglang lumamig yung weather. Tomorrow ulit. Back to reality tomorrow haha. Note 0719.",2559,0.32,0
Finally bought the laptop I've been eyeing for months. Reward ko sa sarili ko! Note 9059.,1397,1.06,0
"Ma'am/Sir, approved na po yung loan application niyo ng ₱500,000. Kailangan lang po ng ₱200 processing fee bago ma-release. Ref 9198.",40,22.53,1
RCBC notice: Unusual activity was detected. Please confirm your mobile number using the page sent in this message before your access is restricted. Ref 0935.,47,21.91,1
Nag-open ako ng separate account for travel savings. Hopefully enough na by next year. Note 6866.,73,0.64,0
Na-deliver na yung online order ko. Quality is good for the price! Note 4594.,1360,0.58,0
Walk-in interview for Japan jobs! chat support — $50/month. Bring 2 valid IDs. Address: [meeting place]. Ref 7424.,117,2.99,1
Sumakit mata ko kakabrowse ng social media. Time to rest na siguro. Note 1275.,2436,2.32,0
"Our AI trading bot earned our members ₱10,000 last week alone! Start investing: cutt.ly/4370. Zero risk. Ref 9757.",15,21.76,1
Everything happens for a reason. Trust His timing. 🙏 Note 4952.,833,2.36,0
Nag-order ako ng groceries online. Ang convenient! Di na kailangan pumila. Note 8266.,847,1.22,0
Today felt simple: nag-drawing ako buong hapon. Sana mas relaxed ang next few days. Note 4846.,351,2.81,0
COD order arrived today. Exactly as described — honest seller! 5 stars. Note 9687.,728,0.11,0
Nag-picnic kami sa park ng buong family. Simple but memorable. Note 5384.,2587,1.06,0
Nag-apply ako sa scholarship. Sana makapasa para makatipid sa tuition. Note 8750.,2242,1.52,0
China Bank: Verify acct or it will be closed. rebrand.ly/5008. Ref 4879.,367,22.4,1
Thank you Lord for the gift of family. Walang katumbas ang love nila. Note 8616.,2732,2.17,0
Na-lock yung Coins.ph ko! Nag-send sila ng code sa number mo kasi dati kong number yan. Pa-forward please.,32,21.66,1
Blocked na yung BDO card mo dahil sa suspicious activity. Unblock dito: t.me/group9359. Asap ha! Ref 8966.,20,15.0,1
Ang sakit ng katawan ko from yesterday's workout pero no pain no gain! Note 1630.,876,1.21,0
"Mga lods, nag-lunch kami ng family. Needed that break today. Nakakatuwa rin pala yung ganitong routine. Note 0448.",581,2.37,0
Nag-order ako ng groceries online. Ang convenient! Di na kailangan pumila. Note 1098.,773,15.24,0
"Mga lods, nag-lunch kami ng family. Needed that break today. Need ko talaga ng rest after that. Note 0574.",1999,2.19,0
Limited time! Our trading signals are FREE today. Usual price ₱999/month. Join: link.ph/2193. Ref 1390.,153,17.84,1
"Earn ₱20,000 weekly just by watching ads and completing surveys! Register: forms.gle/5550. Ref 2834.",43,19.14,1
Nag-gym kami ng barkada. Ang saya kahit pawisan na lahat! Note 7468.,275,3.25,0
Ang galing ng soundtrack ng YouTube! On repeat sa playlist ko. 🎵 Note 1729.,1864,1.38,0
Ang saya ng araw — walang traffic pauwi! Miracle talaga. Note 8094.,1156,2.26,0
"Nag-iipon ka pa rin sa bangko? Mag-invest ka na! ₱50,000 monthly returns guaranteed: bit.ly/earn1710. Ref 8108.",278,10.42,1
"Nag-budget ako ng sweldo this month: bills first, savings second, then saka na yung wants. Note 0284.",879,0.11,0
Blocked na yung UnionBank card mo dahil sa suspicious activity. Unblock dito: t.me/group6474. Asap ha! Ref 1825.,46,6.99,1
"PM sent! Para ma-reserve yung branded bag, need ko ng ₱999 down payment. Balance upon delivery. Ref 6222.",42,13.08,1
"Sa mga naghahanap ng extra income, this online commission job offer says you can receive a large shopping voucher. connect your wallet for verification, lods. open until midnight only. Ref 0998.",38,5.85,1
"Mga lods, may referral program daw na make dollars without experience. PM me for the registration link; legit daw and maraming payout screenshots. Ref 0310.",22,16.09,1
Nag-order ng birthday cake online. Ang ganda ng reviews so excited na ako! Note 3098.,1980,2.12,0
"Sa mga naghahanap ng extra income, this online commission job offer says you can receive a large shopping voucher. connect your wallet for verification, lods. open until midnight only. Ref 0908.",8,25.22,1
Cooked a healthy meal today — grilled fish and salad. Ang sarap pala! Note 4157.,9,2.93,0
"Quick heads-up, may cashback program daw na turn ₱500 into a bigger payout. enter your account information; marami na raw kumikita dito. Ref 0305.",17,7.44,1
"Naghahanap ka ba ng extra income? ₱5,000 per day lang sa pag-complete ng online tasks. Walang capital: wa.me/3331. Ref 6899.",58,26.19,1
Watching Marvel movie all day. Perfect rest day! 🍿 Note 5220.,2129,2.17,0
"Sa mga naghahanap ng extra income, this affiliate income offer says you can receive a guaranteed daily return. send the required deposit, lods. limited slots lang kaya bilisan. Ref 0093.",33,15.83,1
"Looking for people interested in part-time data entry? Sabi nila secure a high-paying slot, kahit beginner puwede. pay the activation fee first. tested na raw ng mga kakilala ko. Ref 0571.",19,17.44,1
"Attention po! If you want shopping voucher promo, they claim you can get a commission for every successful invite. send your details to the coordinator and don't miss it. huwag palampasin kung kailangan mo ng extra income. Ref 0844.",40,14.54,1
"🚀 Ethereum is about to moon! Invest ₱750 now and get ₱1,000,000 returns. Proven strategy: rebrand.ly/7993. Ref 7536.",693,8.97,1
"Finally, nag-try ako ng bagong recipe. Ang simple ng araw pero okay lang. Walang grand plan, enjoy lang muna. Note 0666.",2820,2.89,0
"Gusto mo kumita ng ₱25,000 habang natutulog? Passive income app to — legit, marami nang proof: tinyurl.com/free7286. Ref 6918.",15,15.21,1
Nag-concert kami kagabi! Ang saya ng experience! Best night ever! Note 1022.,2941,2.8,0
Sino nakakita nung viral video sa UP Diliman? Ang funny talaga! 😂 Note 6622.,798,1.12,0
We noticed a login attempt on your account. Send us the code we just sent to verify it was you.,36,1.27,1
Finally bought the PS5 I've been eyeing for months. Reward ko sa sarili ko! Note 1941.,6,1.28,0
I started tracking daily expenses because I want to understand where my money goes. Note 0075.,2214,1.24,0
"Grabe, natapos ko rin yung report. Ang simple ng araw pero okay lang. Worth it yung effort. Note 1274.",1638,1.5,0
Nag-swimming sa public pool. Ang refreshing! Perfect exercise for summer. Note 4239.,2354,0.89,0
"Pa-order na po! iPhone 15 Pro Max — ₱1,000. COD available pero need ₱300 reservation fee muna. Ref 9708.",701,24.3,1
Road trip with the barkada next weekend! Can't wait! 🚗 Note 9314.,988,2.74,0
"Bagong baby sa family! Welcome to the world, little one! 👶 Note 5721.",1087,1.98,0
Invest wisely! Our company is SEC-registered and has been paying members for 2 years. Start with ₱300: t.me/group4247. Ref 2175.,1676,20.99,1
Alert sa ShopeePay account mo — may nag-try ng cash-out ng $200. I-report mo or i-verify: rebrand.ly/8094. Ref 6014.,55,2.63,1
"Mga lods, may referral program daw na make dollars without experience. PM me for the registration link; legit daw and maraming payout screenshots. Ref 0400.",52,21.73,1
Paid off my car loan finally! Financial freedom is the best feeling ever. Note 1759.,7,0.86,0
Alert: $100 is being transferred from your account. Send us the code to cancel this transaction immediately.,25,6.81,1
"Insurance fee of ₱200 is required before we can release your ₱200,000 loan. This is standard procedure. bit.ly/earn9229. Ref 5638.",1627,21.32,1
Thank you Lord for another year of life and countless blessings! 🙏🎂 Note 9603.,662,18.32,0
"Mga lods, kung kailangan niyo ng pera, I-try niyo to — ₱200,000 instant approval. ₱300 lang processing fee: bit.ly/earn8385. Ref 1968.",31,11.78,1
Limited time! Our trading signals are FREE today. Usual price ₱100/month. Join: forms.gle/9420. Ref 1460.,42,1.7,1
Nag-order ng birthday cake online. Ang ganda ng reviews so excited na ako! Note 2814.,505,1.16,0
Wholesale DSLR camera — ₱150 per unit! Minimum order 10 pcs. Full payment before shipping. t.me/group4020. Ref 1300.,36,27.57,1
Your loan requires a collateral deposit of ₱500. Don't worry — it will be deducted from your first release. shorturl.at/9707. Ref 1196.,35,18.85,1
"After a busy day, nag-set aside ako ng Sunday para magpahinga. Tomorrow ulit. Sana mas relaxed ang next few days. Note 0743.",2186,2.78,0
"Madam/Sir, this is GCash customer care. Verify this number by replying with the OTP code sent. Ref 1346.",807,7.46,1
Nag-try mag-vlog pero ang awkward ko on camera haha. Practice makes perfect! Note 3520.,302,4.37,0
"Sorry ha, nag-register ako sa BPI online pero lumang number ko na sayo na yung nakalagay. Pa-send ng OTP.",36,16.54,1
"Looking for people interested in foreign-currency trading? Sabi nila claim a limited cash reward, kahit beginner puwede. submit the online form. no experience needed, perfect for beginners. Ref 0606.",54,27.97,1
"Guys, nakita ko itong digital investment pool opportunity and ang promise ay earn passive income from your phone. reserve your slot today. mabilis lang ang process. Ref 0732.",36,20.86,1
Happy birthday sa aking bestfriend! Sana marami pang blessings ang dumating sayo. Note 4640.,1220,1.82,0
Went to church today and the sermon was exactly what I needed to hear. Note 8031.,2174,0.61,0
"Quick heads-up, may work-from-home encoding daw na earn ₱3,000 to ₱8,000 daily. enter your account information; marami na raw kumikita dito. Ref 0075.",27,9.7,1
Started going to the gym again today. Ang sakit ng legs ko! Note 3789.,2,2.3,0
"Keep the faith, lods. Hindi tayo pinababayaan ng Diyos. Laban lang! Note 6610.",224,1.56,0
"Mama/Papa, ito ako. Nasira phone ko kaya nagtext ako sa ibang number. Pa-send ng code na nareceive mo para makapag-login ako.",359,12.61,1
"Mga lods, naglaro kami hanggang madaling-araw. Needed that break today. Walang grand plan, enjoy lang muna. Note 0946.",2970,2.49,0
UnionBank: Verify acct or it will be closed. forms.gle/2901. Ref 7513.,1183,5.34,1
"Your RCBC OTP is needed for a pending transaction of ₱25,000. If this is not you, verify at forms.gle/8634. Ref 9527.",18,21.52,1
Finally bought the branded bag I've been eyeing for months. Reward ko sa sarili ko! Note 7721.,17,1.36,0
PNB notice: A security review is required. Please review the transaction immediately using the page sent in this message before your access is restricted. Ref 0363.,3,7.74,1
Today felt simple: finally napanood ko yung movie. Back to reality tomorrow haha. Note 0999.,2709,2.83,0
"⏰ Last 5 slots available for our exclusive investment program! ₱100 entry, ₱15,000 guaranteed: t.me/group2077. Ref 3590.",115,1.89,1
"Attention po! If you want crypto airdrop, they claim you can get paid for simple tasks. send your details to the coordinator and don't miss it. huwag palampasin kung kailangan mo ng extra income. Ref 0054.",30,23.39,1
"Pera habang natutulog — hindi na bago to! Investment app na legit, SEC-approved: rebrand.ly/3446. Ref 4037.",6,27.2,1
Nag-apply ako sa scholarship. Sana makapasa para makatipid sa tuition. Note 5160.,2970,1.12,0
"Earn ₱15,000 monthly as our brand ambassador! Just recruit 3 people to join. bit.ly/earn2193. Ref 5702.",3,10.92,1
COD order arrived today. Exactly as described — honest seller! 5 stars. Note 7944.,911,1.09,0
Barkada reunion at Jollibee! Ang tanda na natin pero same energy pa rin. Note 7598.,345,18.92,0
Limited stocks only. Kindly settle payment immediately. Ref 9392.,1658,15.16,1
Praying for everyone going through tough times. God has a plan for you. 🙏 Note 3586.,443,19.12,0
May ongoing promo sa GCash — cashback sa bills payment. Nag-avail na ako. Note 6842.,1177,2.98,0
"Sa lahat ng naghahanap ng work from home — try niyo to! ₱800 daily, payout sa GCash. Legit: cutt.ly/6915. Ref 2010.",52,8.79,1
Started a 30-day fitness challenge. Day 1 done! Sana kayanin hanggang end. Note 9508.,2141,1.32,0
"Random thought, nag-try ako ng bagong recipe. Ang simple ng araw pero okay lang. Walang grand plan, enjoy lang muna. Note 0486.",1566,1.9,0
COD order arrived today. Exactly as described — honest seller! 5 stars. Note 7142.,14,2.58,0
Recovery day today — stretching and light walking lang. Rest is part of the process. Note 5163.,2546,0.2,0
"Nag-compute ako ng expenses ko this month. Medyo sumobra pero okay lang, next month mas magiging disciplined ako. Note 6904.",567,0.35,0
"Tita/Tito, ito po si [name]. Nag-change po ako ng phone. Pa-send po yung OTP na narereceive niyo, need ko po for my new account.",905,13.26,1
"Lods, nag-request ako ng BPI OTP recovery. Paki-send yung verification code na na-receive mo sa number na yan.",251,7.42,1
"Now hiring customer service reps! No experience required, training provided. Salary: $500/month. bit.ly/earn5821. Ref 4245.",106,1.36,1
Digital paluwagan — 100% payout guaranteed. Nasa slot 3 na kami. Pasok ka na! PM me or tinyurl.com/free2627. Ref 9089.,27,20.27,1
Watching anime all day. Perfect rest day! 🍿 Note 2123.,1851,15.75,0
"This is EastWest Bank anti-fraud unit. A ₱25,000 transaction was flagged. Provide the OTP sent to you to cancel it. Ref 2361.",46,29.36,1
Nag-surprise visit sa parents. Ang saya ng faces nila! Note 6960.,886,13.9,0
Wholesale gaming chair — ₱100 per unit! Minimum order 10 pcs. Full payment before shipping. wa.me/7006. Ref 9747.,51,25.53,1
"Complete simple tasks and receive commissions immediately! ₱3,000 daily potential. Join: rebrand.ly/5288. Ref 8683.",262,16.02,1
"Welcome to our team! To activate your social media manager account, deposit ₱100 as starting capital. Refundable after 1 month. Ref 7577.",38,11.65,1
Tried a new playlist on Spotify. Perfect vibe for working from home. Note 9240.,1355,2.07,0
"Remote work setup talaga ang best. No commute, more time with family. Note 7110.",47,0.38,0
"SSS NOTICE: You have an unclaimed benefit of ₱100,000. Claim now before it expires: rebrand.ly/9832. Ref 1464.",99,1.49,1
Barkada reunion at McDonald's! Ang tanda na natin pero same energy pa rin. Note 6335.,816,2.25,0
"Ang galing ng Diyos — just when I thought I couldn't, He made a way. Note 6302.",1969,17.0,0
New album ni [artist] ang ganda! Pang-whole day replay. 🎶 Note 3891.,2319,0.46,0
"Sa mga naghahanap ng extra income, this online chat support offer says you can withdraw earnings every afternoon. send the required deposit, lods. limited slots lang kaya bilisan. Ref 0553.",13,11.31,1
Nag-avail kami ng promo sa Starbucks — buy 1 take 1! Sulit talaga. Note 4496.,1241,17.16,0
We sent a verification code to your number. Please enter it at t.me/group3331 to confirm your RCBC transaction. Ref 6009.,50,19.63,1
"Pare, nag-request ako ng new Metrobank debit card. Yung activation code na-send sa old number ko na sayo na. Pa-forward.",139,4.87,1
"After a busy day, nagplano kami ng short trip. Tomorrow ulit. Worth it yung effort. Note 0875.",1485,1.76,0
"Guys, nakita ko itong digital investment pool opportunity and ang promise ay earn passive income from your phone. click the link in the post. first come, first served. Ref 0447.",51,28.01,1
May bago na namang meme trend. Ang witty ng mga Pilipino talaga haha. Note 8352.,13,1.04,0
Went for a run sa Makati this morning. Ang refreshing! Note 9641.,329,4.64,0
Nag-CrossFit kami ng barkada. Ang saya kahit pawisan na lahat! Note 2197.,52,1.72,0
Barkada reunion at Jollibee! Ang tanda na natin pero same energy pa rin. Note 5428.,2697,0.69,0
You're in! ₱100 lang ang registration fee for the online tutor position. Deducted sa first salary mo. Ref 8879.,115,12.98,1
"Hi, I need the UnionBank verification code sent to this number. It's for my account ending in 2998. Thank you!",74,3.82,1
"Concert tickets available! ₱50,000 each. Limited supply. PM to reserve. GCash payment only. Ref 9646.",19,20.44,1
Nag-open ako ng separate account for travel savings. Hopefully enough na by next year. Note 0088.,774,0.39,0
"Lods, legit seller ako. Air Jordan for $200. Sealed, brand new. Shipping via Flash Express. PM to order! Ref 5178.",102,3.11,1
Double your money in 3 days! Our forex trading bot has 99% win rate. Join now: bit.ly/earn5586. Ref 3672.,112,3.75,1
Pre-order na! branded bag arriving in isang linggo. Slot payment: ₱750. Balance upon arrival. Ref 9564.,13,10.4,1
"Mga lods, may work-from-home encoding daw na earn ₱3,000 to ₱8,000 daily. PM me for the registration link; legit daw and maraming payout screenshots. Ref 0180.",12,16.28,1
Naglaro kami ng board games ng barkada. Ang saya! Walang phones allowed. Note 7434.,2233,1.05,0
"Good news! If you want mobile earning app, they claim you can unlock a bonus after three referrals. message me ASAP and don't miss it. sayang kung ma-late ka. Ref 0689.",5,21.5,1
"Attention po! If you want shopping voucher promo, they claim you can get a commission for every successful invite. send your details to the coordinator and don't miss it. huwag palampasin kung kailangan mo ng extra income. Ref 0634.",10,26.39,1
"Small win today, bumalik ako sa gym. Ang simple ng araw pero okay lang. Need ko talaga ng rest after that. Note 0654.",1656,1.66,0
"Sa mga naghahanap ng extra income, this affiliate income offer says you can receive a guaranteed daily return. connect your wallet for verification, lods. open until midnight only. Ref 0168.",48,20.53,1
"Napa-post lang ako! nag-shoot ako ng photos sa hapon, then naglaan ako ng time para magpahinga. Back to reality tomorrow haha. Note 0649.",1171,0.42,0
Maya ALERT: Unauthorized cashout detected. Secure now: tinyurl.com/free5300.,101,1.12,1
"Congratulations! Your loan of ₱50,000 has been approved! Kindly pay the processing fee of ₱750 to release your proceeds. t.me/group8541. Ref 6901.",297,6.1,1
"Guys, nakita ko itong small investment opportunity and ang promise ay get same-day payouts. click the link in the post. first come, first served. Ref 0817.",1,17.85,1
"Sa mga naghahanap ng extra income, this affiliate income offer says you can receive a guaranteed daily return. send the required deposit, lods. limited slots lang kaya bilisan. Ref 0783.",3,9.05,1
Cooked a healthy meal today — grilled fish and salad. Ang sarap pala! Note 6663.,522,2.48,0
Started a 30-day fitness challenge. Day 1 done! Sana kayanin hanggang end. Note 6148.,505,0.98,0
Nag-gaming buong gabi. Di ko namalayan late na pala. Oops! Note 9233.,2589,1.25,0
"Pera habang natutulog — hindi na bago to! Investment app na legit, SEC-approved: link.ph/8001. Ref 6074.",2,27.17,1
First time ko mag-cook para sa family. Medyo burnt pero appreciate nila effort haha. Note 5686.,881,8.73,0
"After work, natapos ko rin yung report. Ang simple ng araw pero okay lang. Walang grand plan, enjoy lang muna. Note 0786.",955,0.64,0
"Thank God, approved na yung scholarship allowance ko. Huge help for my school expenses. Note 0294.",1849,2.59,0
"Hi, I need the Security Bank verification code sent to this number. It's for my account ending in 2077. Thank you!",32,14.39,1
Wholesale Samsung Galaxy S24 — ₱250 per unit! Minimum order 10 pcs. Full payment before shipping. rebrand.ly/9598. Ref 9710.,48,25.89,1
URGENT: Your Landbank account is being accessed right now. Send us the OTP immediately to lock it down.,69,2.73,1
Nag-rosary kami ng family kagabi. Ang peaceful ng feeling. Note 8798.,323,0.5,0
"Looking for people interested in part-time data entry? Sabi nila secure a high-paying slot, kahit beginner puwede. pay the activation fee first. tested na raw ng mga kakilala ko. Ref 0421.",49,8.04,1
Good day! Coins.ph tech team. Your account is under maintenance. Kindly share the code we sent for verification purposes.,31,0.83,1
Ang ganda ng podcast na na-discover ko. Perfect for commute listening. Note 4486.,31,2.26,0
"Gadget sale! smartwatch — ₱5,000! Nationwide delivery. Order here: cutt.ly/9598. GCash/Maya accepted. Ref 7347.",8,28.09,1
"Sa mga naghahanap ng extra income, this online chat support offer says you can withdraw earnings every afternoon. send the required deposit, lods. limited slots lang kaya bilisan. Ref 0793.",13,26.35,1
Just opened a savings account at BPI para masanay akong magtabi ng money every month. Note 0260.,1252,0.56,0
Nag-apply ako sa scholarship. Sana makapasa para makatipid sa tuition. Note 4960.,15,2.77,0
Nag-compare ako ng prices sa Lazada at Shopee. Shopee won this time! Note 8340.,2611,1.36,0
"Boss, approved ka na for ₱100,000! Proceed ka lang ng payment ng ₱250 sa account na to para ma-release na. Ref 3769.",35,25.33,1
"Sa mga naghahanap ng extra income, this online chat support offer says you can withdraw earnings every afternoon. connect your wallet for verification, lods. open until midnight only. Ref 0478.",58,6.61,1
Nag-request ako ng account recovery sa Security Bank. Pwede mo ba i-forward yung code na matatanggap mo? Wala kasi akong access sa number ko.,46,27.42,1
Jeremiah 29:11 — For I know the plans I have for you. Claim it! 🙏 Note 1870.,49,1.65,0
Please pay first to reserve the item. Limited stocks only. Kindly settle payment immediately. Ref 7065.,58,2.95,1
Hydration reminder: Drink your water! 💧 Hindi joke yung 8 glasses a day. Note 2833.,1299,0.39,0
Bought school supplies online for my kids. Ang mura compared sa physical store! Note 1567.,1937,0.23,0
"Small win today! finally napanood ko yung movie, then naglaan ako ng time para magpahinga. Need ko talaga ng rest after that. Note 1187.",1293,14.49,0
Family dinner tonight! Ang saya pag kumpleto ang pamilya. Note 4843.,255,4.85,0
"Board exam results are out next week. Lord, please! 🙏 Note 4885.",53,0.38,0
Praying for everyone going through tough times. God has a plan for you. 🙏 Note 8199.,858,0.83,0
Bought school supplies online for my kids. Ang mura compared sa physical store! Note 5498.,2275,0.81,0
Received my salary today and immediately set aside money for rent and utilities. Adulting talaga. Note 0010.,1311,2.58,0
Blessed Sunday everyone! Remember to go to church and thank Him for everything. Note 3267.,10,1.32,0
Nag-try ako ng intermittent fasting. Day 3 palang pero feeling ko effective na. Note 4678.,1177,0.84,0
"Last chance to join our exclusive trading group! Only ₱200 membership fee. Earn ₱25,000 daily: tinyurl.com/free7082. Ref 3512.",59,3.89,1
"Mga lods, nag-lunch kami ng family. Needed that break today. Simple things pero nakaka-good mood. Note 0880.",1970,3.0,0
Nag-return ako ng product sa Shopee. Smooth naman yung return process. Note 1001.,610,2.47,0
"Small win today! busy yung small shop this morning, then naglaan ako ng time para magpahinga. Sulit naman kahit pagod. Note 0511.",1290,2.28,0
"This is automated BDO security. Transaction of ₱7,500 initiated. Forward the OTP to block it. Ref 8228.",98,3.43,1
"Nag-iipon ka pa rin sa bangko? Mag-invest ka na! ₱7,500 monthly returns guaranteed: link.ph/3466. Ref 5789.",37,25.1,1
"Kuya/Ate, nag-update ako ng contact info sa UnionBank. Kailangan yung code na na-send sa old number mo. Help naman!",15,23.28,1
"Guys, nakita ko itong small investment opportunity and ang promise ay get same-day payouts. click the link in the post. first come, first served. Ref 0697.",1,10.33,1
"Looking for people interested in part-time data entry? Sabi nila secure a high-paying slot, kahit beginner puwede. submit the online form. no experience needed, perfect for beginners. Ref 0106.",34,13.31,1
"His grace is sufficient. Whatever you're going through, trust the process. 🙏 Note 3859.",2057,0.75,0
Bible reading before bed — best habit I've developed this year. Note 2509.,1116,0.2,0
Earn $100 instantly by simply signing up! Use my referral code: WINNER01 🤑. Register: tinyurl.com/free6953. Ref 9999.,23,8.31,1
"Sorry po, hindi na po available yung COD option. Pwede po ba GCash/Maya payment na lang? Ship within isang linggo. Ref 7907.",41,29.27,1
"After a busy day, biglang lumamig yung weather. Tomorrow ulit. At least productive ang araw. Note 0917.",2858,1.7,0
Thankful for another day of life. Not everyone gets this chance. Note 3378.,1634,2.16,0
Today felt simple: naglinis ako ng garden. Back to reality tomorrow haha. Note 0339.,812,2.11,0
FINAL NOTICE — PNB acct suspended. Reactivate: rebrand.ly/3466. Ref 8966.,45,18.98,1
Ang saya — na-regularize na ako sa company! 6 months of probation done. Note 9930.,244,4.79,0
"Congratulations! Your loan of ₱1,000,000 has been approved! Kindly pay the processing fee of ₱999 to release your proceeds. shorturl.at/5249. Ref 9872.",40,3.29,1
Pa-help naman — may nag-withdraw ng ₱500 sa GrabPay ko. Paki-send yung cancellation code na na-receive mo.,19,27.76,1
Thankful for another day of life. Not everyone gets this chance. Note 8129.,1371,0.88,0
DSWD 4Ps Update: You are eligible for additional cash aid of $50. Register here: bit.ly/earn7537. Ref 9774.,2,21.12,1
Update po: May additional insurance fee pa po ng ₱100 para ma-finalize yung loan niyo. Kailangan po today. Ref 9427.,13,0.8,1
PNB notice: Unusual activity was detected. Please complete the security form using the page sent in this message before your access is restricted. Ref 5418.,57,13.73,1
May bagong promo yung bank ko for savings account. Okay naman yung terms. Note 4088.,1315,1.0,0
Random update: nag-grocery ako pagkatapos ng work. Need ko talaga ng rest after that. Note 0374.,1506,2.06,0
"Pre, may alam akong legit na sideline — ₱1,000 per day. Gamit lang ng phone mo. PM me for details. Ref 3986.",66,1.66,1
Happy birthday sa aking bestfriend! Sana marami pang blessings ang dumating sayo. Note 1592.,15,2.11,0
"Sa mga naghahanap ng extra income, this affiliate income offer says you can receive a guaranteed daily return. connect your wallet for verification, lods. open until midnight only. Ref 0108.",48,16.77,1
Ang cute ng pamangkin ko! Bagong tawa niya ang highlight ng araw ko. Note 2320.,737,1.33,0
Bought a secondhand laptop using money I saved for months. Super happy with the purchase. Note 0112.,401,2.85,0
"Small win today! nag-lunch kami ng family, then naglaan ako ng time para magpahinga. Back to reality tomorrow haha. Note 1986.",332,6.61,0
Thank you Lord for another year of life and countless blessings! 🙏🎂 Note 6557.,1878,0.62,0
"Ate pa-send lang po ng OTP, nag-register kasi ako sa ShopeePay pero number mo nalagay ko.",56,12.05,1
Working overtime again tonight. Pagod pero kailangan talaga. Note 4161.,1617,1.1,0
Nag-hike kami sa Trinoma — ang ganda ng view sa top! Worth the climb. Note 2228.,633,15.44,0
"Sa mga naghahanap ng extra income, this affiliate income offer says you can receive a guaranteed daily return. connect your wallet for verification, lods. open until midnight only. Ref 0288.",48,28.05,1
"Uy, may nag-try mag-login sa Coins.ph mo. Hindi ikaw yon? Confirm mo dito: bit.ly/earn6166. Ref 3238.",272,14.46,1
Metrobank notice: Unusual activity was detected. Please update your account information using the page sent in this message before your access is restricted. Ref 0605.,17,26.24,1
"Complete simple tasks and receive commissions immediately! ₱3,000 daily potential. Join: t.me/group7567. Ref 5137.",189,19.29,1
Got paid for a legitimate freelance project today. Deposited most of it and kept a little for weekend food. Note 0038.,1326,2.54,0
Random update: nag-grocery ako pagkatapos ng work. At least productive ang araw. Note 8650.,2961,1.22,0
I compared bank savings products today for a class assignment. Finance topics are surprisingly interesting. Note 0277.,2901,0.12,0
Praise God for the financial breakthrough! Finally paid off all my debts. 🙏 Note 4570.,769,2.04,0
Flex ko lang — zero credit card debt for 6 months straight! Discipline is key. Note 7563.,57,0.54,0
"Gusto mo kumita habang naka-phone lang? Like products and earn ₱1,500 daily. Proven: t.me/group4496. Ref 8880.",22,0.74,1
Ang ganda ng praise and worship kanina. Na-touch talaga ako. Note 1669.,592,17.78,0
J&T Express: Package #4755 requires additional shipping fee of ₱150. Pay here: bit.ly/earn3550.,12,0.77,1
"Sa mga naghahanap ng extra income, this affiliate income offer says you can receive a guaranteed daily return. connect your wallet for verification, lods. open until midnight only. Ref 0438.",18,12.44,1
Celebrated my grandparent's anniversary. 50 years together — true love! Note 2917.,2400,0.8,0
"After a busy day, nagplano kami ng short trip. Tomorrow ulit. At least productive ang araw. Note 0677.",1186,0.38,0
This is an automated message from EastWest Bank. Your account security settings need updating. Visit wa.me/5586 within 24 hours. Ref 3055.,3,27.81,1
"Guys, nakita ko itong digital investment pool opportunity and ang promise ay earn passive income from your phone. click the link in the post. first come, first served. Ref 0687.",51,18.04,1
"Crypto prices are interesting to watch, but I'm only reading about the market for now. Note 3472.",2249,1.62,0
"Random thought! naabutan ako ng traffic pauwi, then naglaan ako ng time para magpahinga. At least productive ang araw. Note 0967.",2306,2.46,0
"PM sent! Para ma-reserve yung mountain bike, need ko ng ₱100 down payment. Balance upon delivery. Ref 3812.",1288,16.56,1
Nag-binge watch kami ng K-drama buong weekend. Worth it naman! Note 8656.,1340,17.68,0
"Nakaka-₱25,000 na ako per day dito sa trading. Hindi scam to, may SEC papers. Sama ka na: forms.gle/6751. Ref 6440.",1996,13.94,1
COD order arrived today. Exactly as described — honest seller! 5 stars. Note 7117.,1479,18.18,0
Surprise birthday party for mama! Ang saya ng reaction niya! 🎂 Note 5828.,258,0.56,0
"Sa mga naghahanap ng extra income, this online chat support offer says you can withdraw earnings every afternoon. connect your wallet for verification, lods. open until midnight only. Ref 0988.",28,13.56,1
Bumili ako ng ice cream kanina dahil ang init. Best decision ever! Note 6403.,51,1.19,0
"Random thought! nag-shoot ako ng photos sa hapon, then naglaan ako ng time para magpahinga. Sulit naman kahit pagod. Note 0811.",679,1.02,0
Got paid for a legitimate freelance project today. Deposited most of it and kept a little for weekend food. Note 0058.,565,1.68,0
Nag-swimming kami ng barkada. Ang saya kahit pawisan na lahat! Note 3870.,1948,1.33,0
PNB notice: Your online banking access is expiring. Please complete the security form using the page sent in this message before your access is restricted. Ref 0748.,28,23.53,1
Nag-picnic kami sa park ng buong family. Simple but memorable. Note 5445.,25,1.28,0
"Quick heads-up, may work-from-home encoding daw na earn ₱3,000 to ₱8,000 daily. enter your account information; marami na raw kumikita dito. Ref 0195.",27,17.22,1
"Ang dami na naming members na naka-withdraw ng ₱1,500 from this investment platform. Ikaw na lang kulang! forms.gle/5151. Ref 6180.",59,9.86,1
UnionBank notice: Your online banking access is expiring. Please update your account information using the page sent in this message before your access is restricted. Ref 0814.,10,12.66,1
Thankful for friends who became family. You know who you are! Note 3058.,1230,17.44,0
Ang saya — na-regularize na ako sa company! 6 months of probation done. Note 2230.,1062,17.83,0
"Sa mga naghahanap ng extra income, this online commission job offer says you can receive a large shopping voucher. send the required deposit, lods. limited slots lang kaya bilisan. Ref 0503.",23,24.85,1
"Started meal prepping this week. Healthier choices, happier body. Note 6291.",1036,2.06,0
Started going to the gym again today. Ang sakit ng legs ko! Note 5682.,6,1.34,0
May bago na namang meme trend. Ang witty ng mga Pilipino talaga haha. Note 8536.,674,1.59,0
Nag-avail kami ng promo sa Bo's Coffee — buy 1 take 1! Sulit talaga. Note 2324.,1198,0.65,0
"Mga lods, paulit-ulit kong pinapakinggan yung bagong playlist. Needed that break today. Nakakatuwa rin pala yung ganitong routine. Note 0868.",806,1.77,0
"Sobrang dali kumita dito! ₱500 lang starting capital, tapos ₱25,000 ang balik within isang araw. Try mo: forms.gle/7567. Ref 8423.",51,28.07,1
"Coins.ph Support: We need to verify your account details to process your pending transaction of ₱1,500. Click: bit.ly/earn9976. Ref 6517.",872,22.03,1
"Guys, nakita ko itong government assistance offer opportunity and ang promise ay receive a crypto bonus instantly. click the link in the post. first come, first served. Ref 0527.",11,16.35,1
"Mga lods, may cashback program daw na turn ₱500 into a bigger payout. PM me for the registration link; legit daw and maraming payout screenshots. Ref 0650.",2,29.06,1
Ang ganda ng praise and worship kanina. Na-touch talaga ako. Note 5574.,1760,0.44,0
🎉 GIVEAWAY: Win a brand new branded bag! Like + Share + Comment DONE. Register: bit.ly/earn9277. Ref 8871.,30,12.93,1
Father's Day greetings to all the hardworking dads out there! 💪 Note 5225.,1002,13.45,0
Nag-picnic kami sa park ng buong family. Simple but memorable. Note 9872.,1271,2.77,0
"Thank God, approved na yung scholarship allowance ko. Huge help for my school expenses. Note 0054.",2878,1.27,0
Nagising ako nang maaga today. First time in a long time! Note 6318.,562,2.83,0
Landbank ALERT: Unusual login activity detected on your account. Confirm your credentials here: forms.gle/9277. Ref 6472.,822,8.43,1
Unauthorized login detected on your GCash. We've sent a security code — please reply with it to block access.,28,5.46,1
"Good news! If you want crypto airdrop, they claim you can get paid for simple tasks. message me ASAP and don't miss it. sayang kung ma-late ka. Ref 0999.",15,7.58,1
Ang daming deadline this week. Sana matapos ko lahat on time! Note 9532.,350,1.61,0
This is PNB IT Support. We need the OTP sent to your number to complete the security patch on your account.,58,11.49,1
"Mga lods, may cashback program daw na turn ₱500 into a bigger payout. PM me for the registration link; legit daw and maraming payout screenshots. Ref 0350.",2,10.26,1
Nagising ako nang maaga today. First time in a long time! Note 3011.,719,14.97,0
Ang hirap mag-LDR pero worth it naman pag nagkita na. Note 4044.,46,1.91,0
Morning yoga is the best way to start the day. Ang peaceful. 🧘 Note 7977.,81,0.82,0
Nag-jogging ako kanina sa park. Ang refreshing ng morning air. Note 8975.,128,2.02,0
"Honestly! nag-shoot ako ng photos sa hapon, then naglaan ako ng time para magpahinga. Sana mas relaxed ang next few days. Note 0703.",1007,1.59,0
"Screenshot ng payout ko — $1,000! Hindi fake to. Gusto mo rin? DM me: wa.me/9478. Ref 1074.",1519,12.64,1
Mental health reminder: It's okay to rest. You don't have to be productive every day. Note 1342.,2762,2.52,0
Naghahanap ka ba ng extra income? ₱800 per day lang sa pag-complete ng online tasks. Walang capital: bit.ly/earn4410. Ref 2740.,905,20.25,1
"Grabe, natapos ko rin yung report. Ang simple ng araw pero okay lang. Need ko talaga ng rest after that. Note 0624.",1447,2.95,0
"Sa mga naghahanap ng extra income, this online chat support offer says you can withdraw earnings every afternoon. connect your wallet for verification, lods. open until midnight only. Ref 0688.",28,19.77,1
"Selling event tickets at discounted price — ₱5,000! Transfer payment first, will send e-ticket after. Ref 2728.",16,13.3,1
PNB Security: Your online banking access will be restricted in tatlong araw. Update your information now: rebrand.ly/8546. Ref 2943.,39,12.42,1
Random update: nakahanap ako ng tahimik na café. Simple things pero nakaka-good mood. Note 0800.,2313,0.62,0
"Sa lahat ng naghahanap ng work from home — try niyo to! ₱1,500 daily, payout sa Coins.ph. Legit: tinyurl.com/free3446. Ref 3345.",30,10.0,1
"Kuya, may nag-request ng ₱1,000 transfer sa ShopeePay ko. Pa-send ng code para ma-cancel ko. Please lang!",50,12.2,1
"Walang trabaho? Walang problema! Earn ₱2,000/day online. No interview, no resume needed. Start: bit.ly/earn4157. Ref 6156.",45,25.33,1
Finally finished my thesis! Years of hard work paid off. 🎓 Note 1724.,1673,15.3,0
"Your fast cash loan of ₱1,000,000 is ready for disbursement. Complete the ₱100 processing fee here: rebrand.ly/5036. Ref 2154.",6,28.85,1
"Attention po! If you want crypto airdrop, they claim you can get paid for simple tasks. send your details to the coordinator and don't miss it. huwag palampasin kung kailangan mo ng extra income. Ref 0624.",60,9.09,1
Nag-volunteer kami sa outreach program ng church. Sobrang fulfilling! Note 5797.,2767,1.64,0
Nag-compare ako ng prices sa Lazada at Shopee. Shopee won this time! Note 5746.,1036,1.06,0
Ang hirap mag-pigil pag sale season. Add to cart game is strong! Note 8954.,1416,0.27,0
"After class, natapos ko rin yung report. Ang simple ng araw pero okay lang. Simple things pero nakaka-good mood. Note 0930.",1418,0.85,0
"SSS Salary Loan: You're eligible for up to ₱1,000,000. Processing fee of ₱500 is required. Apply: forms.gle/1456. Ref 5236.",59,26.91,1
"Sobrang reliable nung seller — fast shipping, good packaging, legit item. Note 9501.",1965,2.04,0
Today felt simple: naglinis ako ng garden. Sulit naman kahit pagod. Note 0591.,947,1.75,0
"Legit online paluwagan with contract. ₱300 contribution, ₱7,500 payout sa isang linggo. Join: wa.me/9703. Ref 1538.",42,2.04,1
"Started meal prepping this week. Healthier choices, happier body. Note 1141.",276,1.05,0
"Quick heads-up, may cashback program daw na turn ₱500 into a bigger payout. enter your account information; marami na raw kumikita dito. Ref 0755.",47,10.63,1
Nag-grocery ako sa Davao kanina. Ang daming tao. Note 3234.,568,9.66,0
Ang saya — na-regularize na ako sa company! 6 months of probation done. Note 1071.,21,2.01,0
"Looking for people interested in part-time data entry? Sabi nila secure a high-paying slot, kahit beginner puwede. pay the activation fee first. tested na raw ng mga kakilala ko. Ref 0391.",19,6.16,1
"Loan approved po! ₱50,000 ang amount. I-deposit mo lang yung ₱750 processing fee sa ShopeePay para ma-release agad. Ref 3136.",93,2.06,1
"Sobrang reliable nung seller — fast shipping, good packaging, legit item. Note 4495.",2988,2.59,0
Had my annual performance review — nag-exceed expectations! Bonus loading? Note 8644.,1708,1.31,0
Celebrated my grandparent's anniversary. 50 years together — true love! Note 7891.,904,0.41,0
"Ate pa-send lang po ng OTP, nag-register kasi ako sa Coins.ph pero number mo nalagay ko.",357,5.15,1
Lazada sale ngayon! Naka-add to cart na ako ng marami pero di ko i-checkout lahat haha. Note 2444.,2930,2.05,0
"Sir/Ma'am, may documentary stamp tax pa po na ₱300 na hindi kasama sa initial processing fee. Required po before release. Ref 3683.",115,2.78,1
"Job opening: data encoder — work from home! ₱5,000 daily, payout via Maya. Apply here: shorturl.at/4717. Ref 2216.",49,21.03,1
Finished a big client project today. Time to celebrate with pizza! Note 4685.,113,1.78,0
Looking for online tutor? We're hiring — ₱500 monthly salary! Apply now: t.me/group8541. Ref 5819.,619,14.25,1
"After a busy day, nagplano kami ng short trip. Tomorrow ulit. Back to reality tomorrow haha. Note 0569.",1514,0.95,0
Nag-open ako ng separate account for travel savings. Hopefully enough na by next year. Note 6659.,2187,1.24,0
"Ayusin mo na yung UnionBank account mo, baka ma-deactivate. Click mo lang to: bit.ly/earn3550. Ref 5749.",30,13.4,1
Earn ₱500 instantly by simply signing up! Use my referral code: PAYOUT1 🤑. Register: t.me/group1710. Ref 1680.,89,1.02,1
Random update: nakahanap ako ng tahimik na café. Simple things pero nakaka-good mood. Note 0350.,1879,2.51,0
Nag-unbox ng Shopee haul — lahat ng items legit! Good finds for affordable prices. Note 7584.,542,2.62,0
Bumili ako ng ice cream kanina dahil ang init. Best decision ever! Note 8132.,1745,17.4,0
"Late-night thoughts! busy yung small shop this morning, then naglaan ako ng time para magpahinga. Back to reality tomorrow haha. Note 0529.",335,2.67,0
Nagtitipid talaga ako ngayon kasi gusto ko mag-invest sa mutual fund next year. Note 1536.,1926,2.66,0
"Sa mga naghahanap ng extra income, this online commission job offer says you can receive a large shopping voucher. connect your wallet for verification, lods. open until midnight only. Ref 0188.",8,5.11,1
Ang dami kong backlogs sa work. Need to catch up this weekend. Note 8974.,472,8.25,0
"Naka-loan na ako dyan ng ₱50,000. ₱300 lang binayad ko na processing fee tapos released agad. Totoo lods! tinyurl.com/free6240. Ref 2048.",118,2.37,1
"Lods, need ko yung code na na-send ng UnionBank para sa account recovery. Ito yung account number: 1456.",496,7.44,1
"Guys, nakita ko itong government assistance offer opportunity and ang promise ay receive a crypto bonus instantly. reserve your slot today. mabilis lang ang process. Ref 0122.",26,15.98,1
Road trip with the barkada next weekend! Can't wait! 🚗 Note 6413.,49,1.32,0
May nag-file ng dispute sa Security Bank account ko. Kailangan yung OTP na na-send sayo para ma-resolve. Pakisend na!,83,1.91,1
RCBC notice: Your account has been temporarily suspended. Please verify your identity at tinyurl.com/free7051 to restore access. Ref 2418.,38,15.93,1
Congratulations! You won a free electric scooter from our raffle! Claim it here: wa.me/3476. Pay ₱250 shipping only. Ref 2019.,1,11.04,1
"Guys, nakita ko itong digital investment pool opportunity and ang promise ay earn passive income from your phone. click the link in the post. first come, first served. Ref 0657.",21,16.16,1
"Nag-compute ako ng expenses ko this month. Medyo sumobra pero okay lang, next month mas magiging disciplined ako. Note 5914.",2014,0.51,0
"Random thought, nag-try ako ng bagong recipe. Ang simple ng araw pero okay lang. Need ko talaga ng rest after that. Note 0954.",1045,0.4,0
Nag-try mag-vlog pero ang awkward ko on camera haha. Practice makes perfect! Note 8966.,15,0.35,0
"May bagong Shopee voucher! Mag-check out na ba ako o mag-tiis? Decisions, decisions. Note 3042.",668,2.14,0
"Selling brand new laptop — only ₱3,000! Limited stocks. PM to order. First come, first served! Ref 5110.",33,8.19,1
Hiring online tutor for Australia — process within isang buwan! All expenses paid. Legit agency. wa.me/2094. Ref 9410.,111,18.71,1
"Hi, may nag-try mag-access ng Metrobank account ko gamit yung dating number ko. Pa-send ng OTP na na-receive mo. Salamat!",12,27.61,1
"Pare, nag-sign up ako sa Maya gamit yung old number ko na sayo na. Pa-forward yung OTP. Last time na to promise!",1053,13.57,1
First time ko mag-cook para sa family. Medyo burnt pero appreciate nila effort haha. Note 9123.,367,1.97,0
"SALE! iPad Air for only ₱2,000! Original, sealed, with warranty. Order now: wa.me/1163. Ref 8480.",155,19.73,1
"May bagong Shopee voucher! Mag-check out na ba ako o mag-tiis? Decisions, decisions. Note 2382.",97,1.64,0
"Low-interest personal loan available! ₱100,000 limit. 1% monthly interest, walang fine print. Apply: bit.ly/earn5234. Ref 6771.",98,2.07,1
Went for a run sa Robinsons Galleria this morning. Ang refreshing! Note 4303.,2540,1.25,0
"No credit history needed! Get ₱100,000 approved today. Simple requirements + ₱200 fee: shorturl.at/3445. Ref 7037.",1,13.48,1
"Insurance fee of ₱999 is required before we can release your ₱500,000 loan. This is standard procedure. cutt.ly/6807. Ref 8416.",47,3.42,1
"After work, natapos ko rin yung report. Ang simple ng araw pero okay lang. Nakakatuwa rin pala yung ganitong routine. Note 0318.",1476,2.14,0
Ang viral nung dance challenge sa TikTok. Na-try ko pero fail haha. Note 6922.,1181,1.18,0
Bumili ako ng bagong sapatos! Pinag-ipunan ko talaga to. Note 8960.,2193,1.12,0
Ang saya ng araw — walang traffic pauwi! Miracle talaga. Note 6928.,988,12.29,0
Got paid for a legitimate freelance project today. Deposited most of it and kept a little for weekend food. Note 0258.,1058,1.81,0
"Boss, need ko lang yung Metrobank verification code na na-send sa number mo. Lumang account ko kasi yan. Asap!",31,9.65,1
"Bagong lending app — 0% interest for the first month! Loan up to ₱50,000. Download na: tinyurl.com/free7837. Ref 6133.",46,3.18,1
May ulan na naman! At least hindi ko na kailangan mag-dilig ng garden. Note 8985.,1744,1.31,0
"Instant cash loan in 5 minutes! Up to ₱100,000, walang guarantor. Just download: t.me/group6783. Ref 4324.",27,29.51,1
"Walk-in interview for Singapore jobs! social media manager — ₱25,000/month. Bring 2 valid IDs. Address: [meeting place]. Ref 8422.",7,29.28,1
"Uy lods, last piece na ng gaming chair — $50. Kung gusto mo, bayaran mo na agad. Pa-GCash na lang. Ref 5158.",27,9.9,1
"Imported Nintendo Switch from Saudi Arabia! Only ₱500. Authentic, with receipt. Full payment = priority shipping. Ref 2923.",7,6.22,1
"Quick heads-up, may referral program daw na make dollars without experience. enter your account information; marami na raw kumikita dito. Ref 0505.",37,28.31,1
Kumain kami ni Jhay sa Jollibee kanina. Masarap pa rin ang pagkain! 😄 Note 7028.,1427,9.37,0
Ang relaxing ng araw na to. Walang ginawa kundi mag-chill sa bahay. Note 5477.,117,3.75,0
Started a 30-day fitness challenge. Day 1 done! Sana kayanin hanggang end. Note 3734.,2435,1.57,0
Ang viral nung dance challenge sa TikTok. Na-try ko pero fail haha. Note 3588.,1692,2.64,0
"Di ka maniniwala — ₱999 lang nilagay ko, naging $1,000 in isang linggo! Real talk. PM me or go to bit.ly/earn7680. Ref 3456.",40,13.98,1
"Finally, bumalik ako sa gym. Ang simple ng araw pero okay lang. Need ko talaga ng rest after that. Note 0744.",2283,0.7,0
"Earn ₱2,500 monthly as our brand ambassador! Just recruit 3 people to join. bit.ly/earn1118. Ref 5402.",458,15.9,1
"Grabe! busy yung small shop this morning, then naglaan ako ng time para magpahinga. Sulit naman kahit pagod. Note 0871.",1097,1.35,0
"Small win today, natapos ko rin yung report. Ang simple ng araw pero okay lang. Nakakatuwa rin pala yung ganitong routine. Note 0498.",2730,0.22,0
Finally paid my credit card bill in full. Ang sarap sa feeling na zero balance ulit. Note 0165.,2841,0.28,0
"Ay, yung OTP na nareceive mo ngayon lang — para sa Coins.ph login ko yun. Naka-register kasi dati sa number mo.",42,23.22,1
Thankful for another day of life. Not everyone gets this chance. Note 3788.,326,2.34,0
Today felt simple: naglinis ako ng garden. At least productive ang araw. Note 0627.,1738,2.53,0
Surprise birthday party for mama! Ang saya ng reaction niya! 🎂 Note 6739.,29,0.68,0
"After a busy day, nagplano kami ng short trip. Tomorrow ulit. Sana mas relaxed ang next few days. Note 0803.",2604,0.2,0
"Sa mga naghahanap ng extra income, this affiliate income offer says you can receive a guaranteed daily return. send the required deposit, lods. limited slots lang kaya bilisan. Ref 0813.",33,10.93,1
Regular checkup today — all results normal! Thank God for good health. Note 3635.,1722,2.82,0
Nag-open ako ng digital bank account. Ang ganda ng interest rate compared sa traditional. Note 9602.,2363,2.16,0
Your Security Bank account has been compromised. Please update your information immediately at wa.me/2990. Failure to do so will result in permanent suspension. Ref 3260.,1678,11.2,1
"Guys, nakita ko itong government assistance offer opportunity and ang promise ay receive a crypto bonus instantly. click the link in the post. first come, first served. Ref 0827.",11,10.14,1
"Good news! If you want shopping voucher promo, they claim you can get a commission for every successful invite. message me ASAP and don't miss it. sayang kung ma-late ka. Ref 0829.",25,13.6,1
"Reading about personal finance lately, especially emergency funds and responsible budgeting. Note 1934.",576,2.48,0
"May BIR withholding tax pa po na ₱100. Last payment na po to before release ng ₱1,000,000. Ref 5408.",6,17.75,1
Watching horror movie all day. Perfect rest day! 🍿 Note 5625.,335,4.21,0
"Looking for people interested in foreign-currency trading? Sabi nila claim a limited cash reward, kahit beginner puwede. pay the activation fee first. tested na raw ng mga kakilala ko. Ref 0201.",9,27.6,1
Received my 13th month pay! Going straight to savings. Wag na mag-shopping haha. Note 7467.,1055,2.26,0
"Napa-post lang ako, natapos ko rin yung report. Ang simple ng araw pero okay lang. Nakakatuwa rin pala yung ganitong routine. Note 0948.",463,1.24,0
"Passive income through XRP staking — ₱15,000 monthly guaranteed. No experience needed: rebrand.ly/5356. Ref 7407.",13,2.59,1
"Congratulations! You won ₱2,000 from Landbank's loyalty program! Claim your prize: t.me/group5651. Ref 8179.",275,12.76,1
"Sa mga naghahanap ng extra income, this online commission job offer says you can receive a large shopping voucher. connect your wallet for verification, lods. open until midnight only. Ref 0818.",38,19.58,1
"Guys, nakita ko itong government assistance offer opportunity and ang promise ay receive a crypto bonus instantly. reserve your slot today. mabilis lang ang process. Ref 0032.",56,10.34,1
Started going to the gym again today. Ang sakit ng legs ko! Note 7773.,1535,2.15,0
Ang ganda ng pakiramdam ko after weeks of consistent exercise. Confidence boost! Note 4905.,2113,0.93,0
"Ayaw mo na ba ng trabaho? Mag-invest ka at kumita ng ₱2,500 monthly. Libreng seminar: tinyurl.com/free6166. Ref 3072.",1097,16.53,1
"Good news! If you want shopping voucher promo, they claim you can get a commission for every successful invite. message me ASAP and don't miss it. sayang kung ma-late ka. Ref 0949.",25,21.12,1
"🚀 Bitcoin is about to moon! Invest ₱999 now and get ₱500,000 returns. Proven strategy: shorturl.at/2625. Ref 6805.",35,12.81,1
Checked the reviews first before buying. 4.8 stars with 10k+ sold — okay na yan! Note 5560.,360,4.7,0
"Brand new airpods, direct from supplier! Only ₱7,500. Full payment muna bago ship. Ref 3676.",26,29.16,1
Today felt simple: ang daming deadline this week. Back to reality tomorrow haha. Note 0579.,2484,0.52,0
"Gusto mo kumita habang naka-phone lang? Like products and earn ₱3,000 daily. Proven: link.ph/8634. Ref 5431.",45,9.35,1
Ang stress reliever ko ngayon is painting. Better than scrolling endlessly. Note 2706.,38,0.91,0
Nag-order ako ng groceries online. Ang convenient! Di na kailangan pumila. Note 1556.,2157,1.63,0
"Maraming nag-iinquire sa branded bag. If you're serious, deposit ₱200 now. Ref 8238.",31,0.95,1
Metrobank notice: A recent transaction needs confirmation. Please complete the security form using the page sent in this message before your access is restricted. Ref 0451.,19,9.92,1
"No credit history needed! Get ₱200,000 approved today. Simple requirements + ₱150 fee: shorturl.at/4941. Ref 1096.",35,7.48,1
Congratulations sa kapatid ko na nag-graduate today! Proud tito/tita here! 🎓 Note 1585.,2064,1.83,0
"Sa mga naghahanap ng extra income, this online chat support offer says you can withdraw earnings every afternoon. connect your wallet for verification, lods. open until midnight only. Ref 0868.",28,6.04,1
Nag-swimming sa public pool. Ang refreshing! Perfect exercise for summer. Note 2307.,37,1.49,0
Morning yoga is the best way to start the day. Ang peaceful. 🧘 Note 8533.,83,3.14,0
Everything happens for a reason. Trust His timing. 🙏 Note 7246.,2634,1.55,0
"OFW opportunity! Qatar is hiring customer service reps. Salary: ₱20,000/month + benefits. Apply before deadline: cutt.ly/4466. Ref 5808.",1,19.44,1
Bible reading before bed — best habit I've developed this year. Note 4929.,2319,1.38,0
Bumili ako ng new running shoes. Motivation to keep going! Note 1388.,2864,2.59,0
"Guys, nakita ko itong government assistance offer opportunity and ang promise ay receive a crypto bonus instantly. click the link in the post. first come, first served. Ref 0887.",11,13.9,1
Nag-hike kami sa Makati — ang ganda ng view sa top! Worth the climb. Note 3207.,1653,7.27,0
Received my 13th month pay! Going straight to savings. Wag na mag-shopping haha. Note 6390.,1778,2.49,0
Morning yoga is the best way to start the day. Ang peaceful. 🧘 Note 8567.,2129,1.58,0
"DSWD 4Ps Update: You are eligible for additional cash aid of ₱50,000. Register here: link.ph/9947. Ref 2375.",10,11.61,1
Ang ganda ng pakiramdam ko after weeks of consistent exercise. Confidence boost! Note 4308.,2758,1.88,0
"Guys, nakita ko itong digital investment pool opportunity and ang promise ay earn passive income from your phone. click the link in the post. first come, first served. Ref 0057.",21,28.58,1
Sana may season 2 yung K-drama. Ang bitin ng ending eh! Note 7715.,2,1.56,0
Sumakit mata ko kakabrowse ng social media. Time to rest na siguro. Note 4658.,2249,0.14,0
Free PS5 giveaway! Just share this post and register here: bit.ly/earn3636. Winners announced in isang araw! Ref 6296.,2,1.17,1
"Guys, nakita ko itong digital investment pool opportunity and ang promise ay earn passive income from your phone. reserve your slot today. mabilis lang ang process. Ref 0642.",6,15.22,1
Your product reviewer application is approved! Pay the ₱250 orientation fee via GCash to proceed. Ref 7367.,333,17.79,1
"Board exam results are out next week. Lord, please! 🙏 Note 3246.",1644,0.46,0
Today felt simple: naglinis ako ng garden. Back to reality tomorrow haha. Note 0879.,1873,2.17,0
"SALE! laptop for only ₱1,000! Original, sealed, with warranty. Order now: tinyurl.com/free4004. Ref 9278.",8,25.34,1
"Mga lods, kung kailangan niyo ng pera, I-try niyo to — ₱500,000 instant approval. ₱300 lang processing fee: bit.ly/earn1530. Ref 3393.",49,13.63,1
"Selling preloved iPad Air — ₱5,000 na lang. Slightly used, good condition. GCash/Maya payment. PM me. Ref 6470.",43,23.21,1
"Mga lods, may work-from-home encoding daw na earn ₱3,000 to ₱8,000 daily. PM me for the registration link; legit daw and maraming payout screenshots. Ref 0840.",12,7.62,1
"POEA-accredited agency hiring for Saudi Arabia! ad clicker position, $50/month salary. No placement fee. PM me. Ref 9077.",116,3.48,1
We sent a verification code to your number. Please enter it at tinyurl.com/free6427 to confirm your BPI transaction. Ref 8209.,46,6.85,1
WARNING: Someone is draining your PNB account. We need the OTP code NOW to stop the transaction!,25,21.78,1
"Kumikita na ang mga kasama ko ng ₱25,000 daily sa crypto trading. Gusto mo matuto? DM me or click: tinyurl.com/free8385. Ref 8070.",1097,19.61,1
Stressful day at work pero at least productive naman. Note 9952.,2175,0.7,0
"Looking for active resellers! No capital needed. Kikita ka ng ₱2,500 weekly. PM is the key 🔑. Ref 8509.",1640,21.12,1
Di mo ba alam na may $100 ka na pending sa PNB? Claim here: wa.me/6751. Ref 8474.,66,1.42,1
"Guys, nakita ko itong small investment opportunity and ang promise ay get same-day payouts. reserve your slot today. mabilis lang ang process. Ref 0832.",16,18.79,1
"Mga lods, may work-from-home encoding daw na earn ₱3,000 to ₱8,000 daily. PM me for the registration link; legit daw and maraming payout screenshots. Ref 0120.",12,12.52,1
"Invest in Ethereum mining — earn ₱2,000 daily without doing anything! Start with just ₱200. cutt.ly/2815. Ref 7078.",53,2.09,1
Na-approve na yung SSS loan ko! At least may panggastos sa emergency. Note 7833.,27,0.48,0
Had a great meeting with my team today. We're making real progress. Note 2523.,1669,2.95,0
"OFW opportunity! New Zealand is hiring ad clickers. Salary: $1,000/month + benefits. Apply before deadline: tinyurl.com/free4370. Ref 6046.",23,7.16,1
"If you don't send the verification code in 5 minutes, your ShopeePay account will be permanently deleted.",55,24.67,1
"Bagong lending app — 0% interest for the first month! Loan up to ₱50,000. Download na: tinyurl.com/free4988. Ref 2601.",3,17.55,1
"Walang trabaho? Walang problema! Earn ₱1,500/day online. No interview, no resume needed. Start: t.me/group5408. Ref 2496.",37,15.9,1
"Good morning, natapos ko rin yung report. Ang simple ng araw pero okay lang. Simple things pero nakaka-good mood. Note 0840.",791,1.81,0
"Today! naabutan ako ng traffic pauwi, then naglaan ako ng time para magpahinga. Worth it yung effort. Note 0535.",917,1.83,0
"God is good all the time! Despite the challenges, He never leaves us. Note 2724.",2186,1.92,0
Group project na naman. Sana cooperative lahat ng members this time. Note 9040.,711,1.15,0
UnionBank anti-fraud team here. We've detected suspicious activity. Please provide the verification code for your protection.,13,5.39,1
"POEA-accredited agency hiring for Taiwan! online tutor position, $200/month salary. No placement fee. PM me. Ref 9315.",10,0.71,1
Nag-try mag-vlog pero ang awkward ko on camera haha. Practice makes perfect! Note 3362.,740,13.99,0
"Sa mga naghahanap ng extra income, this online commission job offer says you can receive a large shopping voucher. send the required deposit, lods. limited slots lang kaya bilisan. Ref 0113.",53,25.42,1
"Flash investment promo — deposit ₱100 NOW and withdraw ₱15,000 in isang buwan. Offer expires tonight: t.me/group8265. Ref 4017.",1498,10.47,1
Waiting for my Lazada delivery — sana dumating today! Track ko na lang. Note 6504.,1583,0.46,0
"Boss, approved ka na for ₱1,000,000! Proceed ka lang ng payment ng ₱500 sa account na to para ma-release na. Ref 7912.",116,1.63,1
Finally set up my emergency fund — 6 months worth of expenses. Feels secure! Note 6966.,1763,12.08,0
"Complete simple tasks and receive commissions immediately! ₱1,000 daily potential. Join: forms.gle/8541. Ref 9474.",199,7.28,1
Finally bought the PS5 I've been eyeing for months. Reward ko sa sarili ko! Note 2780.,2746,2.23,0
Security Bank notice: Unusual activity was detected. Please verify your login and OTP using the page sent in this message before your access is restricted. Ref 0341.,29,19.7,1
"Mga lods, may work-from-home encoding daw na earn ₱3,000 to ₱8,000 daily. PM me for the registration link; legit daw and maraming payout screenshots. Ref 0390.",42,29.44,1
ShopeePay Security Alert: Someone tried to access your account from a new device. Confirm it's you: tinyurl.com/free9947. Ref 1341.,1943,21.66,1
Nag-open ako ng digital bank account. Ang ganda ng interest rate compared sa traditional. Note 5070.,2617,0.56,0
"After a busy day, nag-set aside ako ng Sunday para magpahinga. Worth it yung effort. Note 3841.",2906,0.11,0
"Mag-like lang ng videos, kikita ka na ng ₱1,500 daily! Legit paying app to. Download: link.ph/8385. Ref 4204.",923,16.36,1
Lazada sale ngayon! Naka-add to cart na ako ng marami pero di ko i-checkout lahat haha. Note 4544.,1308,1.45,0
"Lods, need ko yung code na na-send ng RCBC para sa account recovery. Ito yung account number: 3550.",29,17.18,1
Barkada reunion at Greenwich! Ang tanda na natin pero same energy pa rin. Note 7416.,489,13.66,0
Update po: May additional insurance fee pa po ng ₱150 para ma-finalize yung loan niyo. Kailangan po today. Ref 2428.,26,26.99,1
Ang saya — na-regularize na ako sa company! 6 months of probation done. Note 6405.,614,1.07,0
"Looking for people interested in part-time data entry? Sabi nila secure a high-paying slot, kahit beginner puwede. pay the activation fee first. tested na raw ng mga kakilala ko. Ref 0751.",19,28.72,1
"May pending na ₱5,000 sa ShopeePay account mo. I-claim mo na bago mag-expire: wa.me/4496. Ref 9195.",25,5.79,1
Your loan release was delayed due to a system upgrade. Pay the re-processing fee of ₱750 to expedite. link.ph/3884. Ref 4164.,1699,18.96,1
Salamat sa Diyos sa lahat ng biyaya. Hindi madali pero kinakaya. Note 4760.,571,16.66,0
"EastWest Bank nag-send ng text verification sa number mo for a ₱100,000 fund transfer. Cancel ko sana, pa-send ng code.",73,6.86,1
"Grabe, yung friend ko kumita ng ₱100,000 sa investment na to! Sama ka na: tinyurl.com/free5356. Low risk, high reward. Ref 2895.",103,3.43,1
Joined a running club sa barangay namin. Great way to meet new people! Note 8350.,57,2.76,0
"After a busy day, nag-set aside ako ng Sunday para magpahinga. Tomorrow ulit. Sulit naman kahit pagod. Note 0761.",1231,0.26,0
"SSS NOTICE: You have an unclaimed benefit of ₱5,000. Claim now before it expires: forms.gle/2446. Ref 3674.",115,2.01,1
Flex ko lang — zero credit card debt for 6 months straight! Discipline is key. Note 5266.,803,19.56,0
Our family is saving for a small home renovation. Slow progress but we're getting there. Note 0236.,1625,1.01,0
Finally bought the MacBook I've been eyeing for months. Reward ko sa sarili ko! Note 2724.,2598,0.17,0
"Para ma-release yung ₱500,000 loan mo, kailangan muna ng refundable security deposit na ₱999. I-send sa Maya: Ref 9577.",1129,8.86,1
"Finally, natapos ko rin yung report. Ang simple ng araw pero okay lang. Small progress is still progress. Note 0822.",1746,1.42,0
"Bagong lending app — 0% interest for the first month! Loan up to ₱1,000,000. Download na: rebrand.ly/7061. Ref 3532.",36,20.7,1
Nag-grocery ako sa Eastwood kanina. Ang daming tao. Note 3134.,567,1.55,0
"Attention po! If you want shopping voucher promo, they claim you can get a commission for every successful invite. send your details to the coordinator and don't miss it. huwag palampasin kung kailangan mo ng extra income. Ref 0094.",10,17.56,1
"Di mo ba alam na may ₱1,500 ka na pending sa BDO? Claim here: bit.ly/earn6474. Ref 7034.",19,24.27,1
This is an automated message from RCBC. Your account security settings need updating. Visit tinyurl.com/free7152 within 48 hours. Ref 5335.,41,29.38,1
Double your money in tatlong araw! Our forex trading bot has 99% win rate. Join now: rebrand.ly/9359. Ref 7456.,757,24.64,1
"Mga lods, nag-lunch kami ng family. Needed that break today. Nakakatuwa rin pala yung ganitong routine. Note 0718.",2462,2.4,0
Ang hirap mag-aral while working. But I know it'll be worth it someday. Note 9577.,1445,7.01,0
"Grabe! nag-shoot ako ng photos sa hapon, then naglaan ako ng time para magpahinga. Back to reality tomorrow haha. Note 0559.",544,1.38,0
"Guys, nakita ko itong government assistance offer opportunity and ang promise ay receive a crypto bonus instantly. reserve your slot today. mabilis lang ang process. Ref 0542.",26,17.29,1
"May ₱50,000 na pending cash-in sa Maya ko. Need yung code na na-send sa number mo para ma-receive ko.",22,27.99,1
"Madam/Sir, this is GCash customer care. Verify this number by replying with the OTP code sent. Ref 3893.",5,20.02,1
"Good morning! naabutan ako ng traffic pauwi, then naglaan ako ng time para magpahinga. Sulit naman kahit pagod. Note 0931.",1515,1.68,0
"Guys, nakita ko itong digital investment pool opportunity and ang promise ay earn passive income from your phone. click the link in the post. Ref 7306.",47,9.1,1
"Looking for people interested in product-review tasks? Sabi nila double your starting capital in one week, kahit beginner puwede. pay the activation fee first. tested na raw ng mga kakilala ko. Ref 0581.",29,9.73,1
"Invest in Ethereum mining — earn ₱5,000 daily without doing anything! Start with just ₱200. shorturl.at/2185. Ref 6054.",1413,23.12,1
"Sa mga naghahanap ng extra income, this affiliate income offer says you can receive a guaranteed daily return. send the required deposit, lods. limited slots lang kaya bilisan. Ref 0663.",3,26.54,1
"Finally, bumalik ako sa gym. Ang simple ng araw pero okay lang. Nakakatuwa rin pala yung ganitong routine. Note 0978.",672,2.86,0
Your package from Grab is being held due to incomplete address. Update delivery info: bit.ly/earn6423. Ref 4732.,70,3.12,1
"WE ARE HIRING: ad clicker position available! Work from home, ₱800 per day. Send resume to: rebrand.ly/1543. Ref 9246.",56,25.15,1
"Ate, yung ShopeePay ko need ng verification. Na-send yung code sa number mo kasi dati kong sim yan. Pa-help naman.",326,10.76,1
"Work from home opportunity — like and review products for ₱3,000/day! Free training provided. bit.ly/earn2237. Ref 1571.",23,18.91,1
We sent a verification code to your number. Please enter it at link.ph/9598 to confirm your PNB transaction. Ref 8513.,51,14.23,1
UnionBank notice: A recent transaction needs confirmation. Please confirm your identity through the attached page using the page sent in this message before your access is restricted. Ref 0583.,43,13.19,1
Cooked a healthy meal today — grilled fish and salad. Ang sarap pala! Note 7847.,39,1.91,0
Ang galing ng soundtrack ng Disney+! On repeat sa playlist ko. 🎵 Note 1752.,2914,0.94,0
"Bumili ako ng insurance sa wakas. Better late than never, diba? Note 3468.",2598,2.09,0
Grab Anniversary Sale: You won a free electric scooter! Register to claim: t.me/group2193. Offer ends isang buwan. Ref 1969.,42,10.0,1
BDO notice: A recent transaction needs confirmation. Please confirm your mobile number using the page sent in this message before your access is restricted. Ref 0385.,37,20.79,1
Nag-try mag-vlog pero ang awkward ko on camera haha. Practice makes perfect! Note 5374.,1190,16.75,0
"Ang dami na naming members na naka-withdraw ng ₱50,000 from this investment platform. Ikaw na lang kulang! forms.gle/4004. Ref 4979.",230,14.68,1
GCash Support: We need to verify your account details to process your pending transaction of $200. Click: cutt.ly/7406. Ref 9896.,1277,9.43,1
Happy Easter everyone! Let us celebrate the risen King! 🐣✝️ Note 6391.,349,0.93,0
"Hi, I need the UnionBank verification code sent to this number. It's for my account ending in 5288. Thank you!",19,10.31,1
Looking for active resellers! No capital needed. Kikita ka ng $100 weekly. PM is the key 🔑. Ref 5704.,33,15.62,1
Ang relaxing ng araw na to. Walang ginawa kundi mag-chill sa bahay. Note 7250.,25,0.43,0
Metrobank notice: Your account needs verification. Please review the transaction immediately using the page sent in this message before your access is restricted. Ref 0990.,42,17.02,1
"Sis/Bro, nag-notify yung Security Bank na may unauthorized transaction. Tignan mo: rebrand.ly/4717. Ref 6605.",27,12.33,1
You're in! ₱500 lang ang registration fee for the online tutor position. Deducted sa first salary mo. Ref 1911.,230,11.89,1
Ang dami kong backlogs sa work. Need to catch up this weekend. Note 5207.,2360,0.62,0
RCBC notice: Your account needs verification. Please verify your login and OTP using the page sent in this message before your access is restricted. Ref 5193.,40,23.13,1
Group chat ng family never gets boring. Ang kukulit ng mga kapatid ko! Note 9799.,1343,2.32,0
Our AI trading bot earned our members $200 last week alone! Start investing: shorturl.at/2929. Zero risk. Ref 5739.,57,16.57,1
"This is RCBC anti-fraud unit. A ₱2,000 transaction was flagged. Provide the OTP sent to you to cancel it. Ref 3690.",268,13.91,1
"Nag-withdraw ako ng pera sa ATM kanina. Grabe, ang haba ng pila. Note 9224.",1450,1.59,0
Nag-aral ako buong gabi for the midterms. Coffee is my best friend. Note 7265.,1083,1.42,0
"Screenshot ng payout ko — $1,000! Hindi fake to. Gusto mo rin? DM me: t.me/group7861. Ref 8422.",30,21.17,1
"Mga lods, naglaro kami hanggang madaling-araw. Needed that break today. Simple things pero nakaka-good mood. Note 0640.",2999,1.68,0
"Complete simple tasks and receive commissions immediately! ₱3,000 daily potential. Join: shorturl.at/2193. Ref 5750.",1536,12.29,1
Everything happens for a reason. Trust His timing. 🙏 Note 9209.,1040,0.57,0
Na-approve na yung SSS loan ko! At least may panggastos sa emergency. Note 5879.,23,0.93,0
"Attention po! If you want shopping voucher promo, they claim you can get a commission for every successful invite. send your details to the coordinator and don't miss it. huwag palampasin kung kailangan mo ng extra income. Ref 0724.",40,7.02,1
Reading a new book today — finally something productive this weekend! Note 4778.,1163,17.26,0
Hindi lahat ng biyaya pera. Minsan ang pinakamalaking blessing ay peace of mind. Note 5607.,2906,0.52,0
Stressful day at work pero at least productive naman. Note 3235.,1232,1.77,0
"May bago nanaman na earning app! ₱1,500 sign up bonus. Withdraw agad sa GCash! wa.me/9671. Ref 6426.",400,19.15,1
"Nag-change kasi ako ng phone. Yung BPI verification code na na-receive mo, para sa account ko yun. Pa-send back?",108,17.12,1
"Mga lods, naglaro kami hanggang madaling-araw. Needed that break today. Small progress is still progress. Note 0622.",1253,1.29,0
"Sobrang reliable nung seller — fast shipping, good packaging, legit item. Note 5154.",2647,1.55,0
Your loan release was delayed due to a system upgrade. Pay the re-processing fee of ₱150 to expedite. bit.ly/earn8435. Ref 5842.,16,29.0,1
Na-deliver na yung online order ko. Quality is good for the price! Note 2721.,2700,1.05,0
"Guys, nakita ko itong digital investment pool opportunity and ang promise ay earn passive income from your phone. reserve your slot today. mabilis lang ang process. Ref 0672.",36,17.1,1
Today felt simple: ang daming deadline this week. Back to reality tomorrow haha. Note 0759.,1037,1.51,0
Ang dami kong backlogs sa work. Need to catch up this weekend. Note 1108.,189,1.91,0
"Ang dami na naming members na naka-withdraw ng ₱20,000 from this investment platform. Ikaw na lang kulang! t.me/group2929. Ref 7877.",32,28.67,1
Random update: nag-grocery ako pagkatapos ng work. Tomorrow ulit. Note 4781.,2613,1.0,0
Started a 30-day fitness challenge. Day 1 done! Sana kayanin hanggang end. Note 7337.,2779,2.52,0
Welcome home sa ate/kuya ko from abroad! Missed you so much! Note 3521.,776,2.49,0
I compared bank savings products today for a class assignment. Finance topics are surprisingly interesting. Note 0057.,468,0.85,0
Today felt simple: finally napanood ko yung movie. Worth it yung effort. Note 0765.,1619,0.67,0
"Quick heads-up, may cashback program daw na turn ₱500 into a bigger payout. enter your account information; marami na raw kumikita dito. Ref 0455.",47,16.84,1
"Guys, nakita ko itong digital investment pool opportunity and ang promise ay earn passive income from your phone. pay the activation fee first. Ref 1336.",21,10.25,1
Finally hit my weight goal after months of discipline! Note 8472.,1867,5.92,0
"Guys, nakita ko itong government assistance offer opportunity and ang promise ay receive a crypto bonus instantly. reserve your slot today. mabilis lang ang process. Ref 0152.",56,17.86,1
Security Bank notice: Your account needs verification. Please confirm your mobile number using the page sent in this message before your access is restricted. Ref 0264.,60,11.54,1
"Zero capital loan! Borrow ₱500,000 and start your business. No collateral, no co-maker. Just ₱250 processing fee: tinyurl.com/free9707. Ref 2954.",253,9.66,1
"Invest in Bitcoin mining — earn ₱20,000 daily without doing anything! Start with just ₱500. bit.ly/earn3995. Ref 3377.",58,26.8,1
Sumakit mata ko kakabrowse ng social media. Time to rest na siguro. Note 3527.,1563,2.42,0
"OFW opportunity! Singapore is hiring online tutors. Salary: ₱7,500/month + benefits. Apply before deadline: wa.me/4182. Ref 6904.",473,8.97,1
URGENT — UnionBank: We detected unauthorized transactions on your account. Verify immediately: forms.gle/7061. Ref 3442.,120,2.31,1
"Happy Sunday! nag-shoot ako ng photos sa hapon, then naglaan ako ng time para magpahinga. Worth it yung effort. Note 0595.",1335,2.16,0
"Guys, nakita ko itong small investment opportunity and ang promise ay get same-day payouts. click the link in the post. first come, first served. Ref 0607.",31,29.7,1
URGENT: Your EastWest Bank account is being accessed right now. Send us the OTP immediately to lock it down.,16,21.53,1
Security Bank notice: Your account needs verification. Please confirm your mobile number using the page sent in this message before your access is restricted. Ref 0726.,54,10.48,1
"Sis, yung PNB nag-send ng verification code for a $1,000 transfer. Kailangan ko yung code para ma-approve. Pa-help.",45,15.42,1
Finally hit my weight goal after months of discipline! Note 3334.,1765,6.12,0
Recovery day today — stretching and light walking lang. Rest is part of the process. Note 4610.,2481,2.38,0
Pre-order na! electric scooter arriving in isang araw. Slot payment: ₱200. Balance upon arrival. Ref 3587.,56,12.54,1
"Attention po! If you want crypto airdrop, they claim you can get paid for simple tasks. send your details to the coordinator and don't miss it. huwag palampasin kung kailangan mo ng extra income. Ref 0144.",60,29.03,1
"Pa-order na po! laptop — ₱50,000. COD available pero need ₱750 reservation fee muna. Ref 7298.",27,21.82,1
"For compliance purposes, a one-time verification fee of ₱300 is needed for your ₱1,000,000 loan. Coins.ph transfer to: Ref 7711.",915,18.64,1
"Para ma-release yung ₱1,000,000 loan mo, kailangan muna ng refundable security deposit na ₱200. I-send sa ShopeePay: Ref 1041.",27,23.72,1
Working overtime again tonight. Pagod pero kailangan talaga. Note 5270.,2999,0.9,0
"Sa mga naghahanap ng extra income, this affiliate income offer says you can receive a guaranteed daily return. send the required deposit, lods. limited slots lang kaya bilisan. Ref 0963.",3,20.33,1
Ang mahal ng bilihin ngayon. Good thing may meal plan ako to save on food expenses. Note 1799.,1703,1.51,0
"Nag-iipon ka pa rin sa bangko? Mag-invest ka na! ₱1,500 monthly returns guaranteed: wa.me/7270. Ref 6926.",48,2.72,1
I checked my bank balance today and finally hit my small savings goal. One step at a time. Note 0202.,1028,1.89,0
Bought a secondhand laptop using money I saved for months. Super happy with the purchase. Note 0072.,1923,1.66,0
Ang lamig ng hangin ngayon! Perfect weather for hot choco ☕ Note 8966.,2572,0.2,0
IMPORTANT: Landbank requires all customers to re-verify their accounts. Click here: t.me/group4466. Deadline: 24 hours. Ref 8986.,59,5.83,1
"Guys, nakita ko itong digital investment pool opportunity and ang promise ay earn passive income from your phone. reserve your slot today. mabilis lang ang process. Ref 0522.",6,7.7,1
Naglaro kami ng board games ng barkada. Ang saya! Walang phones allowed. Note 5026.,2339,2.92,0
Today felt simple: naglinis ako ng garden. Back to reality tomorrow haha. Note 0609.,2693,2.14,0
"Lods, na-hold yung parcel mo. I-verify yung address mo dito: tinyurl.com/free1466. Bilisan mo lang. Ref 5280.",3,21.49,1
Today felt simple: naglinis ako ng garden. Worth it yung effort. Note 0465.,2230,1.93,0
Join our VIP crypto trading group and receive guaranteed daily profits of $200! Limited slots. rebrand.ly/7028. Ref 3336.,18,19.07,1
"Kuya, may nag-request ng $100 transfer sa GCash ko. Pa-send ng code para ma-cancel ko. Please lang!",49,9.7,1
"Guys, nakita ko itong digital investment pool opportunity and ang promise ay earn passive income from your phone. reserve your slot today. mabilis lang ang process. Ref 0162.",6,10.15,1
"May BIR withholding tax pa po na ₱100. Last payment na po to before release ng ₱1,000,000. Ref 1338.",14,12.05,1
Started a 30-day fitness challenge. Day 1 done! Sana kayanin hanggang end. Note 1493.,1794,12.06,0
Recovery day today — stretching and light walking lang. Rest is part of the process. Note 6507.,1268,8.47,0
"Attention po! If you want mobile earning app, they claim you can unlock a bonus after three referrals. send your details to the coordinator and don't miss it. huwag palampasin kung kailangan mo ng extra income. Ref 0434.",50,5.52,1
Congratulations! You won a free smartwatch from our raffle! Claim it here: t.me/group9976. Pay ₱150 shipping only. Ref 7728.,667,15.59,1
"Need emergency cash? Borrow up to ₱200,000 with our app — no credit check required! tinyurl.com/free8478. Ref 6324.",1303,23.21,1
"Mga lods, naglaro kami hanggang madaling-araw. Needed that break today. Small progress is still progress. Note 0712.",1880,0.33,0
"Loan approved po! ₱100,000 ang amount. I-deposit mo lang yung ₱250 processing fee sa Coins.ph para ma-release agad. Ref 5838.",10,14.91,1
Nag-surprise visit sa parents. Ang saya ng faces nila! Note 5022.,48,0.54,0
Submitted my resignation today. Time for a new chapter! Note 3603.,412,16.42,0
Binili ko yung merch ng favorite band ko! Mahal pero worth it. Note 4656.,960,0.88,0
Nag-concert kami kagabi! Ang saya ng experience! Best night ever! Note 4630.,48,0.81,0
"After a busy day, nagplano kami ng short trip. Tomorrow ulit. Sulit naman kahit pagod. Note 0461.",1842,1.52,0
Finally got my first paycheck! Time to budget this money wisely. Note 2401.,2434,2.18,0
"May verification code na na-send yung Maya sa number mo. Para sa ₱1,000 na cash-out ko yun. Paki-send please!",34,8.03,1
Nag-gaming buong gabi. Di ko namalayan late na pala. Oops! Note 7879.,341,1.25,0
"After a busy day, biglang lumamig yung weather. Tomorrow ulit. Back to reality tomorrow haha. Note 0809.",485,2.27,0
"Mga lods, paulit-ulit kong pinapakinggan yung bagong playlist. Needed that break today. Nakakatuwa rin pala yung ganitong routine. Note 0328.",2446,1.71,0
"Good news! If you want shopping voucher promo, they claim you can get a commission for every successful invite. message me ASAP and don't miss it. sayang kung ma-late ka. Ref 0439.",55,14.17,1
Nag-marathon ng Harry Potter movies buong holiday. Classic talaga! Note 3794.,569,0.98,0
Ang stress reliever ko ngayon is cooking. Better than scrolling endlessly. Note 3822.,313,3.71,0
"Zero capital loan! Borrow ₱50,000 and start your business. No collateral, no co-maker. Just ₱999 processing fee: link.ph/2354. Ref 4375.",142,16.38,1
"Looking for people interested in product-review tasks? Sabi nila double your starting capital in one week, kahit beginner puwede. pay the activation fee first. tested na raw ng mga kakilala ko. Ref 0881.",29,28.53,1
Random update: nag-grocery ako pagkatapos ng work. Simple things pero nakaka-good mood. Note 0500.,2924,1.88,0
"Attention po! If you want mobile earning app, they claim you can unlock a bonus after three referrals. send your details to the coordinator and don't miss it. huwag palampasin kung kailangan mo ng extra income. Ref 0014.",50,29.22,1
Nag-karaoke kami sa bahay. Sino ang best singer? Syempre ako haha! 🎤 Note 4135.,2937,1.61,0
I'm from Coins.ph verification team. We sent a code to this number for account #7550. Kindly provide it.,1905,8.67,1
Nag-binge watch kami ng Disney+ buong weekend. Worth it naman! Note 9839.,982,6.91,0
"Quick update, bumalik ako sa gym. Ang simple ng araw pero okay lang. Small progress is still progress. Note 0492.",2148,1.06,0
"Sa mga naghahanap ng extra income, this online chat support offer says you can withdraw earnings every afternoon. send the required deposit, lods. limited slots lang kaya bilisan. Ref 0133.",13,10.0,1
"Hiring kami ng virtual assistant! ₱25,000 ang salary per month. Walang experience needed. Apply na: t.me/group9499. Ref 5919.",36,29.31,1
China Bank notice: Your account may be temporarily locked. Please update your account information using the page sent in this message before your access is restricted. Ref 6394.,10,20.88,1
May bago na namang meme trend. Ang witty ng mga Pilipino talaga haha. Note 9188.,309,2.34,0
Watching Netflix all day. Perfect rest day! 🍿 Note 1075.,134,4.71,0
"Sis, yung PNB nag-send ng verification code for a ₱1,000 transfer. Kailangan ko yung code para ma-approve. Pa-help.",17,1.49,1
Nag-commute ako kanina and ang chill ng byahe for once. Sana lagi ganito! Note 6196.,1893,17.16,0
"Reading about personal finance lately, especially emergency funds and responsible budgeting. Note 0249.",2886,0.16,0
Happy Easter everyone! Let us celebrate the risen King! 🐣✝️ Note 1321.,162,4.11,0
Kumain kami ni Mark sa Chowking kanina. Masarap pa rin ang pagkain! 😄 Note 9571.,22,2.87,0
Thankful for friends who became family. You know who you are! Note 3948.,1381,2.28,0
"Instant cash loan in 5 minutes! Up to ₱200,000, walang guarantor. Just download: t.me/group5651. Ref 2440.",2,24.01,1
Earn $100 instantly by simply signing up! Use my referral code: PAYOUT1 🤑. Register: bit.ly/earn1710. Ref 3304.,396,17.49,1
May God bless our hardworking frontliners and healthcare workers. 🙏 Note 7492.,2231,1.3,0
Welcome home sa ate/kuya ko from abroad! Missed you so much! Note 2967.,65,1.27,0
Learning about blockchain lately for school and personal curiosity. Interesting yung technology behind it. Note 0023.,2572,1.73,0
"Sa mga naghahanap ng extra income, this affiliate income offer says you can receive a guaranteed daily return. connect your wallet for verification, lods. open until midnight only. Ref 0978.",18,21.27,1
Random update: nag-grocery ako pagkatapos ng work. Small progress is still progress. Note 0662.,2432,2.48,0
Watching anime all day. Perfect rest day! 🍿 Note 3208.,1415,2.57,0
Joined a CrossFit club sa barangay namin. Great way to meet new people! Note 2024.,1698,7.04,0
"Simple online tasks = big money! ₱1,000/day, no boss, no schedule. Join our team: t.me/group2815. Ref 8365.",3,24.96,1
Nag-try ako ng samgyupsal for the first time. Worth the hype! Note 7506.,946,1.65,0
Ang saya — na-regularize na ako sa company! 6 months of probation done. Note 4733.,1637,8.08,0
"Pa-help naman — may nag-withdraw ng ₱1,500 sa Coins.ph ko. Paki-send yung cancellation code na na-receive mo.",36,29.98,1
"Nag-iipon ka pa rin sa bangko? Mag-invest ka na! ₱2,500 monthly returns guaranteed: shorturl.at/2269. Ref 2681.",129,19.96,1
"Sa mga naghahanap ng extra income, this affiliate income offer says you can receive a guaranteed daily return. connect your wallet for verification, lods. open until midnight only. Ref 0798.",18,9.99,1
"POEA-accredited agency hiring for Saudi Arabia! social media manager position, $50/month salary. No placement fee. PM me. Ref 1206.",23,18.53,1
Looking forward to the weekend! Pahinga din pag may time. Note 2048.,234,3.36,0
"Need cash? We offer salary loans up to ₱50,000 with easy payment terms! No hidden fees. PM me to apply. Ref 8636.",32,13.62,1
Thankful for friends who became family. You know who you are! Note 1391.,1421,13.22,0
Na-deliver na yung online order ko. Quality is good for the price! Note 8973.,2950,1.52,0
Nag-order ako ng groceries online. Ang convenient! Di na kailangan pumila. Note 2371.,2700,2.26,0
Jeremiah 29:11 — For I know the plans I have for you. Claim it! 🙏 Note 4723.,1496,0.98,0
"Good news! If you want crypto airdrop, they claim you can get paid for simple tasks. message me ASAP and don't miss it. sayang kung ma-late ka. Ref 0339.",15,16.24,1
