text,account_age,posting_frequency,label
"Good news! If you want shopping voucher promo, they claim you can get a commission for every successful invite. message me ASAP and don't miss it. sayang kung ma-late ka. Ref 0859.",55,15.48,1
"Looking for people interested in part-time data entry? Sabi nila secure a high-paying slot, kahit beginner puwede. submit the online form. no experience needed, perfect for beginners. Ref 0586.",34,18.38,1
"Mga lods, may referral program daw na make dollars without experience. PM me for the registration link; legit daw and maraming payout screenshots. Ref 0010.",22,22.3,1
"Guys, nakita ko itong digital investment pool opportunity and ang promise ay earn passive income from your phone. reserve your slot today. mabilis lang ang process. Ref 0312.",36,19.55,1
"Sa mga naghahanap ng extra income, this online chat support offer says you can withdraw earnings every afternoon. connect your wallet for verification, lods. open until midnight only. Ref 0478.",58,6.61,1
"After a busy day, nag-set aside ako ng Sunday para magpahinga. Tomorrow ulit. Worth it yung effort. Note 0635.",2514,0.44,0
"Looking for people interested in foreign-currency trading? Sabi nila claim a limited cash reward, kahit beginner puwede. submit the online form. no experience needed, perfect for beginners. Ref 0366.",54,12.93,1
"Guys, nakita ko itong digital investment pool opportunity and ang promise ay earn passive income from your phone. reserve your slot today. mabilis lang ang process. Ref 0972.",36,10.89,1
Random update: nag-grocery ako pagkatapos ng work. Small progress is still progress. Note 0932.,1612,2.51,0
"Small win today! naabutan ako ng traffic pauwi, then naglaan ako ng time para magpahinga. Worth it yung effort. Note 0355.",2364,0.84,0
"Attention po! If you want mobile earning app, they claim you can unlock a bonus after three referrals. send your details to the coordinator and don't miss it. huwag palampasin kung kailangan mo ng extra income. Ref 0764.",20,26.2,1
Bought a secondhand laptop using money I saved for months. Super happy with the purchase. Note 0232.,1237,0.6,0
"Sa mga naghahanap ng extra income, this online commission job offer says you can receive a large shopping voucher. connect your wallet for verification, lods. open until midnight only. Ref 0458.",38,22.03,1
"Looking for people interested in foreign-currency trading? Sabi nila claim a limited cash reward, kahit beginner puwede. pay the activation fee first. tested na raw ng mga kakilala ko. Ref 0351.",39,11.99,1
Random update: nag-grocery ako pagkatapos ng work. Need ko talaga ng rest after that. Note 0824.,1940,0.17,0
Today felt simple: ang daming deadline this week. At least productive ang araw. Note 0687.,2156,2.86,0
"Mga lods, may cashback program daw na turn ₱500 into a bigger payout. PM me for the registration link; legit daw and maraming payout screenshots. Ref 0650.",2,29.06,1
"Grabe, natapos ko rin yung report. Ang simple ng araw pero okay lang. Simple things pero nakaka-good mood. Note 0390.",357,0.79,0
Today felt simple: ang daming deadline this week. Sulit naman kahit pagod. Note 0471.,2812,1.09,0
"Guys, nakita ko itong government assistance offer opportunity and ang promise ay receive a crypto bonus instantly. reserve your slot today. mabilis lang ang process. Ref 0422.",26,9.77,1
"Crypto prices are interesting to watch, but I'm only reading about the market for now. Note 0111.",304,2.02,0
BDO notice: Your account needs verification. Please verify your login and OTP using the page sent in this message before your access is restricted. Ref 0924.,60,27.89,1
"Quick heads-up, may cashback program daw na turn ₱500 into a bigger payout. enter your account information; marami na raw kumikita dito. Ref 0005.",17,13.65,1
"Late-night thoughts, bumalik ako sa gym. Ang simple ng araw pero okay lang. Walang grand plan, enjoy lang muna. Note 0906.",1791,1.3,0
RCBC notice: Unusual activity was detected. Please confirm your mobile number using the page sent in this message before your access is restricted. Ref 0473.,53,22.97,1
"Small win today, nag-try ako ng bagong recipe. Ang simple ng araw pero okay lang. Small progress is still progress. Note 0342.",1103,1.69,0
"Finally! nag-shoot ako ng photos sa hapon, then naglaan ako ng time para magpahinga. Sana mas relaxed ang next few days. Note 0523.",2454,0.6,0
"Reading about personal finance lately, especially emergency funds and responsible budgeting. Note 0009.",1214,1.75,0
Today felt simple: ang daming deadline this week. Back to reality tomorrow haha. Note 0399.,1230,2.44,0
I transferred part of my allowance to savings today. Maliit lang pero consistent is the goal. Note 0026.,2863,1.31,0
"Good news! If you want mobile earning app, they claim you can unlock a bonus after three referrals. message me ASAP and don't miss it. sayang kung ma-late ka. Ref 0509.",5,10.22,1
"After work, bumalik ako sa gym. Ang simple ng araw pero okay lang. Nakakatuwa rin pala yung ganitong routine. Note 0708.",1492,2.83,0
"Mga lods, nag-lunch kami ng family. Needed that break today. Small progress is still progress. Note 0322.",1864,2.55,0
Just opened a savings account at Security Bank para masanay akong magtabi ng money every month. Note 0180.,1595,1.09,0
"Guys, nakita ko itong digital investment pool opportunity and ang promise ay earn passive income from your phone. reserve your slot today. mabilis lang ang process. Ref 0522.",6,7.7,1
"Mga lods, may work-from-home encoding daw na earn ₱3,000 to ₱8,000 daily. PM me for the registration link; legit daw and maraming payout screenshots. Ref 0960.",12,15.14,1
"Mga lods, may work-from-home encoding daw na earn ₱3,000 to ₱8,000 daily. PM me for the registration link; legit daw and maraming payout screenshots. Ref 0720.",12,25.11,1
BDO notice: A security review is required. Please review the transaction immediately using the page sent in this message before your access is restricted. Ref 0693.,33,28.42,1
"Guys, nakita ko itong government assistance offer opportunity and ang promise ay receive a crypto bonus instantly. reserve your slot today. mabilis lang ang process. Ref 0722.",26,28.57,1
"Looking for people interested in part-time data entry? Sabi nila secure a high-paying slot, kahit beginner puwede. pay the activation fee first. tested na raw ng mga kakilala ko. Ref 0661.",49,23.08,1
Random update: nag-grocery ako pagkatapos ng work. Simple things pero nakaka-good mood. Note 0770.,2104,1.91,0
"Random update: nakahanap ako ng tahimik na café. Walang grand plan, enjoy lang muna. Note 0386.",2670,0.38,0
Learning about blockchain lately for school and personal curiosity. Interesting yung technology behind it. Note 0143.,707,2.39,0
"After work! naabutan ako ng traffic pauwi, then naglaan ako ng time para magpahinga. Sana mas relaxed ang next few days. Note 0643.",589,1.26,0
"Quick heads-up, may referral program daw na make dollars without experience. enter your account information; marami na raw kumikita dito. Ref 0355.",7,18.91,1
"Quick heads-up, may work-from-home encoding daw na earn ₱3,000 to ₱8,000 daily. enter your account information; marami na raw kumikita dito. Ref 0675.",27,22.29,1
"Sa mga naghahanap ng extra income, this online commission job offer says you can receive a large shopping voucher. connect your wallet for verification, lods. open until midnight only. Ref 0038.",38,20.72,1
"Guys, nakita ko itong small investment opportunity and ang promise ay get same-day payouts. reserve your slot today. mabilis lang ang process. Ref 0172.",16,27.45,1
"After class, natapos ko rin yung report. Ang simple ng araw pero okay lang. Walang grand plan, enjoy lang muna. Note 0696.",328,1.6,0
Today felt simple: ang daming deadline this week. Sana mas relaxed ang next few days. Note 0633.,2320,1.69,0
Random update: sobrang kulit ng aso namin. Need ko talaga ng rest after that. Note 0974.,2985,2.45,0
"Sa mga naghahanap ng extra income, this online commission job offer says you can receive a large shopping voucher. connect your wallet for verification, lods. open until midnight only. Ref 0128.",8,26.36,1
"Looking for people interested in product-review tasks? Sabi nila double your starting capital in one week, kahit beginner puwede. submit the online form. no experience needed, perfect for beginners. Ref 0266.",14,15.0,1
"Napa-post lang ako, natapos ko rin yung report. Ang simple ng araw pero okay lang. Need ko talaga ng rest after that. Note 0714.",2074,1.99,0
"Mga lods, nag-lunch kami ng family. Needed that break today. Nakakatuwa rin pala yung ganitong routine. Note 0358.",2655,0.42,0
"Mga lods, may referral program daw na make dollars without experience. PM me for the registration link; legit daw and maraming payout screenshots. Ref 0460.",52,25.49,1
"Quick heads-up, may cashback program daw na turn ₱500 into a bigger payout. enter your account information; marami na raw kumikita dito. Ref 0215.",47,26.81,1
"Looking for people interested in foreign-currency trading? Sabi nila claim a limited cash reward, kahit beginner puwede. pay the activation fee first. tested na raw ng mga kakilala ko. Ref 0861.",9,18.94,1
BPI notice: Your account may be temporarily locked. Please confirm your mobile number using the page sent in this message before your access is restricted. Ref 0176.,44,9.36,1
"Guys, nakita ko itong digital investment pool opportunity and ang promise ay earn passive income from your phone. click the link in the post. first come, first served. Ref 0747.",51,21.8,1
Got paid for a legitimate freelance project today. Deposited most of it and kept a little for weekend food. Note 0238.,1819,2.67,0
Random update: sobrang kulit ng aso namin. Nakakatuwa rin pala yung ganitong routine. Note 0848.,1567,2.63,0
"Good news! If you want crypto airdrop, they claim you can get paid for simple tasks. message me ASAP and don't miss it. sayang kung ma-late ka. Ref 0939.",15,28.83,1
"Thank God, approved na yung scholarship allowance ko. Huge help for my school expenses. Note 0094.",1356,2.46,0
"Mga lods, naglaro kami hanggang madaling-araw. Needed that break today. Small progress is still progress. Note 0622.",1253,1.29,0
Learning about blockchain lately for school and personal curiosity. Interesting yung technology behind it. Note 0063.,1050,2.92,0
"Looking for people interested in product-review tasks? Sabi nila double your starting capital in one week, kahit beginner puwede. pay the activation fee first. tested na raw ng mga kakilala ko. Ref 0551.",59,7.85,1
"After a busy day, nag-set aside ako ng Sunday para magpahinga. Tomorrow ulit. At least productive ang araw. Note 0347.",1588,2.93,0
"Guys, nakita ko itong digital investment pool opportunity and ang promise ay earn passive income from your phone. click the link in the post. first come, first served. Ref 0777.",21,23.68,1
"Good morning, natapos ko rin yung report. Ang simple ng araw pero okay lang. Small progress is still progress. Note 0372.",1312,0.4,0
"Guys, nakita ko itong digital investment pool opportunity and ang promise ay earn passive income from your phone. reserve your slot today. mabilis lang ang process. Ref 0012.",36,25.76,1
"Sa mga naghahanap ng extra income, this online chat support offer says you can withdraw earnings every afternoon. connect your wallet for verification, lods. open until midnight only. Ref 0328.",28,22.22,1
"Mga lods, may referral program daw na make dollars without experience. PM me for the registration link; legit daw and maraming payout screenshots. Ref 0250.",22,12.33,1
"Mga lods, may cashback program daw na turn ₱500 into a bigger payout. PM me for the registration link; legit daw and maraming payout screenshots. Ref 0020.",32,14.59,1
"Guys, nakita ko itong government assistance offer opportunity and ang promise ay receive a crypto bonus instantly. reserve your slot today. mabilis lang ang process. Ref 0992.",56,20.48,1
"Sa mga naghahanap ng extra income, this online chat support offer says you can withdraw earnings every afternoon. connect your wallet for verification, lods. open until midnight only. Ref 0928.",28,9.8,1
"Looking for people interested in product-review tasks? Sabi nila double your starting capital in one week, kahit beginner puwede. submit the online form. no experience needed, perfect for beginners. Ref 0236.",44,13.12,1
Metrobank notice: Unusual activity was detected. Please update your account information using the page sent in this message before your access is restricted. Ref 0143.,23,27.3,1
"Looking for people interested in foreign-currency trading? Sabi nila claim a limited cash reward, kahit beginner puwede. submit the online form. no experience needed, perfect for beginners. Ref 0516.",24,22.33,1
"Looking for people interested in product-review tasks? Sabi nila double your starting capital in one week, kahit beginner puwede. submit the online form. no experience needed, perfect for beginners. Ref 0206.",14,11.24,1
"Mga lods, nag-lunch kami ng family. Needed that break today. Simple things pero nakaka-good mood. Note 0610.",2790,2.97,0
"Guys, nakita ko itong digital investment pool opportunity and ang promise ay earn passive income from your phone. reserve your slot today. mabilis lang ang process. Ref 0102.",6,6.39,1
"Looking for people interested in part-time data entry? Sabi nila secure a high-paying slot, kahit beginner puwede. submit the online form. no experience needed, perfect for beginners. Ref 0076.",4,11.43,1
"Mga lods, naglaro kami hanggang madaling-araw. Needed that break today. Nakakatuwa rin pala yung ganitong routine. Note 0658.",2044,2.07,0
"Attention po! If you want crypto airdrop, they claim you can get paid for simple tasks. send your details to the coordinator and don't miss it. huwag palampasin kung kailangan mo ng extra income. Ref 0564.",60,5.33,1
"Mga lods, paulit-ulit kong pinapakinggan yung bagong playlist. Needed that break today. Need ko talaga ng rest after that. Note 0724.",343,1.56,0
Received my salary today and immediately set aside money for rent and utilities. Adulting talaga. Note 0290.,1461,2.18,0
"Attention po! If you want shopping voucher promo, they claim you can get a commission for every successful invite. send your details to the coordinator and don't miss it. huwag palampasin kung kailangan mo ng extra income. Ref 0274.",10,28.84,1
Thankful for today's blessings and for clients who continue supporting our small business. Note 0067.,1438,0.42,0
"Attention po! If you want shopping voucher promo, they claim you can get a commission for every successful invite. send your details to the coordinator and don't miss it. huwag palampasin kung kailangan mo ng extra income. Ref 0244.",40,26.96,1
"Sa mga naghahanap ng extra income, this online chat support offer says you can withdraw earnings every afternoon. send the required deposit, lods. limited slots lang kaya bilisan. Ref 0643.",43,16.95,1
Bought a secondhand laptop using money I saved for months. Super happy with the purchase. Note 0272.,2416,1.79,0
"Sa mga naghahanap ng extra income, this online chat support offer says you can withdraw earnings every afternoon. send the required deposit, lods. limited slots lang kaya bilisan. Ref 0283.",43,19.4,1
Just opened a savings account at UnionBank para masanay akong magtabi ng money every month. Note 0240.,2013,1.42,0
I checked my bank balance today and finally hit my small savings goal. One step at a time. Note 0102.,2132,0.37,0
"Random thought, natapos ko rin yung report. Ang simple ng araw pero okay lang. Nakakatuwa rin pala yung ganitong routine. Note 0408.",2103,1.18,0
"Nag-budget ako ng sweldo this month: bills first, savings second, then saka na yung wants. Note 0024.",2669,2.56,0
"Quick heads-up, may referral program daw na make dollars without experience. enter your account information; marami na raw kumikita dito. Ref 0565.",37,7.06,1
"After a busy day, nagplano kami ng short trip. Tomorrow ulit. Back to reality tomorrow haha. Note 0569.",1514,0.95,0
"Crypto prices are interesting to watch, but I'm only reading about the market for now. Note 0151.",1483,0.3,0
"Guys, nakita ko itong digital investment pool opportunity and ang promise ay earn passive income from your phone. reserve your slot today. mabilis lang ang process. Ref 0282.",6,17.67,1
"Looking for people interested in foreign-currency trading? Sabi nila claim a limited cash reward, kahit beginner puwede. pay the activation fee first. tested na raw ng mga kakilala ko. Ref 0261.",9,6.35,1
"Quick heads-up, may work-from-home encoding daw na earn ₱3,000 to ₱8,000 daily. enter your account information; marami na raw kumikita dito. Ref 0465.",57,9.13,1
Today felt simple: ang daming deadline this week. Back to reality tomorrow haha. Note 0939.,2291,2.5,0
"Guys, nakita ko itong digital investment pool opportunity and ang promise ay earn passive income from your phone. reserve your slot today. mabilis lang ang process. Ref 0372.",36,23.31,1
"Small win today! naabutan ako ng traffic pauwi, then naglaan ako ng time para magpahinga. Sana mas relaxed ang next few days. Note 0823.",1843,2.25,0
"Sa mga naghahanap ng extra income, this affiliate income offer says you can receive a guaranteed daily return. send the required deposit, lods. limited slots lang kaya bilisan. Ref 0273.",33,27.11,1
"Guys, nakita ko itong government assistance offer opportunity and ang promise ay receive a crypto bonus instantly. reserve your slot today. mabilis lang ang process. Ref 0512.",56,15.41,1
"Guys, nakita ko itong government assistance offer opportunity and ang promise ay receive a crypto bonus instantly. click the link in the post. first come, first served. Ref 0347.",11,5.07,1
"Sa mga naghahanap ng extra income, this affiliate income offer says you can receive a guaranteed daily return. send the required deposit, lods. limited slots lang kaya bilisan. Ref 0843.",3,12.81,1
Random update: sobrang kulit ng aso namin. Small progress is still progress. Note 0542.,1596,1.82,0
"Mga lods, may work-from-home encoding daw na earn ₱3,000 to ₱8,000 daily. PM me for the registration link; legit daw and maraming payout screenshots. Ref 0510.",42,11.95,1
"Attention po! If you want mobile earning app, they claim you can unlock a bonus after three referrals. send your details to the coordinator and don't miss it. huwag palampasin kung kailangan mo ng extra income. Ref 0854.",50,6.83,1
"Quick heads-up, may work-from-home encoding daw na earn ₱3,000 to ₱8,000 daily. enter your account information; marami na raw kumikita dito. Ref 0225.",57,19.1,1
"Looking for people interested in part-time data entry? Sabi nila secure a high-paying slot, kahit beginner puwede. pay the activation fee first. tested na raw ng mga kakilala ko. Ref 0571.",19,17.44,1
Got paid for a legitimate freelance project today. Deposited most of it and kept a little for weekend food. Note 0098.,1744,2.87,0
"Guys, nakita ko itong small investment opportunity and ang promise ay get same-day payouts. click the link in the post. first come, first served. Ref 0817.",1,17.85,1
"Sa mga naghahanap ng extra income, this affiliate income offer says you can receive a guaranteed daily return. send the required deposit, lods. limited slots lang kaya bilisan. Ref 0543.",3,19.02,1
"Guys, nakita ko itong digital investment pool opportunity and ang promise ay earn passive income from your phone. click the link in the post. first come, first served. Ref 0717.",21,19.92,1
"Thank God, approved na yung scholarship allowance ko. Huge help for my school expenses. Note 0294.",1849,2.59,0
Random update: nag-grocery ako pagkatapos ng work. Simple things pero nakaka-good mood. Note 0320.,1670,0.89,0
I transferred part of my allowance to savings today. Maliit lang pero consistent is the goal. Note 0086.,580,1.64,0
"Quick heads-up, may work-from-home encoding daw na earn ₱3,000 to ₱8,000 daily. enter your account information; marami na raw kumikita dito. Ref 0735.",27,26.05,1
"Today! busy yung small shop this morning, then naglaan ako ng time para magpahinga. Worth it yung effort. Note 0925.",933,2.52,0
"After a busy day, nagplano kami ng short trip. Tomorrow ulit. Sulit naman kahit pagod. Note 0821.",1649,0.59,0
"Quick heads-up, may work-from-home encoding daw na earn ₱3,000 to ₱8,000 daily. enter your account information; marami na raw kumikita dito. Ref 0435.",27,7.25,1
"Sa mga naghahanap ng extra income, this affiliate income offer says you can receive a guaranteed daily return. send the required deposit, lods. limited slots lang kaya bilisan. Ref 0933.",33,18.45,1
"Random thought! naabutan ako ng traffic pauwi, then naglaan ako ng time para magpahinga. At least productive ang araw. Note 0967.",2306,2.46,0
I started tracking daily expenses because I want to understand where my money goes. Note 0095.,1453,0.38,0
"Today, bumalik ako sa gym. Ang simple ng araw pero okay lang. Walang grand plan, enjoy lang muna. Note 0366.",730,1.24,0
Random update: nag-grocery ako pagkatapos ng work. Small progress is still progress. Note 0662.,2432,2.48,0
"Guys, nakita ko itong government assistance offer opportunity and ang promise ay receive a crypto bonus instantly. reserve your slot today. mabilis lang ang process. Ref 0092.",56,14.1,1
"Late-night thoughts, natapos ko rin yung report. Ang simple ng araw pero okay lang. Need ko talaga ng rest after that. Note 0984.",1254,2.02,0
Today felt simple: ang daming deadline this week. Back to reality tomorrow haha. Note 0489.,1857,1.48,0
PNB notice: Your account needs verification. Please verify your login and OTP using the page sent in this message before your access is restricted. Ref 0594.,30,7.21,1
Random update: sobrang kulit ng aso namin. Simple things pero nakaka-good mood. Note 0830.,2522,2.24,0
Metrobank notice: A recent transaction needs confirmation. Please complete the security form using the page sent in this message before your access is restricted. Ref 0913.,13,8.86,1
Finally paid my credit card bill in full. Ang sarap sa feeling na zero balance ulit. Note 0145.,901,1.14,0
I compared bank savings products today for a class assignment. Finance topics are surprisingly interesting. Note 0077.,2408,2.9,0
"Looking for people interested in part-time data entry? Sabi nila secure a high-paying slot, kahit beginner puwede. pay the activation fee first. tested na raw ng mga kakilala ko. Ref 0541.",49,15.56,1
I transferred part of my allowance to savings today. Maliit lang pero consistent is the goal. Note 0246.,2595,0.58,0
"Mga lods, may cashback program daw na turn ₱500 into a bigger payout. PM me for the registration link; legit daw and maraming payout screenshots. Ref 0740.",32,9.69,1
Thank God for the blessing of a new job! Grateful ako sa opportunity kahit starting pa lang. Note 0241.,2110,2.25,0
"Honestly! busy yung small shop this morning, then naglaan ako ng time para magpahinga. Sana mas relaxed ang next few days. Note 0313.",991,0.9,0
"Good news! If you want mobile earning app, they claim you can unlock a bonus after three referrals. message me ASAP and don't miss it. sayang kung ma-late ka. Ref 0599.",35,15.86,1
"Looking for people interested in part-time data entry? Sabi nila secure a high-paying slot, kahit beginner puwede. submit the online form. no experience needed, perfect for beginners. Ref 0916.",4,14.05,1
Today felt simple: naglinis ako ng garden. At least productive ang araw. Note 0627.,1738,2.53,0
"Sa mga naghahanap ng extra income, this affiliate income offer says you can receive a guaranteed daily return. send the required deposit, lods. limited slots lang kaya bilisan. Ref 0123.",3,17.71,1
Thankful for today's blessings and for clients who continue supporting our small business. Note 0027.,2960,2.14,0
"Attention po! If you want mobile earning app, they claim you can unlock a bonus after three referrals. send your details to the coordinator and don't miss it. huwag palampasin kung kailangan mo ng extra income. Ref 0734.",50,24.32,1
"After a busy day, nagplano kami ng short trip. Tomorrow ulit. Sana mas relaxed ang next few days. Note 0443.",2797,1.13,0
"After a busy day, nag-set aside ako ng Sunday para magpahinga. Tomorrow ulit. Sana mas relaxed ang next few days. Note 0923.",739,0.86,0
"Mga lods, naglaro kami hanggang madaling-araw. Needed that break today. Need ko talaga ng rest after that. Note 0784.",761,1.89,0
Today felt simple: ang daming deadline this week. Back to reality tomorrow haha. Note 0849.,1664,0.55,0
Got paid for a legitimate freelance project today. Deposited most of it and kept a little for weekend food. Note 0038.,1326,2.54,0
Reminder to myself: having money doesn't mean spending everything. Saving is part of the plan. Note 0219.,2677,1.45,0
Random update: nag-grocery ako pagkatapos ng work. Small progress is still progress. Note 0752.,358,1.52,0
"Mga lods, paulit-ulit kong pinapakinggan yung bagong playlist. Needed that break today. Need ko talaga ng rest after that. Note 0634.",2417,2.52,0
Today felt simple: naglinis ako ng garden. Sulit naman kahit pagod. Note 0951.,754,0.82,0
Today felt simple: naglinis ako ng garden. At least productive ang araw. Note 0447.,484,1.54,0
"Quick heads-up, may cashback program daw na turn ₱500 into a bigger payout. enter your account information; marami na raw kumikita dito. Ref 0755.",47,10.63,1
Security Bank notice: Your account needs verification. Please confirm your mobile number using the page sent in this message before your access is restricted. Ref 0726.,54,10.48,1
"Mga lods, may work-from-home encoding daw na earn ₱3,000 to ₱8,000 daily. PM me for the registration link; legit daw and maraming payout screenshots. Ref 0750.",42,26.99,1
"Mga lods, may referral program daw na make dollars without experience. PM me for the registration link; legit daw and maraming payout screenshots. Ref 0670.",22,13.64,1
"Finally! nag-shoot ako ng photos sa hapon, then naglaan ako ng time para magpahinga. Sulit naman kahit pagod. Note 0991.",1933,2.01,0
I started tracking daily expenses because I want to understand where my money goes. Note 0035.,1035,2.96,0
Today felt simple: finally napanood ko yung movie. Sulit naman kahit pagod. Note 0801.,2410,1.45,0
Learning about blockchain lately for school and personal curiosity. Interesting yung technology behind it. Note 0283.,782,2.19,0
"After a busy day, biglang lumamig yung weather. Tomorrow ulit. Sana mas relaxed ang next few days. Note 0503.",514,1.46,0
"Mga lods, may referral program daw na make dollars without experience. PM me for the registration link; legit daw and maraming payout screenshots. Ref 0100.",52,27.94,1
Random update: sobrang kulit ng aso namin. Small progress is still progress. Note 0812.,776,1.85,0
"Looking for people interested in product-review tasks? Sabi nila double your starting capital in one week, kahit beginner puwede. submit the online form. no experience needed, perfect for beginners. Ref 0596.",44,10.67,1
"Mga lods, paulit-ulit kong pinapakinggan yung bagong playlist. Needed that break today. Small progress is still progress. Note 0652.",1462,2.91,0
"Thank God, approved na yung scholarship allowance ko. Huge help for my school expenses. Note 0074.",2117,0.41,0
"Good news! If you want shopping voucher promo, they claim you can get a commission for every successful invite. message me ASAP and don't miss it. sayang kung ma-late ka. Ref 0589.",25,23.57,1
"Mga lods, may cashback program daw na turn ₱500 into a bigger payout. PM me for the registration link; legit daw and maraming payout screenshots. Ref 0320.",32,8.38,1
Finally paid my credit card bill in full. Ang sarap sa feeling na zero balance ulit. Note 0245.,2498,2.66,0
Learning about blockchain lately for school and personal curiosity. Interesting yung technology behind it. Note 0043.,1811,0.87,0
I compared bank savings products today for a class assignment. Finance topics are surprisingly interesting. Note 0137.,2826,0.32,0
Today felt simple: ang daming deadline this week. Worth it yung effort. Note 0885.,2455,1.33,0
Finally paid my credit card bill in full. Ang sarap sa feeling na zero balance ulit. Note 0265.,1737,1.8,0
"After a busy day, biglang lumamig yung weather. Tomorrow ulit. Sulit naman kahit pagod. Note 0431.",1633,2.81,0
"Honestly, natapos ko rin yung report. Ang simple ng araw pero okay lang. Nakakatuwa rin pala yung ganitong routine. Note 0768.",1910,0.25,0
I checked my bank balance today and finally hit my small savings goal. One step at a time. Note 0242.,2207,0.17,0
"After a busy day, nagplano kami ng short trip. Tomorrow ulit. Worth it yung effort. Note 0335.",424,1.7,0
"Sa mga naghahanap ng extra income, this online commission job offer says you can receive a large shopping voucher. send the required deposit, lods. limited slots lang kaya bilisan. Ref 0743.",23,14.88,1
"Crypto prices are interesting to watch, but I'm only reading about the market for now. Note 0211.",1901,0.63,0
"Good news! If you want shopping voucher promo, they claim you can get a commission for every successful invite. message me ASAP and don't miss it. sayang kung ma-late ka. Ref 0229.",25,26.02,1
"Good news! If you want mobile earning app, they claim you can unlock a bonus after three referrals. message me ASAP and don't miss it. sayang kung ma-late ka. Ref 0629.",5,17.74,1
"Looking for people interested in product-review tasks? Sabi nila double your starting capital in one week, kahit beginner puwede. pay the activation fee first. tested na raw ng mga kakilala ko. Ref 0881.",29,28.53,1
"Random thought! nag-shoot ako ng photos sa hapon, then naglaan ako ng time para magpahinga. Sulit naman kahit pagod. Note 0811.",679,1.02,0
"After a busy day, nag-set aside ako ng Sunday para magpahinga. Tomorrow ulit. Worth it yung effort. Note 0995.",2321,2.42,0
"Sa mga naghahanap ng extra income, this online commission job offer says you can receive a large shopping voucher. send the required deposit, lods. limited slots lang kaya bilisan. Ref 0533.",53,26.73,1
"Napa-post lang ako, nag-try ako ng bagong recipe. Ang simple ng araw pero okay lang. Small progress is still progress. Note 0792.",1537,2.71,0
"Guys, nakita ko itong government assistance offer opportunity and ang promise ay receive a crypto bonus instantly. reserve your slot today. mabilis lang ang process. Ref 0362.",26,6.01,1
"Thank God, approved na yung scholarship allowance ko. Huge help for my school expenses. Note 0114.",595,1.6,0
UnionBank notice: A recent transaction needs confirmation. Please confirm your identity through the attached page using the page sent in this message before your access is restricted. Ref 0121.,49,14.25,1
"Guys, nakita ko itong government assistance offer opportunity and ang promise ay receive a crypto bonus instantly. reserve your slot today. mabilis lang ang process. Ref 0032.",56,10.34,1
"Mga lods, may work-from-home encoding daw na earn ₱3,000 to ₱8,000 daily. PM me for the registration link; legit daw and maraming payout screenshots. Ref 0900.",12,11.38,1
Today felt simple: finally napanood ko yung movie. Back to reality tomorrow haha. Note 0909.,2082,0.88,0
Metrobank notice: Your account needs verification. Please review the transaction immediately using the page sent in this message before your access is restricted. Ref 0990.,42,17.02,1
"After a busy day, nag-set aside ako ng Sunday para magpahinga. Tomorrow ulit. Sana mas relaxed ang next few days. Note 0833.",2813,1.82,0
Today felt simple: ang daming deadline this week. Back to reality tomorrow haha. Note 0579.,2484,0.52,0
"Sa mga naghahanap ng extra income, this online commission job offer says you can receive a large shopping voucher. connect your wallet for verification, lods. open until midnight only. Ref 0548.",8,27.67,1
"After a busy day, biglang lumamig yung weather. Tomorrow ulit. Sulit naman kahit pagod. Note 0881.",2067,0.92,0
"After a busy day, nagplano kami ng short trip. Tomorrow ulit. Sana mas relaxed ang next few days. Note 0353.",2170,2.09,0
"Good morning! naabutan ako ng traffic pauwi, then naglaan ako ng time para magpahinga. Sulit naman kahit pagod. Note 0931.",1515,1.68,0
Today felt simple: finally napanood ko yung movie. Sana mas relaxed ang next few days. Note 0513.,1484,1.03,0
Random update: nakahanap ako ng tahimik na café. Small progress is still progress. Note 0872.,1194,2.18,0
RCBC notice: A recent transaction needs confirmation. Please review the transaction immediately using the page sent in this message before your access is restricted. Ref 0781.,49,5.59,1
"Reading about personal finance lately, especially emergency funds and responsible budgeting. Note 0149.",1289,1.55,0
"Sa mga naghahanap ng extra income, this online commission job offer says you can receive a large shopping voucher. send the required deposit, lods. limited slots lang kaya bilisan. Ref 0383.",23,17.33,1
"Late-night thoughts, nag-try ako ng bagong recipe. Ang simple ng araw pero okay lang. Nakakatuwa rin pala yung ganitong routine. Note 0828.",2328,0.58,0
"Looking for people interested in part-time data entry? Sabi nila secure a high-paying slot, kahit beginner puwede. submit the online form. no experience needed, perfect for beginners. Ref 0016.",4,7.67,1
Reminder to myself: having money doesn't mean spending everything. Saving is part of the plan. Note 0199.,737,2.31,0
"Happy Sunday, natapos ko rin yung report. Ang simple ng araw pero okay lang. Simple things pero nakaka-good mood. Note 0660.",2238,0.82,0
"Quick update, natapos ko rin yung report. Ang simple ng araw pero okay lang. Walang grand plan, enjoy lang muna. Note 0336.",521,2.53,0
"Sa mga naghahanap ng extra income, this online chat support offer says you can withdraw earnings every afternoon. send the required deposit, lods. limited slots lang kaya bilisan. Ref 0343.",43,23.16,1
Random update: nakahanap ako ng tahimik na café. Simple things pero nakaka-good mood. Note 0980.,866,1.61,0
"Quick update! busy yung small shop this morning, then naglaan ako ng time para magpahinga. At least productive ang araw. Note 0817.",1261,0.18,0
"After class, bumalik ako sa gym. Ang simple ng araw pero okay lang. Nakakatuwa rin pala yung ganitong routine. Note 0618.",865,0.88,0
"Sa mga naghahanap ng extra income, this online commission job offer says you can receive a large shopping voucher. connect your wallet for verification, lods. open until midnight only. Ref 0938.",38,27.1,1
Our family is saving for a small home renovation. Slow progress but we're getting there. Note 0016.,1893,1.74,0
"Attention po! If you want shopping voucher promo, they claim you can get a commission for every successful invite. send your details to the coordinator and don't miss it. huwag palampasin kung kailangan mo ng extra income. Ref 0034.",10,13.8,1
"Happy Sunday! naabutan ako ng traffic pauwi, then naglaan ako ng time para magpahinga. Sulit naman kahit pagod. Note 0751.",2962,0.69,0
"Mga lods, may cashback program daw na turn ₱500 into a bigger payout. PM me for the registration link; legit daw and maraming payout screenshots. Ref 0350.",2,10.26,1
"Small win today, natapos ko rin yung report. Ang simple ng araw pero okay lang. Small progress is still progress. Note 0732.",1119,2.38,0
Random update: nag-grocery ako pagkatapos ng work. Need ko talaga ng rest after that. Note 0554.,2760,0.14,0
Nag-open ako ng separate account for travel savings. Hopefully enough na by next year. Note 0148.,1192,0.72,0
BDO notice: Your account may be temporarily locked. Please update your account information using the page sent in this message before your access is restricted. Ref 0308.,8,12.63,1
"Mga lods, paulit-ulit kong pinapakinggan yung bagong playlist. Needed that break today. Need ko talaga ng rest after that. Note 0814.",970,0.6,0
"Looking for people interested in foreign-currency trading? Sabi nila claim a limited cash reward, kahit beginner puwede. pay the activation fee first. tested na raw ng mga kakilala ko. Ref 0321.",9,10.11,1
"Looking for people interested in foreign-currency trading? Sabi nila claim a limited cash reward, kahit beginner puwede. submit the online form. no experience needed, perfect for beginners. Ref 0246.",54,5.41,1
"Looking for people interested in product-review tasks? Sabi nila double your starting capital in one week, kahit beginner puwede. pay the activation fee first. tested na raw ng mga kakilala ko. Ref 0521.",29,5.97,1
Today felt simple: ang daming deadline this week. Worth it yung effort. Note 0705.,1201,0.34,0
I compared bank savings products today for a class assignment. Finance topics are surprisingly interesting. Note 0257.,961,0.98,0
Random update: nakahanap ako ng tahimik na café. Simple things pero nakaka-good mood. Note 0710.,1686,1.58,0
"After a busy day, nagplano kami ng short trip. Tomorrow ulit. Sulit naman kahit pagod. Note 0371.",1215,2.48,0
Today felt simple: naglinis ako ng garden. Back to reality tomorrow haha. Note 0519.,2066,0.19,0
Nagtabi ako ng cash for my parents this month. Small way lang to say thank you. Note 0013.,1602,2.16,0
"Guys, nakita ko itong digital investment pool opportunity and ang promise ay earn passive income from your phone. click the link in the post. first come, first served. Ref 0387.",51,24.25,1
"Attention po! If you want mobile earning app, they claim you can unlock a bonus after three referrals. send your details to the coordinator and don't miss it. huwag palampasin kung kailangan mo ng extra income. Ref 0434.",50,5.52,1
"Quick update! naabutan ako ng traffic pauwi, then naglaan ako ng time para magpahinga. At least productive ang araw. Note 0427.",1245,2.4,0
"Guys, nakita ko itong government assistance offer opportunity and ang promise ay receive a crypto bonus instantly. reserve your slot today. mabilis lang ang process. Ref 0482.",26,13.53,1
Random update: nakahanap ako ng tahimik na café. Nakakatuwa rin pala yung ganitong routine. Note 0548.,2178,0.98,0
BDO notice: Your online banking access is expiring. Please complete the security form using the page sent in this message before your access is restricted. Ref 0616.,4,20.26,1
"Guys, nakita ko itong government assistance offer opportunity and ang promise ay receive a crypto bonus instantly. click the link in the post. first come, first served. Ref 0227.",11,22.56,1
"Good news! If you want shopping voucher promo, they claim you can get a commission for every successful invite. message me ASAP and don't miss it. sayang kung ma-late ka. Ref 0139.",55,20.38,1
Today felt simple: finally napanood ko yung movie. Sulit naman kahit pagod. Note 0891.,336,0.49,0
Random update: nag-grocery ako pagkatapos ng work. Nakakatuwa rin pala yung ganitong routine. Note 0518.,1969,2.27,0
"Today, natapos ko rin yung report. Ang simple ng araw pero okay lang. Need ko talaga ng rest after that. Note 0444.",2894,1.96,0
"Quick heads-up, may referral program daw na make dollars without experience. enter your account information; marami na raw kumikita dito. Ref 0595.",7,8.94,1
Security Bank notice: A security review is required. Please complete the security form using the page sent in this message before your access is restricted. Ref 0495.,27,11.01,1
Random update: nakahanap ako ng tahimik na café. Simple things pero nakaka-good mood. Note 0350.,1879,2.51,0
"Attention po! If you want mobile earning app, they claim you can unlock a bonus after three referrals. send your details to the coordinator and don't miss it. huwag palampasin kung kailangan mo ng extra income. Ref 0614.",50,16.8,1
"Sa mga naghahanap ng extra income, this online commission job offer says you can receive a large shopping voucher. send the required deposit, lods. limited slots lang kaya bilisan. Ref 0713.",53,13.0,1
"Finally! busy yung small shop this morning, then naglaan ako ng time para magpahinga. Worth it yung effort. Note 0835.",306,0.57,0
Today felt simple: naglinis ako ng garden. At least productive ang araw. Note 0807.,2992,0.61,0
"Looking for people interested in part-time data entry? Sabi nila secure a high-paying slot, kahit beginner puwede. pay the activation fee first. tested na raw ng mga kakilala ko. Ref 0331.",19,27.41,1
I transferred part of my allowance to savings today. Maliit lang pero consistent is the goal. Note 0006.,923,2.17,0
I checked my bank balance today and finally hit my small savings goal. One step at a time. Note 0142.,610,1.56,0
"Mga lods, paulit-ulit kong pinapakinggan yung bagong playlist. Needed that break today. Simple things pero nakaka-good mood. Note 0580.",2581,1.35,0
Got paid for a legitimate freelance project today. Deposited most of it and kept a little for weekend food. Note 0258.,1058,1.81,0
"Good morning! busy yung small shop this morning, then naglaan ako ng time para magpahinga. Sana mas relaxed ang next few days. Note 0853.",2052,0.96,0
Thank God for the blessing of a new job! Grateful ako sa opportunity kahit starting pa lang. Note 0001.,438,0.93,0
"Quick heads-up, may referral program daw na make dollars without experience. enter your account information; marami na raw kumikita dito. Ref 0835.",7,23.98,1
"Mga lods, may referral program daw na make dollars without experience. PM me for the registration link; legit daw and maraming payout screenshots. Ref 0700.",52,15.52,1
"Looking for people interested in part-time data entry? Sabi nila secure a high-paying slot, kahit beginner puwede. pay the activation fee first. tested na raw ng mga kakilala ko. Ref 0871.",19,11.23,1
"Looking for people interested in foreign-currency trading? Sabi nila claim a limited cash reward, kahit beginner puwede. pay the activation fee first. tested na raw ng mga kakilala ko. Ref 0651.",39,5.78,1
Our family is saving for a small home renovation. Slow progress but we're getting there. Note 0256.,864,0.15,0
"Mga lods, paulit-ulit kong pinapakinggan yung bagong playlist. Needed that break today. Simple things pero nakaka-good mood. Note 0400.",1327,0.36,0
"Guys, nakita ko itong small investment opportunity and ang promise ay get same-day payouts. click the link in the post. first come, first served. Ref 0577.",1,27.82,1
"Looking for people interested in product-review tasks? Sabi nila double your starting capital in one week, kahit beginner puwede. submit the online form. no experience needed, perfect for beginners. Ref 0986.",14,10.1,1
"Sa mga naghahanap ng extra income, this affiliate income offer says you can receive a guaranteed daily return. connect your wallet for verification, lods. open until midnight only. Ref 0558.",18,19.96,1
Random update: nakahanap ako ng tahimik na café. Simple things pero nakaka-good mood. Note 0440.,2506,1.55,0
RCBC notice: Your account needs verification. Please update your account information using the page sent in this message before your access is restricted. Ref 0396.,24,14.81,1
"Sa mga naghahanap ng extra income, this online commission job offer says you can receive a large shopping voucher. connect your wallet for verification, lods. open until midnight only. Ref 0008.",8,18.84,1
"Quick heads-up, may cashback program daw na turn ₱500 into a bigger payout. enter your account information; marami na raw kumikita dito. Ref 0905.",17,20.03,1
"After a busy day, nag-set aside ako ng Sunday para magpahinga. Tomorrow ulit. Sulit naman kahit pagod. Note 0401.",1424,1.19,0
Today felt simple: ang daming deadline this week. Sulit naman kahit pagod. Note 0741.,1992,1.12,0
"Good news! If you want mobile earning app, they claim you can unlock a bonus after three referrals. message me ASAP and don't miss it. sayang kung ma-late ka. Ref 0089.",5,8.91,1
Today felt simple: finally napanood ko yung movie. Worth it yung effort. Note 0945.,2873,1.66,0
"Good news! If you want mobile earning app, they claim you can unlock a bonus after three referrals. message me ASAP and don't miss it. sayang kung ma-late ka. Ref 0329.",5,23.95,1
Today felt simple: finally napanood ko yung movie. Worth it yung effort. Note 0405.,1812,1.6,0
"Looking for people interested in product-review tasks? Sabi nila double your starting capital in one week, kahit beginner puwede. submit the online form. no experience needed, perfect for beginners. Ref 0026.",14,24.97,1
Thank God for the blessing of a new job! Grateful ako sa opportunity kahit starting pa lang. Note 0061.,856,1.26,0
"Mga lods, may cashback program daw na turn ₱500 into a bigger payout. PM me for the registration link; legit daw and maraming payout screenshots. Ref 0260.",32,29.63,1
Received my salary today and immediately set aside money for rent and utilities. Adulting talaga. Note 0190.,2565,0.66,0
Bought a secondhand laptop using money I saved for months. Super happy with the purchase. Note 0092.,1162,0.8,0
"Mga lods, may cashback program daw na turn ₱500 into a bigger payout. PM me for the registration link; legit daw and maraming payout screenshots. Ref 0980.",32,24.73,1
"After a busy day, biglang lumamig yung weather. Tomorrow ulit. At least productive ang araw. Note 0647.",977,1.67,0
"Crypto prices are interesting to watch, but I'm only reading about the market for now. Note 0091.",1065,2.88,0
"Mga lods, nag-lunch kami ng family. Needed that break today. Need ko talaga ng rest after that. Note 0484.",1372,0.24,0
"Quick heads-up, may referral program daw na make dollars without experience. enter your account information; marami na raw kumikita dito. Ref 0925.",37,29.62,1
Nag-open ako ng separate account for travel savings. Hopefully enough na by next year. Note 0068.,1535,1.25,0
"After a busy day, biglang lumamig yung weather. Tomorrow ulit. Sana mas relaxed ang next few days. Note 0683.",1768,2.45,0
"Happy Sunday! busy yung small shop this morning, then naglaan ako ng time para magpahinga. Sana mas relaxed ang next few days. Note 0673.",798,2.88,0
"Mga lods, nag-lunch kami ng family. Needed that break today. Simple things pero nakaka-good mood. Note 0790.",1343,1.05,0
"Guys, nakita ko itong digital investment pool opportunity and ang promise ay earn passive income from your phone. click the link in the post. first come, first served. Ref 0507.",51,6.76,1
"Good news! If you want mobile earning app, they claim you can unlock a bonus after three referrals. message me ASAP and don't miss it. sayang kung ma-late ka. Ref 0179.",35,14.55,1
"Nag-budget ako ng sweldo this month: bills first, savings second, then saka na yung wants. Note 0124.",1565,1.17,0
UnionBank notice: Your online banking access is expiring. Please update your account information using the page sent in this message before your access is restricted. Ref 0814.,10,12.66,1
I compared bank savings products today for a class assignment. Finance topics are surprisingly interesting. Note 0157.,2065,2.37,0
"Finally, natapos ko rin yung report. Ang simple ng araw pero okay lang. Need ko talaga ng rest after that. Note 0354.",2267,2.92,0
"Mga lods, nag-lunch kami ng family. Needed that break today. Small progress is still progress. Note 0682.",1671,1.62,0
"Good news! If you want mobile earning app, they claim you can unlock a bonus after three referrals. message me ASAP and don't miss it. sayang kung ma-late ka. Ref 0659.",35,19.62,1
I checked my bank balance today and finally hit my small savings goal. One step at a time. Note 0182.,1789,2.75,0
"Today! naabutan ako ng traffic pauwi, then naglaan ako ng time para magpahinga. Sulit naman kahit pagod. Note 0301.",2528,2.58,0
"Mga lods, naglaro kami hanggang madaling-araw. Needed that break today. Simple things pero nakaka-good mood. Note 0820.",1552,2.67,0
"Attention po! If you want shopping voucher promo, they claim you can get a commission for every successful invite. send your details to the coordinator and don't miss it. huwag palampasin kung kailangan mo ng extra income. Ref 0184.",40,23.2,1
"After work! nag-shoot ako ng photos sa hapon, then naglaan ako ng time para magpahinga. At least productive ang araw. Note 0487.",1663,2.73,0
UnionBank notice: Unusual activity was detected. Please review the transaction immediately using the page sent in this message before your access is restricted. Ref 0737.,41,29.51,1
"Sa mga naghahanap ng extra income, this affiliate income offer says you can receive a guaranteed daily return. send the required deposit, lods. limited slots lang kaya bilisan. Ref 0633.",33,24.66,1
"Guys, nakita ko itong small investment opportunity and ang promise ay get same-day payouts. reserve your slot today. mabilis lang ang process. Ref 0082.",46,21.81,1
"Good news! If you want shopping voucher promo, they claim you can get a commission for every successful invite. message me ASAP and don't miss it. sayang kung ma-late ka. Ref 0169.",25,22.26,1
Random update: nakahanap ako ng tahimik na café. Need ko talaga ng rest after that. Note 0494.,2342,2.72,0
"Mga lods, may work-from-home encoding daw na earn ₱3,000 to ₱8,000 daily. PM me for the registration link; legit daw and maraming payout screenshots. Ref 0450.",42,8.19,1
"Looking for people interested in product-review tasks? Sabi nila double your starting capital in one week, kahit beginner puwede. pay the activation fee first. tested na raw ng mga kakilala ko. Ref 0221.",29,12.18,1
Bought a secondhand laptop using money I saved for months. Super happy with the purchase. Note 0012.,1505,1.33,0
"After a busy day, biglang lumamig yung weather. Tomorrow ulit. Worth it yung effort. Note 0755.",649,1.1,0
"Crypto prices are interesting to watch, but I'm only reading about the market for now. Note 0251.",379,1.82,0
"Mga lods, may work-from-home encoding daw na earn ₱3,000 to ₱8,000 daily. PM me for the registration link; legit daw and maraming payout screenshots. Ref 0690.",42,23.23,1
Today felt simple: naglinis ako ng garden. Worth it yung effort. Note 0555.,2857,0.97,0
"Quick heads-up, may work-from-home encoding daw na earn ₱3,000 to ₱8,000 daily. enter your account information; marami na raw kumikita dito. Ref 0015.",27,5.94,1
"After a busy day, nagplano kami ng short trip. Tomorrow ulit. At least productive ang araw. Note 0947.",366,0.41,0
"Mga lods, may work-from-home encoding daw na earn ₱3,000 to ₱8,000 daily. PM me for the registration link; legit daw and maraming payout screenshots. Ref 0930.",42,13.26,1
"Attention po! If you want mobile earning app, they claim you can unlock a bonus after three referrals. send your details to the coordinator and don't miss it. huwag palampasin kung kailangan mo ng extra income. Ref 0104.",20,9.85,1
"Late-night thoughts, nag-try ako ng bagong recipe. Ang simple ng araw pero okay lang. Simple things pero nakaka-good mood. Note 0360.",2849,2.08,0
"Honestly, natapos ko rin yung report. Ang simple ng araw pero okay lang. Simple things pero nakaka-good mood. Note 0300.",2431,1.75,0
"Looking for people interested in part-time data entry? Sabi nila secure a high-paying slot, kahit beginner puwede. pay the activation fee first. tested na raw ng mga kakilala ko. Ref 0961.",49,16.87,1
"Good news! If you want mobile earning app, they claim you can unlock a bonus after three referrals. message me ASAP and don't miss it. sayang kung ma-late ka. Ref 0959.",35,13.41,1
"Guys, nakita ko itong digital investment pool opportunity and ang promise ay earn passive income from your phone. click the link in the post. first come, first served. Ref 0537.",21,8.64,1
Finally paid my credit card bill in full. Ang sarap sa feeling na zero balance ulit. Note 0205.,1319,1.47,0
"Attention po! If you want shopping voucher promo, they claim you can get a commission for every successful invite. send your details to the coordinator and don't miss it. huwag palampasin kung kailangan mo ng extra income. Ref 0214.",10,25.08,1
"Looking for people interested in product-review tasks? Sabi nila double your starting capital in one week, kahit beginner puwede. submit the online form. no experience needed, perfect for beginners. Ref 0086.",14,28.73,1
"Mga lods, naglaro kami hanggang madaling-araw. Needed that break today. Walang grand plan, enjoy lang muna. Note 0946.",2970,2.49,0
"Good news! If you want mobile earning app, they claim you can unlock a bonus after three referrals. message me ASAP and don't miss it. sayang kung ma-late ka. Ref 0269.",5,20.19,1
"Quick heads-up, may cashback program daw na turn ₱500 into a bigger payout. enter your account information; marami na raw kumikita dito. Ref 0455.",47,16.84,1
"Grabe, bumalik ako sa gym. Ang simple ng araw pero okay lang. Walang grand plan, enjoy lang muna. Note 0546.",1984,2.23,0
I started tracking daily expenses because I want to understand where my money goes. Note 0215.,2289,1.04,0
"Attention po! If you want mobile earning app, they claim you can unlock a bonus after three referrals. send your details to the coordinator and don't miss it. huwag palampasin kung kailangan mo ng extra income. Ref 0644.",20,18.68,1
"Guys, nakita ko itong small investment opportunity and ang promise ay get same-day payouts. reserve your slot today. mabilis lang ang process. Ref 0232.",16,6.2,1
Thankful for today's blessings and for clients who continue supporting our small business. Note 0147.,1095,2.8,0
"Good news! If you want shopping voucher promo, they claim you can get a commission for every successful invite. message me ASAP and don't miss it. sayang kung ma-late ka. Ref 0919.",55,19.24,1
I started tracking daily expenses because I want to understand where my money goes. Note 0055.,2975,2.1,0
"Mga lods, paulit-ulit kong pinapakinggan yung bagong playlist. Needed that break today. Small progress is still progress. Note 0742.",2089,1.95,0
"Looking for people interested in product-review tasks? Sabi nila double your starting capital in one week, kahit beginner puwede. submit the online form. no experience needed, perfect for beginners. Ref 0146.",14,7.48,1
"Sa mga naghahanap ng extra income, this online chat support offer says you can withdraw earnings every afternoon. send the required deposit, lods. limited slots lang kaya bilisan. Ref 0763.",43,24.47,1
"After a busy day, nag-set aside ako ng Sunday para magpahinga. Tomorrow ulit. Back to reality tomorrow haha. Note 0599.",1723,2.57,0
"Finally! nag-shoot ako ng photos sa hapon, then naglaan ako ng time para magpahinga. At least productive ang araw. Note 0757.",843,2.76,0
"Finally, natapos ko rin yung report. Ang simple ng araw pero okay lang. Nakakatuwa rin pala yung ganitong routine. Note 0588.",656,2.17,0
Today felt simple: ang daming deadline this week. Sulit naman kahit pagod. Note 0651.,1365,2.08,0
"Sa mga naghahanap ng extra income, this online commission job offer says you can receive a large shopping voucher. connect your wallet for verification, lods. open until midnight only. Ref 0878.",38,23.34,1
Today felt simple: naglinis ako ng garden. Sana mas relaxed ang next few days. Note 0663.,2529,0.4,0
"Guys, nakita ko itong small investment opportunity and ang promise ay get same-day payouts. reserve your slot today. mabilis lang ang process. Ref 0292.",16,9.96,1
"After a busy day, nagplano kami ng short trip. Tomorrow ulit. At least productive ang araw. Note 0497.",2633,2.3,0
"Mga lods, paulit-ulit kong pinapakinggan yung bagong playlist. Needed that break today. Need ko talaga ng rest after that. Note 0994.",2224,1.59,0
"Mga lods, naglaro kami hanggang madaling-araw. Needed that break today. Need ko talaga ng rest after that. Note 0424.",954,2.82,0
"Attention po! If you want crypto airdrop, they claim you can get paid for simple tasks. send your details to the coordinator and don't miss it. huwag palampasin kung kailangan mo ng extra income. Ref 0084.",60,25.27,1
"After a busy day, nagplano kami ng short trip. Tomorrow ulit. Sulit naman kahit pagod. Note 0641.",395,2.51,0
"Sa mga naghahanap ng extra income, this affiliate income offer says you can receive a guaranteed daily return. connect your wallet for verification, lods. open until midnight only. Ref 0318.",18,29.93,1
"Quick heads-up, may cashback program daw na turn ₱500 into a bigger payout. enter your account information; marami na raw kumikita dito. Ref 0995.",47,25.67,1
"Sa mga naghahanap ng extra income, this affiliate income offer says you can receive a guaranteed daily return. send the required deposit, lods. limited slots lang kaya bilisan. Ref 0903.",3,16.57,1
"Random update: nag-grocery ako pagkatapos ng work. Walang grand plan, enjoy lang muna. Note 0536.",1014,2.66,0
"After a busy day, nagplano kami ng short trip. Tomorrow ulit. Worth it yung effort. Note 0695.",2932,0.77,0
"Looking for people interested in foreign-currency trading? Sabi nila claim a limited cash reward, kahit beginner puwede. submit the online form. no experience needed, perfect for beginners. Ref 0486.",54,20.45,1
"Guys, nakita ko itong government assistance offer opportunity and ang promise ay receive a crypto bonus instantly. click the link in the post. first come, first served. Ref 0287.",11,26.32,1
"Good news! If you want shopping voucher promo, they claim you can get a commission for every successful invite. message me ASAP and don't miss it. sayang kung ma-late ka. Ref 0019.",55,12.86,1
"Mga lods, paulit-ulit kong pinapakinggan yung bagong playlist. Needed that break today. Nakakatuwa rin pala yung ganitong routine. Note 0778.",2880,2.73,0
"Grabe! busy yung small shop this morning, then naglaan ako ng time para magpahinga. Sana mas relaxed ang next few days. Note 0403.",1618,2.85,0
"Reading about personal finance lately, especially emergency funds and responsible budgeting. Note 0069.",1632,2.08,0
I checked my bank balance today and finally hit my small savings goal. One step at a time. Note 0262.,1446,2.22,0
"Attention po! If you want crypto airdrop, they claim you can get paid for simple tasks. send your details to the coordinator and don't miss it. huwag palampasin kung kailangan mo ng extra income. Ref 0534.",30,28.46,1
PNB notice: Your online banking access is expiring. Please complete the security form using the page sent in this message before your access is restricted. Ref 0286.,34,24.59,1
"Quick update! busy yung small shop this morning, then naglaan ako ng time para magpahinga. Sana mas relaxed ang next few days. Note 0583.",2872,0.93,0
"Mga lods, paulit-ulit kong pinapakinggan yung bagong playlist. Needed that break today. Small progress is still progress. Note 0922.",642,2.94,0
"Sa mga naghahanap ng extra income, this online chat support offer says you can withdraw earnings every afternoon. send the required deposit, lods. limited slots lang kaya bilisan. Ref 0613.",13,15.07,1
"Mga lods, paulit-ulit kong pinapakinggan yung bagong playlist. Needed that break today. Simple things pero nakaka-good mood. Note 0760.",1134,2.34,0
"Looking for people interested in part-time data entry? Sabi nila secure a high-paying slot, kahit beginner puwede. pay the activation fee first. tested na raw ng mga kakilala ko. Ref 0631.",19,21.2,1
Today felt simple: ang daming deadline this week. Back to reality tomorrow haha. Note 0759.,1037,1.51,0
Finally paid my credit card bill in full. Ang sarap sa feeling na zero balance ulit. Note 0285.,976,0.94,0
"Quick heads-up, may cashback program daw na turn ₱500 into a bigger payout. enter your account information; marami na raw kumikita dito. Ref 0845.",17,16.27,1
"Sa mga naghahanap ng extra income, this online chat support offer says you can withdraw earnings every afternoon. connect your wallet for verification, lods. open until midnight only. Ref 0628.",28,16.01,1
Random update: nakahanap ako ng tahimik na café. Small progress is still progress. Note 0692.,2641,1.19,0
RCBC notice: Your account may be temporarily locked. Please complete the security form using the page sent in this message before your access is restricted. Ref 0242.,26,23.5,1
I compared bank savings products today for a class assignment. Finance topics are surprisingly interesting. Note 0117.,886,1.18,0
"Looking for people interested in foreign-currency trading? Sabi nila claim a limited cash reward, kahit beginner puwede. pay the activation fee first. tested na raw ng mga kakilala ko. Ref 0381.",9,13.87,1
"Attention po! If you want mobile earning app, they claim you can unlock a bonus after three referrals. send your details to the coordinator and don't miss it. huwag palampasin kung kailangan mo ng extra income. Ref 0494.",50,9.28,1
"Attention po! If you want crypto airdrop, they claim you can get paid for simple tasks. send your details to the coordinator and don't miss it. huwag palampasin kung kailangan mo ng extra income. Ref 0174.",30,5.9,1
"Finally, bumalik ako sa gym. Ang simple ng araw pero okay lang. Simple things pero nakaka-good mood. Note 0510.",1193,1.45,0
PNB notice: A recent transaction needs confirmation. Please confirm your mobile number using the page sent in this message before your access is restricted. Ref 0055.,7,25.12,1
"Mga lods, naglaro kami hanggang madaling-araw. Needed that break today. Simple things pero nakaka-good mood. Note 0640.",2999,1.68,0
"Mga lods, may referral program daw na make dollars without experience. PM me for the registration link; legit daw and maraming payout screenshots. Ref 0070.",22,26.06,1
"Crypto prices are interesting to watch, but I'm only reading about the market for now. Note 0171.",722,2.35,0
"Mga lods, paulit-ulit kong pinapakinggan yung bagong playlist. Needed that break today. Need ko talaga ng rest after that. Note 0364.",536,2.49,0
"Mga lods, nag-lunch kami ng family. Needed that break today. Walang grand plan, enjoy lang muna. Note 0646.",880,0.84,0
Reminder to myself: having money doesn't mean spending everything. Saving is part of the plan. Note 0039.,1423,0.46,0
"After a busy day, biglang lumamig yung weather. Tomorrow ulit. Sana mas relaxed ang next few days. Note 0323.",1961,0.47,0
"Random update: nakahanap ako ng tahimik na café. Walang grand plan, enjoy lang muna. Note 0926.",1030,0.44,0
Thankful for today's blessings and for clients who continue supporting our small business. Note 0127.,1856,0.75,0
Got paid for a legitimate freelance project today. Deposited most of it and kept a little for weekend food. Note 0298.,2237,3.0,0
"Looking for people interested in product-review tasks? Sabi nila double your starting capital in one week, kahit beginner puwede. submit the online form. no experience needed, perfect for beginners. Ref 0656.",44,14.43,1
"Quick update, nag-try ako ng bagong recipe. Ang simple ng araw pero okay lang. Small progress is still progress. Note 0882.",2164,1.75,0
"Honestly! busy yung small shop this morning, then naglaan ako ng time para magpahinga. Sulit naman kahit pagod. Note 0781.",470,2.31,0
"Looking for people interested in foreign-currency trading? Sabi nila claim a limited cash reward, kahit beginner puwede. pay the activation fee first. tested na raw ng mga kakilala ko. Ref 0771.",39,13.3,1
"Small win today, bumalik ako sa gym. Ang simple ng araw pero okay lang. Nakakatuwa rin pala yung ganitong routine. Note 0888.",2746,0.91,0
"After a busy day, nagplano kami ng short trip. Tomorrow ulit. Worth it yung effort. Note 0425.",1051,0.74,0
"Napa-post lang ako! busy yung small shop this morning, then naglaan ako ng time para magpahinga. Sulit naman kahit pagod. Note 0961.",1724,0.39,0
"After a busy day, biglang lumamig yung weather. Tomorrow ulit. At least productive ang araw. Note 0467.",2424,0.68,0
"Sa mga naghahanap ng extra income, this online commission job offer says you can receive a large shopping voucher. connect your wallet for verification, lods. open until midnight only. Ref 0098.",38,24.48,1
"Mga lods, may referral program daw na make dollars without experience. PM me for the registration link; legit daw and maraming payout screenshots. Ref 0580.",52,8.0,1
"Quick heads-up, may referral program daw na make dollars without experience. enter your account information; marami na raw kumikita dito. Ref 0265.",37,13.27,1
"Mga lods, may referral program daw na make dollars without experience. PM me for the registration link; legit daw and maraming payout screenshots. Ref 0310.",22,16.09,1
"Reading about personal finance lately, especially emergency funds and responsible budgeting. Note 0029.",453,0.89,0
"Nag-budget ako ng sweldo this month: bills first, savings second, then saka na yung wants. Note 0224.",461,2.69,0
I transferred part of my allowance to savings today. Maliit lang pero consistent is the goal. Note 0286.,1073,1.77,0
Thank God for the blessing of a new job! Grateful ako sa opportunity kahit starting pa lang. Note 0141.,513,0.73,0
"Attention po! If you want shopping voucher promo, they claim you can get a commission for every successful invite. send your details to the coordinator and don't miss it. huwag palampasin kung kailangan mo ng extra income. Ref 0844.",40,14.54,1
"Quick heads-up, may cashback program daw na turn ₱500 into a bigger payout. enter your account information; marami na raw kumikita dito. Ref 0815.",47,14.39,1
"Late-night thoughts! naabutan ako ng traffic pauwi, then naglaan ako ng time para magpahinga. Sana mas relaxed ang next few days. Note 0373.",1409,1.23,0
"Looking for people interested in part-time data entry? Sabi nila secure a high-paying slot, kahit beginner puwede. submit the online form. no experience needed, perfect for beginners. Ref 0196.",4,18.95,1
"Attention po! If you want crypto airdrop, they claim you can get paid for simple tasks. send your details to the coordinator and don't miss it. huwag palampasin kung kailangan mo ng extra income. Ref 0654.",30,10.97,1
Random update: nakahanap ako ng tahimik na café. Nakakatuwa rin pala yung ganitong routine. Note 0458.,1551,1.94,0
"Guys, nakita ko itong government assistance offer opportunity and ang promise ay receive a crypto bonus instantly. reserve your slot today. mabilis lang ang process. Ref 0842.",26,11.08,1
"Today, bumalik ako sa gym. Ang simple ng araw pero okay lang. Need ko talaga ng rest after that. Note 0834.",2910,2.65,0
"Mga lods, naglaro kami hanggang madaling-araw. Needed that break today. Walang grand plan, enjoy lang muna. Note 0406.",1909,2.43,0
"Thank God, approved na yung scholarship allowance ko. Huge help for my school expenses. Note 0234.",1431,2.26,0
Received my salary today and immediately set aside money for rent and utilities. Adulting talaga. Note 0070.,1729,2.91,0
"Good news! If you want shopping voucher promo, they claim you can get a commission for every successful invite. message me ASAP and don't miss it. sayang kung ma-late ka. Ref 0379.",55,10.41,1
Got paid for a legitimate freelance project today. Deposited most of it and kept a little for weekend food. Note 0198.,640,1.48,0
"Looking for people interested in product-review tasks? Sabi nila double your starting capital in one week, kahit beginner puwede. submit the online form. no experience needed, perfect for beginners. Ref 0956.",44,8.22,1
"Quick heads-up, may referral program daw na make dollars without experience. enter your account information; marami na raw kumikita dito. Ref 0295.",7,15.15,1
"Thank God, approved na yung scholarship allowance ko. Huge help for my school expenses. Note 0194.",2953,1.07,0
"Guys, nakita ko itong small investment opportunity and ang promise ay get same-day payouts. click the link in the post. first come, first served. Ref 0967.",31,27.25,1
"Quick update, bumalik ako sa gym. Ang simple ng araw pero okay lang. Simple things pero nakaka-good mood. Note 0960.",1627,2.47,0
Random update: sobrang kulit ng aso namin. Nakakatuwa rin pala yung ganitong routine. Note 0308.,506,2.57,0
"Attention po! If you want shopping voucher promo, they claim you can get a commission for every successful invite. send your details to the coordinator and don't miss it. huwag palampasin kung kailangan mo ng extra income. Ref 0994.",10,23.94,1
"Quick heads-up, may work-from-home encoding daw na earn ₱3,000 to ₱8,000 daily. enter your account information; marami na raw kumikita dito. Ref 0405.",57,5.37,1
Random update: nag-grocery ako pagkatapos ng work. Simple things pero nakaka-good mood. Note 0950.,657,2.9,0
"Good news! If you want shopping voucher promo, they claim you can get a commission for every successful invite. message me ASAP and don't miss it. sayang kung ma-late ka. Ref 0079.",55,16.62,1
"Guys, nakita ko itong digital investment pool opportunity and ang promise ay earn passive income from your phone. reserve your slot today. mabilis lang ang process. Ref 0822.",6,26.5,1
"Guys, nakita ko itong small investment opportunity and ang promise ay get same-day payouts. reserve your slot today. mabilis lang ang process. Ref 0952.",16,26.31,1
"Mga lods, may cashback program daw na turn ₱500 into a bigger payout. PM me for the registration link; legit daw and maraming payout screenshots. Ref 0560.",32,23.42,1
"Guys, nakita ko itong government assistance offer opportunity and ang promise ay receive a crypto bonus instantly. click the link in the post. first come, first served. Ref 0707.",11,27.63,1
Bought a secondhand laptop using money I saved for months. Super happy with the purchase. Note 0252.,476,2.65,0
"Looking for people interested in part-time data entry? Sabi nila secure a high-paying slot, kahit beginner puwede. submit the online form. no experience needed, perfect for beginners. Ref 0256.",4,22.71,1
"Looking for people interested in product-review tasks? Sabi nila double your starting capital in one week, kahit beginner puwede. pay the activation fee first. tested na raw ng mga kakilala ko. Ref 0761.",29,21.01,1
"Good news! If you want mobile earning app, they claim you can unlock a bonus after three referrals. message me ASAP and don't miss it. sayang kung ma-late ka. Ref 0029.",5,5.15,1
"Attention po! If you want mobile earning app, they claim you can unlock a bonus after three referrals. send your details to the coordinator and don't miss it. huwag palampasin kung kailangan mo ng extra income. Ref 0074.",50,7.97,1
"After class, nag-try ako ng bagong recipe. Ang simple ng araw pero okay lang. Need ko talaga ng rest after that. Note 0774.",2492,2.32,0
"After a busy day, nag-set aside ako ng Sunday para magpahinga. Tomorrow ulit. At least productive ang araw. Note 0887.",2649,2.99,0
"Honestly! naabutan ako ng traffic pauwi, then naglaan ako ng time para magpahinga. Back to reality tomorrow haha. Note 0859.",2634,0.12,0
"Good news! If you want crypto airdrop, they claim you can get paid for simple tasks. message me ASAP and don't miss it. sayang kung ma-late ka. Ref 0189.",45,6.84,1
Random update: nag-grocery ako pagkatapos ng work. Nakakatuwa rin pala yung ganitong routine. Note 0338.,715,1.28,0
Nagtabi ako ng cash for my parents this month. Small way lang to say thank you. Note 0053.,2781,0.44,0
"Looking for people interested in part-time data entry? Sabi nila secure a high-paying slot, kahit beginner puwede. pay the activation fee first. tested na raw ng mga kakilala ko. Ref 0841.",49,9.35,1
"Good news! If you want crypto airdrop, they claim you can get paid for simple tasks. message me ASAP and don't miss it. sayang kung ma-late ka. Ref 0819.",15,21.31,1
I transferred part of my allowance to savings today. Maliit lang pero consistent is the goal. Note 0206.,1416,2.3,0
Today felt simple: ang daming deadline this week. Worth it yung effort. Note 0345.,1394,1.27,0
"Mga lods, may referral program daw na make dollars without experience. PM me for the registration link; legit daw and maraming payout screenshots. Ref 0190.",22,8.57,1
"Sa mga naghahanap ng extra income, this online commission job offer says you can receive a large shopping voucher. connect your wallet for verification, lods. open until midnight only. Ref 0758.",38,15.82,1
"After a busy day, biglang lumamig yung weather. Tomorrow ulit. Sana mas relaxed ang next few days. Note 0593.",1141,0.5,0
"After work! busy yung small shop this morning, then naglaan ako ng time para magpahinga. Worth it yung effort. Note 0565.",1126,0.54,0
"After a busy day, biglang lumamig yung weather. Tomorrow ulit. Sulit naman kahit pagod. Note 0701.",813,2.84,0
Random update: nakahanap ako ng tahimik na café. Small progress is still progress. Note 0512.,1387,0.2,0
"After work! naabutan ako ng traffic pauwi, then naglaan ako ng time para magpahinga. Back to reality tomorrow haha. Note 0409.",2200,2.01,0
"Sa mga naghahanap ng extra income, this affiliate income offer says you can receive a guaranteed daily return. connect your wallet for verification, lods. open until midnight only. Ref 0798.",18,9.99,1
"After a busy day, biglang lumamig yung weather. Tomorrow ulit. Worth it yung effort. Note 0935.",1903,2.09,0
"Looking for people interested in part-time data entry? Sabi nila secure a high-paying slot, kahit beginner puwede. pay the activation fee first. tested na raw ng mga kakilala ko. Ref 0241.",49,21.77,1
"Sa mga naghahanap ng extra income, this online commission job offer says you can receive a large shopping voucher. send the required deposit, lods. limited slots lang kaya bilisan. Ref 0653.",53,9.24,1
"After a busy day, biglang lumamig yung weather. Tomorrow ulit. Sulit naman kahit pagod. Note 0611.",2887,0.89,0
"After work! busy yung small shop this morning, then naglaan ako ng time para magpahinga. Back to reality tomorrow haha. Note 0799.",2216,2.7,0
"Guys, nakita ko itong digital investment pool opportunity and ang promise ay earn passive income from your phone. reserve your slot today. mabilis lang ang process. Ref 0942.",6,9.01,1
"Sa mga naghahanap ng extra income, this online commission job offer says you can receive a large shopping voucher. send the required deposit, lods. limited slots lang kaya bilisan. Ref 0293.",53,11.69,1
"Sa mga naghahanap ng extra income, this online chat support offer says you can withdraw earnings every afternoon. send the required deposit, lods. limited slots lang kaya bilisan. Ref 0133.",13,10.0,1
"Guys, nakita ko itong government assistance offer opportunity and ang promise ay receive a crypto bonus instantly. reserve your slot today. mabilis lang ang process. Ref 0932.",56,16.72,1
"Today, nag-try ako ng bagong recipe. Ang simple ng araw pero okay lang. Walang grand plan, enjoy lang muna. Note 0756.",746,1.93,0
Security Bank notice: A security review is required. Please complete the security form using the page sent in this message before your access is restricted. Ref 0033.,33,12.07,1
Security Bank notice: Unusual activity was detected. Please verify your login and OTP using the page sent in this message before your access is restricted. Ref 0803.,23,18.64,1
"Looking for people interested in foreign-currency trading? Sabi nila claim a limited cash reward, kahit beginner puwede. submit the online form. no experience needed, perfect for beginners. Ref 0666.",54,6.72,1
"Grabe! busy yung small shop this morning, then naglaan ako ng time para magpahinga. At least productive ang araw. Note 0637.",2708,2.1,0
Got paid for a legitimate freelance project today. Deposited most of it and kept a little for weekend food. Note 0078.,2505,0.82,0
Got paid for a legitimate freelance project today. Deposited most of it and kept a little for weekend food. Note 0218.,2580,0.62,0
"Napa-post lang ako, nag-try ako ng bagong recipe. Ang simple ng araw pero okay lang. Need ko talaga ng rest after that. Note 0324.",2058,1.3,0
"Guys, nakita ko itong digital investment pool opportunity and ang promise ay earn passive income from your phone. reserve your slot today. mabilis lang ang process. Ref 0342.",6,21.43,1
"Looking for people interested in foreign-currency trading? Sabi nila claim a limited cash reward, kahit beginner puwede. pay the activation fee first. tested na raw ng mga kakilala ko. Ref 0621.",9,28.91,1
Our family is saving for a small home renovation. Slow progress but we're getting there. Note 0076.,2311,2.07,0
"Finally! naabutan ako ng traffic pauwi, then naglaan ako ng time para magpahinga. Worth it yung effort. Note 0445.",2991,2.79,0
"Grabe! busy yung small shop this morning, then naglaan ako ng time para magpahinga. Sulit naman kahit pagod. Note 0871.",1097,1.35,0
"After a busy day, nag-set aside ako ng Sunday para magpahinga. Tomorrow ulit. Sulit naman kahit pagod. Note 0491.",2051,0.23,0
Today felt simple: ang daming deadline this week. Worth it yung effort. Note 0435.,2021,0.31,0
"Guys, nakita ko itong small investment opportunity and ang promise ay get same-day payouts. click the link in the post. first come, first served. Ref 0037.",1,18.99,1
"Guys, nakita ko itong digital investment pool opportunity and ang promise ay earn passive income from your phone. reserve your slot today. mabilis lang ang process. Ref 0672.",36,17.1,1
"Looking for people interested in foreign-currency trading? Sabi nila claim a limited cash reward, kahit beginner puwede. pay the activation fee first. tested na raw ng mga kakilala ko. Ref 0501.",9,21.39,1
"Guys, nakita ko itong digital investment pool opportunity and ang promise ay earn passive income from your phone. reserve your slot today. mabilis lang ang process. Ref 0912.",36,7.13,1
"Mga lods, nag-lunch kami ng family. Needed that break today. Walang grand plan, enjoy lang muna. Note 0736.",1507,2.79,0
"Quick heads-up, may work-from-home encoding daw na earn ₱3,000 to ₱8,000 daily. enter your account information; marami na raw kumikita dito. Ref 0645.",57,20.41,1
"Quick heads-up, may cashback program daw na turn ₱500 into a bigger payout. enter your account information; marami na raw kumikita dito. Ref 0965.",17,23.79,1
"Late-night thoughts, natapos ko rin yung report. Ang simple ng araw pero okay lang. Simple things pero nakaka-good mood. Note 0750.",2865,2.77,0
Random update: nag-grocery ako pagkatapos ng work. Nakakatuwa rin pala yung ganitong routine. Note 0698.,522,0.35,0
Today felt simple: finally napanood ko yung movie. Sana mas relaxed ang next few days. Note 0333.,2931,2.95,0
"Guys, nakita ko itong government assistance offer opportunity and ang promise ay receive a crypto bonus instantly. click the link in the post. first come, first served. Ref 0917.",41,15.78,1
"Sa mga naghahanap ng extra income, this affiliate income offer says you can receive a guaranteed daily return. send the required deposit, lods. limited slots lang kaya bilisan. Ref 0663.",3,26.54,1
Metrobank notice: A security review is required. Please verify your login and OTP using the page sent in this message before your access is restricted. Ref 0759.,15,17.55,1
UnionBank notice: A security review is required. Please confirm your mobile number using the page sent in this message before your access is restricted. Ref 0429.,45,21.88,1
Today felt simple: finally napanood ko yung movie. Back to reality tomorrow haha. Note 0819.,1455,1.84,0
Random update: nag-grocery ako pagkatapos ng work. Small progress is still progress. Note 0302.,2625,0.5,0
"Looking for people interested in foreign-currency trading? Sabi nila claim a limited cash reward, kahit beginner puwede. pay the activation fee first. tested na raw ng mga kakilala ko. Ref 0081.",9,20.08,1
"Looking for people interested in part-time data entry? Sabi nila secure a high-paying slot, kahit beginner puwede. submit the online form. no experience needed, perfect for beginners. Ref 0706.",34,25.9,1
"Quick heads-up, may cashback program daw na turn ₱500 into a bigger payout. enter your account information; marami na raw kumikita dito. Ref 0365.",17,11.2,1
"Mga lods, naglaro kami hanggang madaling-araw. Needed that break today. Small progress is still progress. Note 0892.",433,1.32,0
"Looking for people interested in product-review tasks? Sabi nila double your starting capital in one week, kahit beginner puwede. pay the activation fee first. tested na raw ng mga kakilala ko. Ref 0041.",29,25.91,1
"Mga lods, may work-from-home encoding daw na earn ₱3,000 to ₱8,000 daily. PM me for the registration link; legit daw and maraming payout screenshots. Ref 0180.",12,16.28,1
"Sa mga naghahanap ng extra income, this online commission job offer says you can receive a large shopping voucher. send the required deposit, lods. limited slots lang kaya bilisan. Ref 0353.",53,15.45,1
"Sa mga naghahanap ng extra income, this online chat support offer says you can withdraw earnings every afternoon. send the required deposit, lods. limited slots lang kaya bilisan. Ref 0073.",13,6.24,1
"Random update: sobrang kulit ng aso namin. Walang grand plan, enjoy lang muna. Note 0506.",805,1.04,0
"Sa mga naghahanap ng extra income, this online chat support offer says you can withdraw earnings every afternoon. connect your wallet for verification, lods. open until midnight only. Ref 0448.",28,29.74,1
"Mga lods, may work-from-home encoding daw na earn ₱3,000 to ₱8,000 daily. PM me for the registration link; legit daw and maraming payout screenshots. Ref 0480.",12,10.07,1
"Good news! If you want mobile earning app, they claim you can unlock a bonus after three referrals. message me ASAP and don't miss it. sayang kung ma-late ka. Ref 0839.",35,5.89,1
Random update: nakahanap ako ng tahimik na café. Simple things pero nakaka-good mood. Note 0620.,1059,2.54,0
"Mga lods, naglaro kami hanggang madaling-araw. Needed that break today. Walang grand plan, enjoy lang muna. Note 0496.",2536,1.47,0
"Nag-budget ako ng sweldo this month: bills first, savings second, then saka na yung wants. Note 0064.",1147,0.84,0
Finally paid my credit card bill in full. Ang sarap sa feeling na zero balance ulit. Note 0185.,2080,2.33,0
"Looking for people interested in product-review tasks? Sabi nila double your starting capital in one week, kahit beginner puwede. submit the online form. no experience needed, perfect for beginners. Ref 0446.",14,26.28,1
Random update: nag-grocery ako pagkatapos ng work. Need ko talaga ng rest after that. Note 0374.,1506,2.06,0
"Good news! If you want mobile earning app, they claim you can unlock a bonus after three referrals. message me ASAP and don't miss it. sayang kung ma-late ka. Ref 0989.",5,15.29,1
"Today! nag-shoot ako ng photos sa hapon, then naglaan ako ng time para magpahinga. At least productive ang araw. Note 0847.",1470,1.8,0
Reminder to myself: having money doesn't mean spending everything. Saving is part of the plan. Note 0079.,2602,1.65,0
"After class, bumalik ako sa gym. Ang simple ng araw pero okay lang. Need ko talaga ng rest after that. Note 0384.",2476,1.63,0
"Mga lods, may referral program daw na make dollars without experience. PM me for the registration link; legit daw and maraming payout screenshots. Ref 0130.",22,29.82,1
"Quick heads-up, may referral program daw na make dollars without experience. enter your account information; marami na raw kumikita dito. Ref 0085.",37,27.0,1
"Looking for people interested in foreign-currency trading? Sabi nila claim a limited cash reward, kahit beginner puwede. pay the activation fee first. tested na raw ng mga kakilala ko. Ref 0111.",39,21.96,1
"Mga lods, may work-from-home encoding daw na earn ₱3,000 to ₱8,000 daily. PM me for the registration link; legit daw and maraming payout screenshots. Ref 0240.",12,20.04,1
"After a busy day, biglang lumamig yung weather. Tomorrow ulit. At least productive ang araw. Note 0827.",2231,2.66,0
Reminder to myself: having money doesn't mean spending everything. Saving is part of the plan. Note 0019.,2184,1.32,0
Today felt simple: finally napanood ko yung movie. At least productive ang araw. Note 0477.,693,0.25,0
"Mga lods, may referral program daw na make dollars without experience. PM me for the registration link; legit daw and maraming payout screenshots. Ref 0520.",52,29.25,1
Bought a secondhand laptop using money I saved for months. Super happy with the purchase. Note 0112.,401,2.85,0
RCBC notice: Your account may be temporarily locked. Please complete the security form using the page sent in this message before your access is restricted. Ref 0704.,20,22.44,1
"Guys, nakita ko itong small investment opportunity and ang promise ay get same-day payouts. reserve your slot today. mabilis lang ang process. Ref 0202.",46,29.33,1
"Random update: sobrang kulit ng aso namin. Walang grand plan, enjoy lang muna. Note 0416.",2879,2.0,0
"Guys, nakita ko itong small investment opportunity and ang promise ay get same-day payouts. reserve your slot today. mabilis lang ang process. Ref 0892.",16,22.55,1
Reminder to myself: having money doesn't mean spending everything. Saving is part of the plan. Note 0259.,1155,2.64,0
"Good news! If you want crypto airdrop, they claim you can get paid for simple tasks. message me ASAP and don't miss it. sayang kung ma-late ka. Ref 0849.",45,23.19,1
"Attention po! If you want crypto airdrop, they claim you can get paid for simple tasks. send your details to the coordinator and don't miss it. huwag palampasin kung kailangan mo ng extra income. Ref 0324.",60,15.3,1
"Quick heads-up, may referral program daw na make dollars without experience. enter your account information; marami na raw kumikita dito. Ref 0415.",7,22.67,1
"Mga lods, may referral program daw na make dollars without experience. PM me for the registration link; legit daw and maraming payout screenshots. Ref 0340.",52,17.97,1
"After a busy day, nag-set aside ako ng Sunday para magpahinga. Tomorrow ulit. Worth it yung effort. Note 0905.",1694,0.47,0
BPI notice: Your account needs verification. Please confirm your identity through the attached page using the page sent in this message before your access is restricted. Ref 0330.,42,25.68,1
"Looking for people interested in part-time data entry? Sabi nila secure a high-paying slot, kahit beginner puwede. submit the online form. no experience needed, perfect for beginners. Ref 0046.",34,9.55,1
"Quick heads-up, may work-from-home encoding daw na earn ₱3,000 to ₱8,000 daily. enter your account information; marami na raw kumikita dito. Ref 0765.",57,27.93,1
"Looking for people interested in product-review tasks? Sabi nila double your starting capital in one week, kahit beginner puwede. submit the online form. no experience needed, perfect for beginners. Ref 0296.",44,16.88,1
BDO notice: A recent transaction needs confirmation. Please confirm your mobile number using the page sent in this message before your access is restricted. Ref 0847.,31,19.73,1
Today felt simple: finally napanood ko yung movie. Sulit naman kahit pagod. Note 0981.,963,2.44,0
"After a busy day, nag-set aside ako ng Sunday para magpahinga. Tomorrow ulit. At least productive ang araw. Note 0707.",1395,2.0,0
"Quick heads-up, may work-from-home encoding daw na earn ₱3,000 to ₱8,000 daily. enter your account information; marami na raw kumikita dito. Ref 0705.",57,24.17,1
"Reading about personal finance lately, especially emergency funds and responsible budgeting. Note 0229.",946,1.02,0
"Quick heads-up, may work-from-home encoding daw na earn ₱3,000 to ₱8,000 daily. enter your account information; marami na raw kumikita dito. Ref 0525.",57,12.89,1
BPI notice: A recent transaction needs confirmation. Please verify your login and OTP using the page sent in this message before your access is restricted. Ref 0253.,13,17.52,1
Nag-open ako ng separate account for travel savings. Hopefully enough na by next year. Note 0088.,774,0.39,0
Today felt simple: naglinis ako ng garden. Sana mas relaxed ang next few days. Note 0753.,455,2.35,0
"Mga lods, nag-lunch kami ng family. Needed that break today. Small progress is still progress. Note 0952.",851,1.65,0
"Honestly! nag-shoot ako ng photos sa hapon, then naglaan ako ng time para magpahinga. Sana mas relaxed ang next few days. Note 0703.",1007,1.59,0
"Mga lods, nag-lunch kami ng family. Needed that break today. Nakakatuwa rin pala yung ganitong routine. Note 0718.",2462,2.4,0
"Quick heads-up, may cashback program daw na turn ₱500 into a bigger payout. enter your account information; marami na raw kumikita dito. Ref 0785.",17,12.51,1
"Sa mga naghahanap ng extra income, this online commission job offer says you can receive a large shopping voucher. connect your wallet for verification, lods. open until midnight only. Ref 0278.",38,10.75,1
"Thank God, approved na yung scholarship allowance ko. Huge help for my school expenses. Note 0274.",2610,0.54,0
"Guys, nakita ko itong small investment opportunity and ang promise ay get same-day payouts. reserve your slot today. mabilis lang ang process. Ref 0142.",46,25.57,1
Today felt simple: naglinis ako ng garden. Sulit naman kahit pagod. Note 0321.,1767,1.72,0
"After a busy day, nagplano kami ng short trip. Tomorrow ulit. At least productive ang araw. Note 0677.",1186,0.38,0
"Good morning! naabutan ako ng traffic pauwi, then naglaan ako ng time para magpahinga. At least productive ang araw. Note 0697.",425,2.43,0
"Quick heads-up, may referral program daw na make dollars without experience. enter your account information; marami na raw kumikita dito. Ref 0685.",37,14.58,1
"Looking for people interested in foreign-currency trading? Sabi nila claim a limited cash reward, kahit beginner puwede. submit the online form. no experience needed, perfect for beginners. Ref 0036.",24,17.26,1
"Looking for people interested in foreign-currency trading? Sabi nila claim a limited cash reward, kahit beginner puwede. submit the online form. no experience needed, perfect for beginners. Ref 0216.",24,28.54,1
"Small win today! busy yung small shop this morning, then naglaan ako ng time para magpahinga. Sulit naman kahit pagod. Note 0511.",1290,2.28,0
Random update: nag-grocery ako pagkatapos ng work. Small progress is still progress. Note 0392.,551,2.45,0
Nagtabi ako ng cash for my parents this month. Small way lang to say thank you. Note 0213.,2095,2.29,0
Today felt simple: naglinis ako ng garden. Sana mas relaxed ang next few days. Note 0483.,1275,2.32,0
"Mga lods, naglaro kami hanggang madaling-araw. Needed that break today. Nakakatuwa rin pala yung ganitong routine. Note 0388.",2864,2.04,0
"Looking for people interested in part-time data entry? Sabi nila secure a high-paying slot, kahit beginner puwede. submit the online form. no experience needed, perfect for beginners. Ref 0376.",4,5.22,1
"After a busy day, nagplano kami ng short trip. Tomorrow ulit. Worth it yung effort. Note 0875.",1485,1.76,0
"Mga lods, may referral program daw na make dollars without experience. PM me for the registration link; legit daw and maraming payout screenshots. Ref 0760.",52,19.28,1
"Sa mga naghahanap ng extra income, this affiliate income offer says you can receive a guaranteed daily return. send the required deposit, lods. limited slots lang kaya bilisan. Ref 0303.",3,28.99,1
"Mga lods, paulit-ulit kong pinapakinggan yung bagong playlist. Needed that break today. Need ko talaga ng rest after that. Note 0904.",1597,2.55,0
"Attention po! If you want shopping voucher promo, they claim you can get a commission for every successful invite. send your details to the coordinator and don't miss it. huwag palampasin kung kailangan mo ng extra income. Ref 0364.",40,9.47,1
"Mga lods, nag-lunch kami ng family. Needed that break today. Need ko talaga ng rest after that. Note 0664.",2626,1.23,0
"Sa mga naghahanap ng extra income, this online chat support offer says you can withdraw earnings every afternoon. send the required deposit, lods. limited slots lang kaya bilisan. Ref 0433.",13,28.8,1
"Random thought, natapos ko rin yung report. Ang simple ng araw pero okay lang. Walang grand plan, enjoy lang muna. Note 0876.",1582,2.59,0
Random update: nag-grocery ako pagkatapos ng work. Nakakatuwa rin pala yung ganitong routine. Note 0428.,1342,0.32,0
Today felt simple: ang daming deadline this week. Sana mas relaxed ang next few days. Note 0723.,2947,0.73,0
"Attention po! If you want mobile earning app, they claim you can unlock a bonus after three referrals. send your details to the coordinator and don't miss it. huwag palampasin kung kailangan mo ng extra income. Ref 0224.",20,17.37,1
"Quick heads-up, may cashback program daw na turn ₱500 into a bigger payout. enter your account information; marami na raw kumikita dito. Ref 0185.",17,24.93,1
"Guys, nakita ko itong digital investment pool opportunity and ang promise ay earn passive income from your phone. click the link in the post. first come, first served. Ref 0027.",51,26.7,1
"Mga lods, naglaro kami hanggang madaling-araw. Needed that break today. Walang grand plan, enjoy lang muna. Note 0676.",1089,2.46,0
"Sa mga naghahanap ng extra income, this affiliate income offer says you can receive a guaranteed daily return. connect your wallet for verification, lods. open until midnight only. Ref 0378.",18,8.68,1
RCBC notice: Unusual activity was detected. Please confirm your mobile number using the page sent in this message before your access is restricted. Ref 0935.,47,21.91,1
"Guys, nakita ko itong small investment opportunity and ang promise ay get same-day payouts. reserve your slot today. mabilis lang ang process. Ref 0982.",46,28.19,1
"Guys, nakita ko itong government assistance offer opportunity and ang promise ay receive a crypto bonus instantly. click the link in the post. first come, first served. Ref 0437.",41,10.71,1
Today felt simple: naglinis ako ng garden. Back to reality tomorrow haha. Note 0699.,619,1.18,0
"Sa mga naghahanap ng extra income, this online commission job offer says you can receive a large shopping voucher. send the required deposit, lods. limited slots lang kaya bilisan. Ref 0323.",23,13.57,1
"Mga lods, naglaro kami hanggang madaling-araw. Needed that break today. Small progress is still progress. Note 0712.",1880,0.33,0
I transferred part of my allowance to savings today. Maliit lang pero consistent is the goal. Note 0046.,2102,0.45,0
PNB notice: A recent transaction needs confirmation. Please confirm your mobile number using the page sent in this message before your access is restricted. Ref 0517.,1,24.06,1
"Mga lods, may cashback program daw na turn ₱500 into a bigger payout. PM me for the registration link; legit daw and maraming payout screenshots. Ref 0170.",2,23.99,1
"Sa mga naghahanap ng extra income, this affiliate income offer says you can receive a guaranteed daily return. connect your wallet for verification, lods. open until midnight only. Ref 0768.",48,8.11,1
"Attention po! If you want shopping voucher promo, they claim you can get a commission for every successful invite. send your details to the coordinator and don't miss it. huwag palampasin kung kailangan mo ng extra income. Ref 0964.",40,22.06,1
"Quick heads-up, may work-from-home encoding daw na earn ₱3,000 to ₱8,000 daily. enter your account information; marami na raw kumikita dito. Ref 0195.",27,17.22,1
"Mga lods, nag-lunch kami ng family. Needed that break today. Nakakatuwa rin pala yung ganitong routine. Note 0628.",1835,0.45,0
"Napa-post lang ako, natapos ko rin yung report. Ang simple ng araw pero okay lang. Nakakatuwa rin pala yung ganitong routine. Note 0948.",463,1.24,0
"Random update: sobrang kulit ng aso namin. Walang grand plan, enjoy lang muna. Note 0776.",2686,1.07,0
"Quick heads-up, may cashback program daw na turn ₱500 into a bigger payout. enter your account information; marami na raw kumikita dito. Ref 0515.",47,20.6,1
"Quick heads-up, may referral program daw na make dollars without experience. enter your account information; marami na raw kumikita dito. Ref 0025.",37,23.24,1
"Good news! If you want crypto airdrop, they claim you can get paid for simple tasks. message me ASAP and don't miss it. sayang kung ma-late ka. Ref 0129.",45,28.09,1
"After a busy day, nagplano kami ng short trip. Tomorrow ulit. Back to reality tomorrow haha. Note 0659.",2141,2.9,0
"Mga lods, paulit-ulit kong pinapakinggan yung bagong playlist. Needed that break today. Nakakatuwa rin pala yung ganitong routine. Note 0508.",999,2.7,0
"Looking for people interested in part-time data entry? Sabi nila secure a high-paying slot, kahit beginner puwede. submit the online form. no experience needed, perfect for beginners. Ref 0976.",4,17.81,1
"Sa mga naghahanap ng extra income, this affiliate income offer says you can receive a guaranteed daily return. send the required deposit, lods. limited slots lang kaya bilisan. Ref 0093.",33,15.83,1
"Quick heads-up, may cashback program daw na turn ₱500 into a bigger payout. enter your account information; marami na raw kumikita dito. Ref 0395.",47,13.08,1
"After a busy day, nag-set aside ako ng Sunday para magpahinga. Tomorrow ulit. At least productive ang araw. Note 0617.",768,2.96,0
"Guys, nakita ko itong government assistance offer opportunity and ang promise ay receive a crypto bonus instantly. reserve your slot today. mabilis lang ang process. Ref 0002.",26,8.46,1
"Looking for people interested in foreign-currency trading? Sabi nila claim a limited cash reward, kahit beginner puwede. pay the activation fee first. tested na raw ng mga kakilala ko. Ref 0711.",39,9.54,1
Thank God for the blessing of a new job! Grateful ako sa opportunity kahit starting pa lang. Note 0081.,2796,0.4,0
Finally paid my credit card bill in full. Ang sarap sa feeling na zero balance ulit. Note 0025.,2766,0.48,0
"After work, natapos ko rin yung report. Ang simple ng araw pero okay lang. Nakakatuwa rin pala yung ganitong routine. Note 0318.",1476,2.14,0
PNB notice: Your account needs verification. Please verify your login and OTP using the page sent in this message before your access is restricted. Ref 0132.,36,8.27,1
Reminder to myself: having money doesn't mean spending everything. Saving is part of the plan. Note 0139.,319,1.98,0
"Looking for people interested in product-review tasks? Sabi nila double your starting capital in one week, kahit beginner puwede. submit the online form. no experience needed, perfect for beginners. Ref 0866.",14,27.59,1
"Guys, nakita ko itong government assistance offer opportunity and ang promise ay receive a crypto bonus instantly. click the link in the post. first come, first served. Ref 0107.",11,15.04,1
"Mga lods, may referral program daw na make dollars without experience. PM me for the registration link; legit daw and maraming payout screenshots. Ref 0820.",52,23.04,1
"Looking for people interested in foreign-currency trading? Sabi nila claim a limited cash reward, kahit beginner puwede. submit the online form. no experience needed, perfect for beginners. Ref 0006.",54,15.38,1
"Napa-post lang ako! nag-shoot ako ng photos sa hapon, then naglaan ako ng time para magpahinga. Worth it yung effort. Note 0415.",2782,1.17,0
"Sa mga naghahanap ng extra income, this affiliate income offer says you can receive a guaranteed daily return. connect your wallet for verification, lods. open until midnight only. Ref 0738.",18,6.23,1
RCBC notice: A recent transaction needs confirmation. Please review the transaction immediately using the page sent in this message before your access is restricted. Ref 0319.,55,6.65,1
"Sa mga naghahanap ng extra income, this online commission job offer says you can receive a large shopping voucher. connect your wallet for verification, lods. open until midnight only. Ref 0338.",38,14.51,1
Got paid for a legitimate freelance project today. Deposited most of it and kept a little for weekend food. Note 0018.,2087,0.49,0
"Looking for people interested in part-time data entry? Sabi nila secure a high-paying slot, kahit beginner puwede. pay the activation fee first. tested na raw ng mga kakilala ko. Ref 0421.",49,8.04,1
"Happy Sunday, bumalik ako sa gym. Ang simple ng araw pero okay lang. Nakakatuwa rin pala yung ganitong routine. Note 0348.",1685,0.85,0
I started tracking daily expenses because I want to understand where my money goes. Note 0275.,2707,1.37,0
"Mga lods, naglaro kami hanggang madaling-araw. Needed that break today. Small progress is still progress. Note 0532.",626,2.25,0
"Looking for people interested in part-time data entry? Sabi nila secure a high-paying slot, kahit beginner puwede. pay the activation fee first. tested na raw ng mga kakilala ko. Ref 0691.",19,24.96,1
Just opened a savings account at Metrobank para masanay akong magtabi ng money every month. Note 0080.,2699,2.48,0
"After a busy day, nagplano kami ng short trip. Tomorrow ulit. Worth it yung effort. Note 0515.",1678,2.69,0
"Reading about personal finance lately, especially emergency funds and responsible budgeting. Note 0129.",2050,2.41,0
"Guys, nakita ko itong small investment opportunity and ang promise ay get same-day payouts. reserve your slot today. mabilis lang ang process. Ref 0652.",16,7.51,1
Random update: nakahanap ako ng tahimik na café. Nakakatuwa rin pala yung ganitong routine. Note 0728.,731,1.97,0
"Guys, nakita ko itong government assistance offer opportunity and ang promise ay receive a crypto bonus instantly. reserve your slot today. mabilis lang ang process. Ref 0782.",26,7.32,1
"After a busy day, nagplano kami ng short trip. Tomorrow ulit. Sulit naman kahit pagod. Note 0461.",1842,1.52,0
"Mga lods, nag-lunch kami ng family. Needed that break today. Nakakatuwa rin pala yung ganitong routine. Note 0538.",1208,1.41,0
"Mga lods, nag-lunch kami ng family. Needed that break today. Nakakatuwa rin pala yung ganitong routine. Note 0808.",388,1.44,0
Today felt simple: naglinis ako ng garden. At least productive ang araw. Note 0987.,1545,1.6,0
"Guys, nakita ko itong government assistance offer opportunity and ang promise ay receive a crypto bonus instantly. reserve your slot today. mabilis lang ang process. Ref 0062.",26,12.22,1
"Nag-budget ako ng sweldo this month: bills first, savings second, then saka na yung wants. Note 0264.",1640,0.97,0
Today felt simple: finally napanood ko yung movie. Sana mas relaxed ang next few days. Note 0873.,1291,0.1,0
Random update: sobrang kulit ng aso namin. Simple things pero nakaka-good mood. Note 0560.,641,2.21,0
Just opened a savings account at BDO para masanay akong magtabi ng money every month. Note 0000.,341,0.1,0
"Looking for people interested in product-review tasks? Sabi nila double your starting capital in one week, kahit beginner puwede. pay the activation fee first. tested na raw ng mga kakilala ko. Ref 0611.",59,11.61,1
"Quick update, bumalik ako sa gym. Ang simple ng araw pero okay lang. Walang grand plan, enjoy lang muna. Note 0726.",537,0.31,0
"After a busy day, biglang lumamig yung weather. Tomorrow ulit. Sana mas relaxed ang next few days. Note 0773.",2395,1.49,0
"After a busy day, nagplano kami ng short trip. Tomorrow ulit. At least productive ang araw. Note 0407.",2006,0.35,0
"Guys, nakita ko itong government assistance offer opportunity and ang promise ay receive a crypto bonus instantly. click the link in the post. first come, first served. Ref 0827.",11,10.14,1
"Quick heads-up, may work-from-home encoding daw na earn ₱3,000 to ₱8,000 daily. enter your account information; marami na raw kumikita dito. Ref 0135.",27,13.46,1
"Sa mga naghahanap ng extra income, this online commission job offer says you can receive a large shopping voucher. connect your wallet for verification, lods. open until midnight only. Ref 0248.",8,8.87,1
"Mga lods, may work-from-home encoding daw na earn ₱3,000 to ₱8,000 daily. PM me for the registration link; legit daw and maraming payout screenshots. Ref 0060.",12,8.76,1
"Mga lods, may work-from-home encoding daw na earn ₱3,000 to ₱8,000 daily. PM me for the registration link; legit daw and maraming payout screenshots. Ref 0120.",12,12.52,1
Thank God for the blessing of a new job! Grateful ako sa opportunity kahit starting pa lang. Note 0201.,931,1.06,0
Thank God for the blessing of a new job! Grateful ako sa opportunity kahit starting pa lang. Note 0021.,2378,2.98,0
"Guys, nakita ko itong digital investment pool opportunity and ang promise ay earn passive income from your phone. click the link in the post. first come, first served. Ref 0567.",51,10.52,1
"Guys, nakita ko itong government assistance offer opportunity and ang promise ay receive a crypto bonus instantly. click the link in the post. first come, first served. Ref 0977.",41,19.54,1
"Sa mga naghahanap ng extra income, this online chat support offer says you can withdraw earnings every afternoon. send the required deposit, lods. limited slots lang kaya bilisan. Ref 0373.",13,25.04,1
"Attention po! If you want mobile earning app, they claim you can unlock a bonus after three referrals. send your details to the coordinator and don't miss it. huwag palampasin kung kailangan mo ng extra income. Ref 0884.",20,8.71,1
"Quick heads-up, may cashback program daw na turn ₱500 into a bigger payout. enter your account information; marami na raw kumikita dito. Ref 0545.",17,22.48,1
"Guys, nakita ko itong government assistance offer opportunity and ang promise ay receive a crypto bonus instantly. reserve your slot today. mabilis lang ang process. Ref 0182.",26,19.74,1
"After a busy day, nag-set aside ako ng Sunday para magpahinga. Tomorrow ulit. Back to reality tomorrow haha. Note 0419.",469,1.58,0
Random update: nag-grocery ako pagkatapos ng work. Need ko talaga ng rest after that. Note 0914.,2567,2.12,0
I compared bank savings products today for a class assignment. Finance topics are surprisingly interesting. Note 0177.,1304,1.51,0
"Nag-budget ako ng sweldo this month: bills first, savings second, then saka na yung wants. Note 0284.",879,0.11,0
Thank God for the blessing of a new job! Grateful ako sa opportunity kahit starting pa lang. Note 0161.,2453,2.78,0
BDO notice: Your account may be temporarily locked. Please update your account information using the page sent in this message before your access is restricted. Ref 0770.,2,11.57,1
Random update: sobrang kulit ng aso namin. Small progress is still progress. Note 0632.,2223,0.86,0
Today felt simple: naglinis ako ng garden. Sana mas relaxed ang next few days. Note 0573.,1902,1.36,0
"Sa mga naghahanap ng extra income, this affiliate income offer says you can receive a guaranteed daily return. send the required deposit, lods. limited slots lang kaya bilisan. Ref 0723.",3,5.29,1
"Quick update! nag-shoot ako ng photos sa hapon, then naglaan ako ng time para magpahinga. Worth it yung effort. Note 0505.",708,0.21,0
"Mga lods, paulit-ulit kong pinapakinggan yung bagong playlist. Needed that break today. Nakakatuwa rin pala yung ganitong routine. Note 0418.",372,0.75,0
"Mga lods, may cashback program daw na turn ₱500 into a bigger payout. PM me for the registration link; legit daw and maraming payout screenshots. Ref 0380.",32,12.14,1
"Crypto prices are interesting to watch, but I'm only reading about the market for now. Note 0131.",2244,1.16,0
"Guys, nakita ko itong small investment opportunity and ang promise ay get same-day payouts. reserve your slot today. mabilis lang ang process. Ref 0742.",46,13.15,1
RCBC notice: Your online banking access is expiring. Please verify your login and OTP using the page sent in this message before your access is restricted. Ref 0550.,22,6.12,1
"Thank God, approved na yung scholarship allowance ko. Huge help for my school expenses. Note 0174.",1013,1.93,0
"Looking for people interested in product-review tasks? Sabi nila double your starting capital in one week, kahit beginner puwede. submit the online form. no experience needed, perfect for beginners. Ref 0536.",44,6.91,1
"After class! nag-shoot ako ng photos sa hapon, then naglaan ako ng time para magpahinga. Sulit naman kahit pagod. Note 0631.",2126,2.94,0
"Mga lods, may referral program daw na make dollars without experience. PM me for the registration link; legit daw and maraming payout screenshots. Ref 0970.",22,7.43,1
"Attention po! If you want shopping voucher promo, they claim you can get a commission for every successful invite. send your details to the coordinator and don't miss it. huwag palampasin kung kailangan mo ng extra income. Ref 0904.",40,18.3,1
Random update: sobrang kulit ng aso namin. Small progress is still progress. Note 0902.,1403,0.89,0
"Mga lods, paulit-ulit kong pinapakinggan yung bagong playlist. Needed that break today. Need ko talaga ng rest after that. Note 0454.",1163,1.53,0
Metrobank notice: Your account may be temporarily locked. Please confirm your identity through the attached page using the page sent in this message before your access is restricted. Ref 0374.,50,26.77,1
"Sa mga naghahanap ng extra income, this affiliate income offer says you can receive a guaranteed daily return. send the required deposit, lods. limited slots lang kaya bilisan. Ref 0063.",3,13.95,1
"Sa mga naghahanap ng extra income, this online commission job offer says you can receive a large shopping voucher. send the required deposit, lods. limited slots lang kaya bilisan. Ref 0593.",53,5.48,1
"Looking for people interested in foreign-currency trading? Sabi nila claim a limited cash reward, kahit beginner puwede. submit the online form. no experience needed, perfect for beginners. Ref 0276.",24,7.29,1
"Guys, nakita ko itong digital investment pool opportunity and ang promise ay earn passive income from your phone. click the link in the post. first come, first served. Ref 0057.",21,28.58,1
PNB notice: Your online banking access is expiring. Please complete the security form using the page sent in this message before your access is restricted. Ref 0748.,28,23.53,1
"Guys, nakita ko itong digital investment pool opportunity and ang promise ay earn passive income from your phone. click the link in the post. first come, first served. Ref 0477.",21,29.89,1
"Sa mga naghahanap ng extra income, this affiliate income offer says you can receive a guaranteed daily return. send the required deposit, lods. limited slots lang kaya bilisan. Ref 0483.",3,15.26,1
"Guys, nakita ko itong digital investment pool opportunity and ang promise ay earn passive income from your phone. reserve your slot today. mabilis lang ang process. Ref 0402.",6,25.19,1
Our family is saving for a small home renovation. Slow progress but we're getting there. Note 0136.,2729,2.4,0
"Quick heads-up, may referral program daw na make dollars without experience. enter your account information; marami na raw kumikita dito. Ref 0445.",37,24.55,1
Today felt simple: finally napanood ko yung movie. At least productive ang araw. Note 0927.,1127,1.27,0
"After a busy day, nagplano kami ng short trip. Tomorrow ulit. Sana mas relaxed ang next few days. Note 0533.",723,0.17,0
"Sa mga naghahanap ng extra income, this online commission job offer says you can receive a large shopping voucher. connect your wallet for verification, lods. open until midnight only. Ref 0158.",38,28.24,1
"Random thought! busy yung small shop this morning, then naglaan ako ng time para magpahinga. Back to reality tomorrow haha. Note 0889.",2843,1.74,0
"Good morning, natapos ko rin yung report. Ang simple ng araw pero okay lang. Simple things pero nakaka-good mood. Note 0840.",791,1.81,0
"Mga lods, paulit-ulit kong pinapakinggan yung bagong playlist. Needed that break today. Walang grand plan, enjoy lang muna. Note 0436.",2118,1.14,0
"Finally! busy yung small shop this morning, then naglaan ako ng time para magpahinga. Sulit naman kahit pagod. Note 0601.",1917,1.32,0
"Sa mga naghahanap ng extra income, this affiliate income offer says you can receive a guaranteed daily return. send the required deposit, lods. limited slots lang kaya bilisan. Ref 0513.",33,17.14,1
"Looking for people interested in product-review tasks? Sabi nila double your starting capital in one week, kahit beginner puwede. submit the online form. no experience needed, perfect for beginners. Ref 0566.",14,8.79,1
"After a busy day, biglang lumamig yung weather. Tomorrow ulit. At least productive ang araw. Note 0377.",1797,1.64,0
Security Bank notice: A recent transaction needs confirmation. Please update your account information using the page sent in this message before your access is restricted. Ref 0187.,31,28.39,1
"Good news! If you want crypto airdrop, they claim you can get paid for simple tasks. message me ASAP and don't miss it. sayang kung ma-late ka. Ref 0579.",15,6.27,1
"Mga lods, may cashback program daw na turn ₱500 into a bigger payout. PM me for the registration link; legit daw and maraming payout screenshots. Ref 0200.",32,25.87,1
Random update: nag-grocery ako pagkatapos ng work. Simple things pero nakaka-good mood. Note 0680.,1477,2.87,0
"After a busy day, nagplano kami ng short trip. Tomorrow ulit. At least productive ang araw. Note 0587.",559,1.34,0
"Attention po! If you want mobile earning app, they claim you can unlock a bonus after three referrals. send your details to the coordinator and don't miss it. huwag palampasin kung kailangan mo ng extra income. Ref 0254.",50,19.25,1
Random update: nakahanap ako ng tahimik na café. Nakakatuwa rin pala yung ganitong routine. Note 0368.,924,2.9,0
"After work, natapos ko rin yung report. Ang simple ng araw pero okay lang. Small progress is still progress. Note 0552.",2566,1.39,0
"Quick update, nag-try ako ng bagong recipe. Ang simple ng araw pero okay lang. Nakakatuwa rin pala yung ganitong routine. Note 0648.",1074,2.5,0
I started tracking daily expenses because I want to understand where my money goes. Note 0115.,692,2.43,0
Today felt simple: finally napanood ko yung movie. Sana mas relaxed ang next few days. Note 0423.,857,1.99,0
"Napa-post lang ako! busy yung small shop this morning, then naglaan ako ng time para magpahinga. At least productive ang araw. Note 0727.",634,1.14,0
PNB notice: Unusual activity was detected. Please confirm your identity through the attached page using the page sent in this message before your access is restricted. Ref 0671.,59,15.37,1
"Sa mga naghahanap ng extra income, this online commission job offer says you can receive a large shopping voucher. connect your wallet for verification, lods. open until midnight only. Ref 0998.",38,5.85,1
"Guys, nakita ko itong small investment opportunity and ang promise ay get same-day payouts. click the link in the post. first come, first served. Ref 0097.",1,22.75,1
"Good news! If you want mobile earning app, they claim you can unlock a bonus after three referrals. message me ASAP and don't miss it. sayang kung ma-late ka. Ref 0419.",35,29.59,1
"Guys, nakita ko itong small investment opportunity and ang promise ay get same-day payouts. click the link in the post. first come, first served. Ref 0337.",1,12.78,1
BPI notice: Your account may be temporarily locked. Please confirm your mobile number using the page sent in this message before your access is restricted. Ref 0638.,38,8.3,1
"Good morning, nag-try ako ng bagong recipe. Ang simple ng araw pero okay lang. Simple things pero nakaka-good mood. Note 0450.",775,1.12,0
"Quick heads-up, may referral program daw na make dollars without experience. enter your account information; marami na raw kumikita dito. Ref 0205.",37,9.51,1
"Quick heads-up, may referral program daw na make dollars without experience. enter your account information; marami na raw kumikita dito. Ref 0325.",37,17.03,1
"Mga lods, nag-lunch kami ng family. Needed that break today. Need ko talaga ng rest after that. Note 0304.",2819,2.16,0
Random update: sobrang kulit ng aso namin. Nakakatuwa rin pala yung ganitong routine. Note 0578.,2387,2.6,0
Just opened a savings account at BDO para masanay akong magtabi ng money every month. Note 0140.,416,2.81,0
"Good news! If you want crypto airdrop, they claim you can get paid for simple tasks. message me ASAP and don't miss it. sayang kung ma-late ka. Ref 0519.",15,27.52,1
"Sa mga naghahanap ng extra income, this affiliate income offer says you can receive a guaranteed daily return. send the required deposit, lods. limited slots lang kaya bilisan. Ref 0783.",3,9.05,1
Today felt simple: ang daming deadline this week. Sulit naman kahit pagod. Note 0831.,2619,0.16,0
"Napa-post lang ako, natapos ko rin yung report. Ang simple ng araw pero okay lang. Simple things pero nakaka-good mood. Note 0480.",984,2.74,0
"Sa mga naghahanap ng extra income, this online commission job offer says you can receive a large shopping voucher. connect your wallet for verification, lods. open until midnight only. Ref 0428.",8,20.15,1
"Attention po! If you want shopping voucher promo, they claim you can get a commission for every successful invite. send your details to the coordinator and don't miss it. huwag palampasin kung kailangan mo ng extra income. Ref 0574.",10,22.63,1
Nag-open ako ng separate account for travel savings. Hopefully enough na by next year. Note 0188.,2371,1.91,0
Nagtabi ako ng cash for my parents this month. Small way lang to say thank you. Note 0133.,2438,2.82,0
"Looking for people interested in foreign-currency trading? Sabi nila claim a limited cash reward, kahit beginner puwede. pay the activation fee first. tested na raw ng mga kakilala ko. Ref 0681.",9,7.66,1
"Mga lods, may referral program daw na make dollars without experience. PM me for the registration link; legit daw and maraming payout screenshots. Ref 0370.",22,19.85,1
Just opened a savings account at RCBC para masanay akong magtabi ng money every month. Note 0060.,759,0.43,0
"Attention po! If you want mobile earning app, they claim you can unlock a bonus after three referrals. send your details to the coordinator and don't miss it. huwag palampasin kung kailangan mo ng extra income. Ref 0824.",20,29.96,1
"Happy Sunday, nag-try ako ng bagong recipe. Ang simple ng araw pero okay lang. Nakakatuwa rin pala yung ganitong routine. Note 0738.",1701,1.54,0
"Sa mga naghahanap ng extra income, this online chat support offer says you can withdraw earnings every afternoon. connect your wallet for verification, lods. open until midnight only. Ref 0358.",58,24.1,1
I started tracking daily expenses because I want to understand where my money goes. Note 0075.,2214,1.24,0
Today felt simple: ang daming deadline this week. Sana mas relaxed ang next few days. Note 0993.,2127,0.76,0
"After a busy day, nagplano kami ng short trip. Tomorrow ulit. Back to reality tomorrow haha. Note 0839.",694,0.98,0
Bought a secondhand laptop using money I saved for months. Super happy with the purchase. Note 0292.,1655,0.93,0
"Honestly! naabutan ako ng traffic pauwi, then naglaan ako ng time para magpahinga. Worth it yung effort. Note 0625.",1544,0.87,0
"Mga lods, nag-lunch kami ng family. Needed that break today. Simple things pero nakaka-good mood. Note 0430.",1536,1.98,0
"After a busy day, nag-set aside ako ng Sunday para magpahinga. Tomorrow ulit. Worth it yung effort. Note 0365.",633,0.41,0
"Guys, nakita ko itong government assistance offer opportunity and ang promise ay receive a crypto bonus instantly. click the link in the post. first come, first served. Ref 0197.",41,20.68,1
Received my salary today and immediately set aside money for rent and utilities. Adulting talaga. Note 0170.,625,1.52,0
"Mga lods, paulit-ulit kong pinapakinggan yung bagong playlist. Needed that break today. Nakakatuwa rin pala yung ganitong routine. Note 0688.",2253,0.78,0
"Looking for people interested in part-time data entry? Sabi nila secure a high-paying slot, kahit beginner puwede. pay the activation fee first. tested na raw ng mga kakilala ko. Ref 0151.",19,16.13,1
"Mga lods, nag-lunch kami ng family. Needed that break today. Need ko talaga ng rest after that. Note 0934.",1806,1.26,0
"Sa mga naghahanap ng extra income, this affiliate income offer says you can receive a guaranteed daily return. connect your wallet for verification, lods. open until midnight only. Ref 0468.",48,14.32,1
"Good news! If you want shopping voucher promo, they claim you can get a commission for every successful invite. message me ASAP and don't miss it. sayang kung ma-late ka. Ref 0949.",25,21.12,1
"Sa mga naghahanap ng extra income, this online commission job offer says you can receive a large shopping voucher. connect your wallet for verification, lods. open until midnight only. Ref 0398.",38,18.27,1
"Happy Sunday! busy yung small shop this morning, then naglaan ako ng time para magpahinga. At least productive ang araw. Note 0907.",1888,2.13,0
Learning about blockchain lately for school and personal curiosity. Interesting yung technology behind it. Note 0023.,2572,1.73,0
"Quick heads-up, may referral program daw na make dollars without experience. enter your account information; marami na raw kumikita dito. Ref 0475.",7,26.43,1
"Guys, nakita ko itong small investment opportunity and ang promise ay get same-day payouts. reserve your slot today. mabilis lang ang process. Ref 0562.",46,26.88,1
Today felt simple: finally napanood ko yung movie. Worth it yung effort. Note 0495.,2439,0.64,0
Today felt simple: finally napanood ko yung movie. Sulit naman kahit pagod. Note 0351.,1976,0.43,0
"Guys, nakita ko itong government assistance offer opportunity and ang promise ay receive a crypto bonus instantly. click the link in the post. first come, first served. Ref 0377.",41,6.95,1
Today felt simple: naglinis ako ng garden. Back to reality tomorrow haha. Note 0609.,2693,2.14,0
"Mga lods, nag-lunch kami ng family. Needed that break today. Small progress is still progress. Note 0592.",1044,2.58,0
"Attention po! If you want shopping voucher promo, they claim you can get a commission for every successful invite. send your details to the coordinator and don't miss it. huwag palampasin kung kailangan mo ng extra income. Ref 0694.",10,5.14,1
"Sa mga naghahanap ng extra income, this affiliate income offer says you can receive a guaranteed daily return. send the required deposit, lods. limited slots lang kaya bilisan. Ref 0333.",33,5.86,1
Learning about blockchain lately for school and personal curiosity. Interesting yung technology behind it. Note 0083.,2990,2.06,0
Today felt simple: finally napanood ko yung movie. Back to reality tomorrow haha. Note 0639.,2902,0.85,0
"Sa mga naghahanap ng extra income, this online commission job offer says you can receive a large shopping voucher. send the required deposit, lods. limited slots lang kaya bilisan. Ref 0413.",53,19.21,1
"Looking for people interested in product-review tasks? Sabi nila double your starting capital in one week, kahit beginner puwede. pay the activation fee first. tested na raw ng mga kakilala ko. Ref 0311.",59,17.82,1
"Happy Sunday, nag-try ako ng bagong recipe. Ang simple ng araw pero okay lang. Small progress is still progress. Note 0972.",2791,0.79,0
"Sa mga naghahanap ng extra income, this affiliate income offer says you can receive a guaranteed daily return. connect your wallet for verification, lods. open until midnight only. Ref 0288.",48,28.05,1
"Sa mga naghahanap ng extra income, this online commission job offer says you can receive a large shopping voucher. send the required deposit, lods. limited slots lang kaya bilisan. Ref 0233.",53,7.93,1
"Attention po! If you want shopping voucher promo, they claim you can get a commission for every successful invite. send your details to the coordinator and don't miss it. huwag palampasin kung kailangan mo ng extra income. Ref 0754.",10,8.9,1
"Mga lods, nag-lunch kami ng family. Needed that break today. Walang grand plan, enjoy lang muna. Note 0556.",2954,1.8,0
"Looking for people interested in foreign-currency trading? Sabi nila claim a limited cash reward, kahit beginner puwede. submit the online form. no experience needed, perfect for beginners. Ref 0786.",54,14.24,1
"Looking for people interested in part-time data entry? Sabi nila secure a high-paying slot, kahit beginner puwede. pay the activation fee first. tested na raw ng mga kakilala ko. Ref 0511.",19,13.68,1
Today felt simple: finally napanood ko yung movie. Worth it yung effort. Note 0675.,992,1.63,0
"Mga lods, paulit-ulit kong pinapakinggan yung bagong playlist. Needed that break today. Need ko talaga ng rest after that. Note 0544.",1790,0.57,0
"After work, bumalik ako sa gym. Ang simple ng araw pero okay lang. Need ko talaga ng rest after that. Note 0474.",402,0.67,0
Random update: sobrang kulit ng aso namin. Simple things pero nakaka-good mood. Note 0650.,1268,1.25,0
"Mga lods, may work-from-home encoding daw na earn ₱3,000 to ₱8,000 daily. PM me for the registration link; legit daw and maraming payout screenshots. Ref 0360.",12,27.56,1
"Late-night thoughts! nag-shoot ako ng photos sa hapon, then naglaan ako ng time para magpahinga. Worth it yung effort. Note 0685.",1962,1.2,0
Just opened a savings account at RCBC para masanay akong magtabi ng money every month. Note 0200.,834,0.23,0
Today felt simple: finally napanood ko yung movie. Sulit naman kahit pagod. Note 0711.,1783,2.41,0
Today felt simple: finally napanood ko yung movie. Back to reality tomorrow haha. Note 0549.,2275,1.81,0
"Looking for people interested in product-review tasks? Sabi nila double your starting capital in one week, kahit beginner puwede. pay the activation fee first. tested na raw ng mga kakilala ko. Ref 0821.",29,24.77,1
"Looking for people interested in foreign-currency trading? Sabi nila claim a limited cash reward, kahit beginner puwede. submit the online form. no experience needed, perfect for beginners. Ref 0096.",24,21.02,1
"After work! nag-shoot ako ng photos sa hapon, then naglaan ako ng time para magpahinga. Worth it yung effort. Note 0955.",1142,1.23,0
"Looking for people interested in product-review tasks? Sabi nila double your starting capital in one week, kahit beginner puwede. submit the online form. no experience needed, perfect for beginners. Ref 0116.",44,5.6,1
"Sa mga naghahanap ng extra income, this online commission job offer says you can receive a large shopping voucher. send the required deposit, lods. limited slots lang kaya bilisan. Ref 0623.",23,7.36,1
BDO notice: A recent transaction needs confirmation. Please confirm your mobile number using the page sent in this message before your access is restricted. Ref 0385.,37,20.79,1
Our family is saving for a small home renovation. Slow progress but we're getting there. Note 0036.,1132,0.88,0
"Sa mga naghahanap ng extra income, this affiliate income offer says you can receive a guaranteed daily return. send the required deposit, lods. limited slots lang kaya bilisan. Ref 0603.",3,22.78,1
"Guys, nakita ko itong small investment opportunity and ang promise ay get same-day payouts. click the link in the post. first come, first served. Ref 0487.",31,22.18,1
Nagtabi ako ng cash for my parents this month. Small way lang to say thank you. Note 0293.,1752,1.76,0
Finally paid my credit card bill in full. Ang sarap sa feeling na zero balance ulit. Note 0045.,2005,2.53,0
"Looking for people interested in part-time data entry? Sabi nila secure a high-paying slot, kahit beginner puwede. submit the online form. no experience needed, perfect for beginners. Ref 0796.",4,6.53,1
"Guys, nakita ko itong digital investment pool opportunity and ang promise ay earn passive income from your phone. click the link in the post. first come, first served. Ref 0117.",21,7.33,1
"Sa mga naghahanap ng extra income, this online chat support offer says you can withdraw earnings every afternoon. connect your wallet for verification, lods. open until midnight only. Ref 0538.",58,10.37,1
Random update: sobrang kulit ng aso namin. Need ko talaga ng rest after that. Note 0794.,1731,1.46,0
"Mga lods, may cashback program daw na turn ₱500 into a bigger payout. PM me for the registration link; legit daw and maraming payout screenshots. Ref 0290.",2,6.5,1
"Thank God, approved na yung scholarship allowance ko. Huge help for my school expenses. Note 0054.",2878,1.27,0
UnionBank notice: Your account may be temporarily locked. Please verify your login and OTP using the page sent in this message before your access is restricted. Ref 0506.,14,5.03,1
"Quick heads-up, may work-from-home encoding daw na earn ₱3,000 to ₱8,000 daily. enter your account information; marami na raw kumikita dito. Ref 0585.",57,16.65,1
"Quick heads-up, may work-from-home encoding daw na earn ₱3,000 to ₱8,000 daily. enter your account information; marami na raw kumikita dito. Ref 0885.",57,10.44,1
"Reading about personal finance lately, especially emergency funds and responsible budgeting. Note 0269.",2125,2.21,0
"Good news! If you want crypto airdrop, they claim you can get paid for simple tasks. message me ASAP and don't miss it. sayang kung ma-late ka. Ref 0459.",15,23.76,1
"Quick heads-up, may cashback program daw na turn ₱500 into a bigger payout. enter your account information; marami na raw kumikita dito. Ref 0575.",47,24.36,1
"Looking for people interested in foreign-currency trading? Sabi nila claim a limited cash reward, kahit beginner puwede. submit the online form. no experience needed, perfect for beginners. Ref 0336.",24,11.05,1
Today felt simple: naglinis ako ng garden. Worth it yung effort. Note 0645.,783,2.92,0
"Mga lods, may cashback program daw na turn ₱500 into a bigger payout. PM me for the registration link; legit daw and maraming payout screenshots. Ref 0500.",32,19.66,1
"Quick heads-up, may cashback program daw na turn ₱500 into a bigger payout. enter your account information; marami na raw kumikita dito. Ref 0305.",17,7.44,1
"After a busy day, nag-set aside ako ng Sunday para magpahinga. Tomorrow ulit. Back to reality tomorrow haha. Note 0959.",1530,1.64,0
"After a busy day, biglang lumamig yung weather. Tomorrow ulit. At least productive ang araw. Note 0737.",1604,0.71,0
Thank God for the blessing of a new job! Grateful ako sa opportunity kahit starting pa lang. Note 0101.,2035,2.45,0
Today felt simple: finally napanood ko yung movie. Back to reality tomorrow haha. Note 0369.,1021,0.82,0
"After work, natapos ko rin yung report. Ang simple ng araw pero okay lang. Walang grand plan, enjoy lang muna. Note 0786.",955,0.64,0
"Sa mga naghahanap ng extra income, this online chat support offer says you can withdraw earnings every afternoon. connect your wallet for verification, lods. open until midnight only. Ref 0148.",28,10.94,1
"Sa mga naghahanap ng extra income, this affiliate income offer says you can receive a guaranteed daily return. connect your wallet for verification, lods. open until midnight only. Ref 0408.",48,10.56,1
"Nag-budget ako ng sweldo this month: bills first, savings second, then saka na yung wants. Note 0044.",1908,1.7,0
"Good news! If you want shopping voucher promo, they claim you can get a commission for every successful invite. message me ASAP and don't miss it. sayang kung ma-late ka. Ref 0559.",55,21.69,1
"Looking for people interested in part-time data entry? Sabi nila secure a high-paying slot, kahit beginner puwede. submit the online form. no experience needed, perfect for beginners. Ref 0646.",34,22.14,1
"Random update: sobrang kulit ng aso namin. Walang grand plan, enjoy lang muna. Note 0956.",1239,2.06,0
"After a busy day, biglang lumamig yung weather. Tomorrow ulit. Back to reality tomorrow haha. Note 0359.",2752,1.25,0
Nag-open ako ng separate account for travel savings. Hopefully enough na by next year. Note 0048.,2296,2.11,0
"Happy Sunday! busy yung small shop this morning, then naglaan ako ng time para magpahinga. Back to reality tomorrow haha. Note 0439.",2409,0.72,0
RCBC notice: A security review is required. Please confirm your identity through the attached page using the page sent in this message before your access is restricted. Ref 0165.,57,15.34,1
I checked my bank balance today and finally hit my small savings goal. One step at a time. Note 0022.,2475,0.9,0
"Random thought! nag-shoot ako ng photos sa hapon, then naglaan ako ng time para magpahinga. Sana mas relaxed ang next few days. Note 0343.",1200,2.52,0
Random update: sobrang kulit ng aso namin. Nakakatuwa rin pala yung ganitong routine. Note 0668.,313,1.64,0
PNB notice: Your account may be temporarily locked. Please update your account information using the page sent in this message before your access is restricted. Ref 0440.,32,15.9,1
"After a busy day, nagplano kami ng short trip. Tomorrow ulit. At least productive ang araw. Note 0857.",2440,1.37,0
"After a busy day, nagplano kami ng short trip. Tomorrow ulit. Sulit naman kahit pagod. Note 0731.",1022,1.55,0
"Looking for people interested in foreign-currency trading? Sabi nila claim a limited cash reward, kahit beginner puwede. submit the online form. no experience needed, perfect for beginners. Ref 0456.",24,18.57,1
"Sa mga naghahanap ng extra income, this online commission job offer says you can receive a large shopping voucher. connect your wallet for verification, lods. open until midnight only. Ref 0788.",8,17.7,1
Bought a secondhand laptop using money I saved for months. Super happy with the purchase. Note 0052.,2684,2.52,0
"Good news! If you want mobile earning app, they claim you can unlock a bonus after three referrals. message me ASAP and don't miss it. sayang kung ma-late ka. Ref 0359.",35,25.83,1
"Guys, nakita ko itong digital investment pool opportunity and ang promise ay earn passive income from your phone. reserve your slot today. mabilis lang ang process. Ref 0732.",36,20.86,1
"Good morning! naabutan ako ng traffic pauwi, then naglaan ako ng time para magpahinga. Sana mas relaxed ang next few days. Note 0463.",2036,0.27,0
"Guys, nakita ko itong small investment opportunity and ang promise ay get same-day payouts. click the link in the post. first come, first served. Ref 0697.",1,10.33,1
"Guys, nakita ko itong government assistance offer opportunity and ang promise ay receive a crypto bonus instantly. click the link in the post. first come, first served. Ref 0887.",11,13.9,1
"Looking for people interested in foreign-currency trading? Sabi nila claim a limited cash reward, kahit beginner puwede. submit the online form. no experience needed, perfect for beginners. Ref 0906.",54,21.76,1
Random update: sobrang kulit ng aso namin. Simple things pero nakaka-good mood. Note 0470.,2715,0.26,0
"Small win today, nag-try ako ng bagong recipe. Ang simple ng araw pero okay lang. Walang grand plan, enjoy lang muna. Note 0576.",2193,0.94,0
"Quick heads-up, may cashback program daw na turn ₱500 into a bigger payout. enter your account information; marami na raw kumikita dito. Ref 0485.",17,18.72,1
"Looking for people interested in part-time data entry? Sabi nila secure a high-paying slot, kahit beginner puwede. submit the online form. no experience needed, perfect for beginners. Ref 0526.",34,14.62,1
"Good news! If you want crypto airdrop, they claim you can get paid for simple tasks. message me ASAP and don't miss it. sayang kung ma-late ka. Ref 0339.",15,16.24,1
Random update: nakahanap ako ng tahimik na café. Need ko talaga ng rest after that. Note 0404.,1715,0.77,0
"Guys, nakita ko itong digital investment pool opportunity and ang promise ay earn passive income from your phone. click the link in the post. first come, first served. Ref 0837.",21,27.44,1
"Grabe! nag-shoot ako ng photos sa hapon, then naglaan ako ng time para magpahinga. Back to reality tomorrow haha. Note 0559.",544,1.38,0
BPI notice: A security review is required. Please update your account information using the page sent in this message before your access is restricted. Ref 0561.,9,25.15,1
"Nag-budget ako ng sweldo this month: bills first, savings second, then saka na yung wants. Note 0204.",1222,0.64,0
"Attention po! If you want mobile earning app, they claim you can unlock a bonus after three referrals. send your details to the coordinator and don't miss it. huwag palampasin kung kailangan mo ng extra income. Ref 0674.",50,20.56,1
"Looking for people interested in part-time data entry? Sabi nila secure a high-paying slot, kahit beginner puwede. submit the online form. no experience needed, perfect for beginners. Ref 0736.",4,27.78,1
"Guys, nakita ko itong digital investment pool opportunity and ang promise ay earn passive income from your phone. click the link in the post. first come, first served. Ref 0177.",21,11.09,1
"Mga lods, may referral program daw na make dollars without experience. PM me for the registration link; legit daw and maraming payout screenshots. Ref 0730.",22,17.4,1
"Looking for people interested in product-review tasks? Sabi nila double your starting capital in one week, kahit beginner puwede. pay the activation fee first. tested na raw ng mga kakilala ko. Ref 0581.",29,9.73,1
"Sa mga naghahanap ng extra income, this online chat support offer says you can withdraw earnings every afternoon. connect your wallet for verification, lods. open until midnight only. Ref 0178.",58,12.82,1
"After class! naabutan ako ng traffic pauwi, then naglaan ako ng time para magpahinga. At least productive ang araw. Note 0787.",1052,1.47,0
"After class! busy yung small shop this morning, then naglaan ako ng time para magpahinga. Sana mas relaxed ang next few days. Note 0943.",2679,2.91,0
"After class! busy yung small shop this morning, then naglaan ako ng time para magpahinga. Worth it yung effort. Note 0475.",499,1.5,0
Today felt simple: naglinis ako ng garden. At least productive ang araw. Note 0357.,2558,2.5,0
Just opened a savings account at BPI para masanay akong magtabi ng money every month. Note 0260.,1252,0.56,0
"Looking for people interested in part-time data entry? Sabi nila secure a high-paying slot, kahit beginner puwede. pay the activation fee first. tested na raw ng mga kakilala ko. Ref 0271.",19,23.65,1
Today felt simple: finally napanood ko yung movie. Worth it yung effort. Note 0765.,1619,0.67,0
"Mga lods, nag-lunch kami ng family. Needed that break today. Small progress is still progress. Note 0772.",2298,0.66,0
"After a busy day, nagplano kami ng short trip. Tomorrow ulit. Sulit naman kahit pagod. Note 0551.",2469,0.56,0
I transferred part of my allowance to savings today. Maliit lang pero consistent is the goal. Note 0166.,2938,1.11,0
"Sa mga naghahanap ng extra income, this affiliate income offer says you can receive a guaranteed daily return. send the required deposit, lods. limited slots lang kaya bilisan. Ref 0753.",33,7.17,1
"Napa-post lang ako, bumalik ako sa gym. Ang simple ng araw pero okay lang. Small progress is still progress. Note 0402.",1521,2.02,0
"Honestly! busy yung small shop this morning, then naglaan ako ng time para magpahinga. At least productive ang araw. Note 0547.",2081,0.15,0
"After a busy day, biglang lumamig yung weather. Tomorrow ulit. Back to reality tomorrow haha. Note 0989.",1739,0.35,0
"Sa mga naghahanap ng extra income, this online chat support offer says you can withdraw earnings every afternoon. send the required deposit, lods. limited slots lang kaya bilisan. Ref 0043.",43,29.37,1
"Guys, nakita ko itong government assistance offer opportunity and ang promise ay receive a crypto bonus instantly. reserve your slot today. mabilis lang ang process. Ref 0692.",56,26.69,1
"Good news! If you want crypto airdrop, they claim you can get paid for simple tasks. message me ASAP and don't miss it. sayang kung ma-late ka. Ref 0369.",45,18.12,1
"After a busy day, nag-set aside ako ng Sunday para magpahinga. Tomorrow ulit. At least productive ang araw. Note 0977.",575,2.03,0
Today felt simple: ang daming deadline this week. At least productive ang araw. Note 0597.,1529,0.91,0
"Guys, nakita ko itong small investment opportunity and ang promise ay get same-day payouts. click the link in the post. first come, first served. Ref 0907.",31,23.49,1
"Guys, nakita ko itong government assistance offer opportunity and ang promise ay receive a crypto bonus instantly. reserve your slot today. mabilis lang ang process. Ref 0452.",56,11.65,1
"Mga lods, paulit-ulit kong pinapakinggan yung bagong playlist. Needed that break today. Simple things pero nakaka-good mood. Note 0310.",700,1.32,0
"Mga lods, paulit-ulit kong pinapakinggan yung bagong playlist. Needed that break today. Small progress is still progress. Note 0472.",2909,1.92,0
"Quick heads-up, may work-from-home encoding daw na earn ₱3,000 to ₱8,000 daily. enter your account information; marami na raw kumikita dito. Ref 0075.",27,9.7,1
"Sa mga naghahanap ng extra income, this affiliate income offer says you can receive a guaranteed daily return. connect your wallet for verification, lods. open until midnight only. Ref 0918.",18,17.51,1
"Quick heads-up, may work-from-home encoding daw na earn ₱3,000 to ₱8,000 daily. enter your account information; marami na raw kumikita dito. Ref 0105.",57,11.58,1
Thankful for today's blessings and for clients who continue supporting our small business. Note 0207.,1513,0.22,0
"Mga lods, paulit-ulit kong pinapakinggan yung bagong playlist. Needed that break today. Small progress is still progress. Note 0562.",835,0.96,0
"Guys, nakita ko itong digital investment pool opportunity and ang promise ay earn passive income from your phone. reserve your slot today. mabilis lang ang process. Ref 0582.",6,11.46,1
"Today, natapos ko rin yung report. Ang simple ng araw pero okay lang. Nakakatuwa rin pala yung ganitong routine. Note 0678.",1283,1.21,0
"Good news! If you want crypto airdrop, they claim you can get paid for simple tasks. message me ASAP and don't miss it. sayang kung ma-late ka. Ref 0879.",15,25.07,1
"Sa mga naghahanap ng extra income, this online chat support offer says you can withdraw earnings every afternoon. connect your wallet for verification, lods. open until midnight only. Ref 0778.",58,25.41,1
Metrobank notice: Your account needs verification. Please review the transaction immediately using the page sent in this message before your access is restricted. Ref 0528.,48,18.08,1
"Guys, nakita ko itong small investment opportunity and ang promise ay get same-day payouts. click the link in the post. first come, first served. Ref 0247.",31,7.14,1
"Late-night thoughts! nag-shoot ako ng photos sa hapon, then naglaan ako ng time para magpahinga. Sulit naman kahit pagod. Note 0451.",872,1.95,0
Random update: nakahanap ako ng tahimik na café. Nakakatuwa rin pala yung ganitong routine. Note 0998.,2612,2.0,0
"Quick heads-up, may work-from-home encoding daw na earn ₱3,000 to ₱8,000 daily. enter your account information; marami na raw kumikita dito. Ref 0975.",27,16.08,1
"Guys, nakita ko itong small investment opportunity and ang promise ay get same-day payouts. click the link in the post. first come, first served. Ref 0877.",1,21.61,1
"Reading about personal finance lately, especially emergency funds and responsible budgeting. Note 0169.",528,0.69,0
"Reading about personal finance lately, especially emergency funds and responsible budgeting. Note 0289.",1364,1.35,0
I started tracking daily expenses because I want to understand where my money goes. Note 0295.,1946,0.51,0
"After a busy day, nag-set aside ako ng Sunday para magpahinga. Tomorrow ulit. Sana mas relaxed ang next few days. Note 0563.",932,1.79,0
"Mga lods, naglaro kami hanggang madaling-araw. Needed that break today. Need ko talaga ng rest after that. Note 0964.",2015,2.88,0
"Sa mga naghahanap ng extra income, this online chat support offer says you can withdraw earnings every afternoon. send the required deposit, lods. limited slots lang kaya bilisan. Ref 0673.",13,18.83,1
"Looking for people interested in part-time data entry? Sabi nila secure a high-paying slot, kahit beginner puwede. submit the online form. no experience needed, perfect for beginners. Ref 0436.",4,8.98,1
"Mga lods, nag-lunch kami ng family. Needed that break today. Small progress is still progress. Note 0862.",2925,2.61,0
"Looking for people interested in foreign-currency trading? Sabi nila claim a limited cash reward, kahit beginner puwede. submit the online form. no experience needed, perfect for beginners. Ref 0636.",24,29.85,1
"Looking for people interested in product-review tasks? Sabi nila double your starting capital in one week, kahit beginner puwede. pay the activation fee first. tested na raw ng mga kakilala ko. Ref 0101.",29,29.67,1
"Guys, nakita ko itong small investment opportunity and ang promise ay get same-day payouts. reserve your slot today. mabilis lang ang process. Ref 0802.",46,16.91,1
"Grabe! nag-shoot ako ng photos sa hapon, then naglaan ako ng time para magpahinga. Worth it yung effort. Note 0325.",2155,2.13,0
Today felt simple: finally napanood ko yung movie. Worth it yung effort. Note 0585.,365,2.59,0
"Good morning! nag-shoot ako ng photos sa hapon, then naglaan ako ng time para magpahinga. At least productive ang araw. Note 0307.",409,1.74,0
"Mga lods, paulit-ulit kong pinapakinggan yung bagong playlist. Needed that break today. Nakakatuwa rin pala yung ganitong routine. Note 0958.",1433,0.81,0
"Attention po! If you want shopping voucher promo, they claim you can get a commission for every successful invite. send your details to the coordinator and don't miss it. huwag palampasin kung kailangan mo ng extra income. Ref 0004.",40,11.92,1
"Good news! If you want mobile earning app, they claim you can unlock a bonus after three referrals. message me ASAP and don't miss it. sayang kung ma-late ka. Ref 0449.",5,6.46,1
Today felt simple: finally napanood ko yung movie. Sulit naman kahit pagod. Note 0621.,1156,0.46,0
"Random update: nakahanap ako ng tahimik na café. Walang grand plan, enjoy lang muna. Note 0566.",1223,1.37,0
"Looking for people interested in product-review tasks? Sabi nila double your starting capital in one week, kahit beginner puwede. pay the activation fee first. tested na raw ng mga kakilala ko. Ref 0911.",59,5.4,1
"Looking for people interested in product-review tasks? Sabi nila double your starting capital in one week, kahit beginner puwede. submit the online form. no experience needed, perfect for beginners. Ref 0416.",44,24.4,1
"Mga lods, naglaro kami hanggang madaling-araw. Needed that break today. Simple things pero nakaka-good mood. Note 0730.",925,0.72,0
"Quick heads-up, may referral program daw na make dollars without experience. enter your account information; marami na raw kumikita dito. Ref 0145.",37,5.75,1
"Quick update, nag-try ako ng bagong recipe. Ang simple ng araw pero okay lang. Need ko talaga ng rest after that. Note 0414.",2685,0.34,0
Thankful for today's blessings and for clients who continue supporting our small business. Note 0107.,2617,1.61,0
"Attention po! If you want mobile earning app, they claim you can unlock a bonus after three referrals. send your details to the coordinator and don't miss it. huwag palampasin kung kailangan mo ng extra income. Ref 0584.",20,14.92,1
"Mga lods, paulit-ulit kong pinapakinggan yung bagong playlist. Needed that break today. Walang grand plan, enjoy lang muna. Note 0796.",1925,0.21,0
"Looking for people interested in foreign-currency trading? Sabi nila claim a limited cash reward, kahit beginner puwede. pay the activation fee first. tested na raw ng mga kakilala ko. Ref 0981.",9,26.46,1
"Looking for people interested in product-review tasks? Sabi nila double your starting capital in one week, kahit beginner puwede. submit the online form. no experience needed, perfect for beginners. Ref 0926.",14,6.34,1
Thankful for today's blessings and for clients who continue supporting our small business. Note 0227.,752,2.27,0
"Sa mga naghahanap ng extra income, this affiliate income offer says you can receive a guaranteed daily return. connect your wallet for verification, lods. open until midnight only. Ref 0138.",18,18.65,1
"Quick heads-up, may referral program daw na make dollars without experience. enter your account information; marami na raw kumikita dito. Ref 0235.",7,11.39,1
Today felt simple: finally napanood ko yung movie. Sana mas relaxed ang next few days. Note 0963.,1918,2.05,0
"Good news! If you want crypto airdrop, they claim you can get paid for simple tasks. message me ASAP and don't miss it. sayang kung ma-late ka. Ref 0549.",45,29.4,1
"Good news! If you want mobile earning app, they claim you can unlock a bonus after three referrals. message me ASAP and don't miss it. sayang kung ma-late ka. Ref 0779.",35,27.14,1
Learning about blockchain lately for school and personal curiosity. Interesting yung technology behind it. Note 0183.,1886,0.67,0
"Happy Sunday, natapos ko rin yung report. Ang simple ng araw pero okay lang. Walang grand plan, enjoy lang muna. Note 0426.",1148,1.57,0
"Mga lods, naglaro kami hanggang madaling-araw. Needed that break today. Need ko talaga ng rest after that. Note 0334.",327,0.87,0
Random update: nag-grocery ako pagkatapos ng work. Simple things pero nakaka-good mood. Note 0410.,2297,2.84,0
"Crypto prices are interesting to watch, but I'm only reading about the market for now. Note 0071.",1826,0.83,0
"Sa mga naghahanap ng extra income, this affiliate income offer says you can receive a guaranteed daily return. send the required deposit, lods. limited slots lang kaya bilisan. Ref 0393.",33,9.62,1
I compared bank savings products today for a class assignment. Finance topics are surprisingly interesting. Note 0237.,1722,1.84,0
"Mga lods, naglaro kami hanggang madaling-araw. Needed that break today. Nakakatuwa rin pala yung ganitong routine. Note 0928.",1224,2.1,0
"Attention po! If you want shopping voucher promo, they claim you can get a commission for every successful invite. send your details to the coordinator and don't miss it. huwag palampasin kung kailangan mo ng extra income. Ref 0064.",40,15.68,1
Random update: nakahanap ako ng tahimik na café. Simple things pero nakaka-good mood. Note 0800.,2313,0.62,0
Learning about blockchain lately for school and personal curiosity. Interesting yung technology behind it. Note 0163.,2647,1.53,0
"Looking for people interested in part-time data entry? Sabi nila secure a high-paying slot, kahit beginner puwede. pay the activation fee first. tested na raw ng mga kakilala ko. Ref 0391.",19,6.16,1
Today felt simple: naglinis ako ng garden. At least productive ang araw. Note 0717.,2365,1.57,0
"Sa mga naghahanap ng extra income, this affiliate income offer says you can receive a guaranteed daily return. connect your wallet for verification, lods. open until midnight only. Ref 0618.",18,23.72,1
"Good news! If you want crypto airdrop, they claim you can get paid for simple tasks. message me ASAP and don't miss it. sayang kung ma-late ka. Ref 0999.",15,7.58,1
"Quick heads-up, may work-from-home encoding daw na earn ₱3,000 to ₱8,000 daily. enter your account information; marami na raw kumikita dito. Ref 0555.",27,14.77,1
Security Bank notice: Your account may be temporarily locked. Please review the transaction immediately using the page sent in this message before your access is restricted. Ref 0110.,2,20.23,1
"Mga lods, naglaro kami hanggang madaling-araw. Needed that break today. Nakakatuwa rin pala yung ganitong routine. Note 0478.",790,1.08,0
Reminder to myself: having money doesn't mean spending everything. Saving is part of the plan. Note 0119.,1080,2.84,0
Today felt simple: ang daming deadline this week. Sulit naman kahit pagod. Note 0561.,738,0.13,0
"Mga lods, may cashback program daw na turn ₱500 into a bigger payout. PM me for the registration link; legit daw and maraming payout screenshots. Ref 0830.",2,15.33,1
"Sa mga naghahanap ng extra income, this online commission job offer says you can receive a large shopping voucher. connect your wallet for verification, lods. open until midnight only. Ref 0368.",8,16.39,1
"Napa-post lang ako! naabutan ako ng traffic pauwi, then naglaan ako ng time para magpahinga. At least productive ang araw. Note 0337.",618,0.45,0
"Honestly! nag-shoot ako ng photos sa hapon, then naglaan ako ng time para magpahinga. Back to reality tomorrow haha. Note 0469.",2618,2.34,0
"Late-night thoughts! nag-shoot ako ng photos sa hapon, then naglaan ako ng time para magpahinga. Back to reality tomorrow haha. Note 0919.",351,0.45,0
"After a busy day, nag-set aside ako ng Sunday para magpahinga. Tomorrow ulit. Worth it yung effort. Note 0545.",1887,1.4,0
Today felt simple: naglinis ako ng garden. Back to reality tomorrow haha. Note 0339.,812,2.11,0
Today felt simple: ang daming deadline this week. At least productive ang araw. Note 0777.,2783,1.9,0
"Today! naabutan ako ng traffic pauwi, then naglaan ako ng time para magpahinga. Back to reality tomorrow haha. Note 0769.",2007,1.08,0
Random update: sobrang kulit ng aso namin. Need ko talaga ng rest after that. Note 0614.,477,0.47,0
"Attention po! If you want mobile earning app, they claim you can unlock a bonus after three referrals. send your details to the coordinator and don't miss it. huwag palampasin kung kailangan mo ng extra income. Ref 0014.",50,29.22,1
"Napa-post lang ako, bumalik ako sa gym. Ang simple ng araw pero okay lang. Walang grand plan, enjoy lang muna. Note 0636.",2611,1.27,0
"Sa mga naghahanap ng extra income, this affiliate income offer says you can receive a guaranteed daily return. connect your wallet for verification, lods. open until midnight only. Ref 0708.",48,29.36,1
Today felt simple: ang daming deadline this week. Sana mas relaxed ang next few days. Note 0903.,1500,1.72,0
"After work, nag-try ako ng bagong recipe. Ang simple ng araw pero okay lang. Need ko talaga ng rest after that. Note 0864.",418,1.36,0
"Sa mga naghahanap ng extra income, this online chat support offer says you can withdraw earnings every afternoon. connect your wallet for verification, lods. open until midnight only. Ref 0988.",28,13.56,1
"Quick heads-up, may referral program daw na make dollars without experience. enter your account information; marami na raw kumikita dito. Ref 0175.",7,7.63,1
"Happy Sunday! nag-shoot ako ng photos sa hapon, then naglaan ako ng time para magpahinga. Sulit naman kahit pagod. Note 0361.",2946,2.91,0
I started tracking daily expenses because I want to understand where my money goes. Note 0195.,349,1.9,0
"Attention po! If you want crypto airdrop, they claim you can get paid for simple tasks. send your details to the coordinator and don't miss it. huwag palampasin kung kailangan mo ng extra income. Ref 0474.",30,24.7,1
"Thank God, approved na yung scholarship allowance ko. Huge help for my school expenses. Note 0014.",1699,2.99,0
"Sa mga naghahanap ng extra income, this online chat support offer says you can withdraw earnings every afternoon. send the required deposit, lods. limited slots lang kaya bilisan. Ref 0403.",43,26.92,1
I compared bank savings products today for a class assignment. Finance topics are surprisingly interesting. Note 0217.,2483,2.7,0
"After class, nag-try ako ng bagong recipe. Ang simple ng araw pero okay lang. Walang grand plan, enjoy lang muna. Note 0306.",312,0.91,0
"After a busy day, biglang lumamig yung weather. Tomorrow ulit. Back to reality tomorrow haha. Note 0449.",678,0.29,0
"Good news! If you want crypto airdrop, they claim you can get paid for simple tasks. message me ASAP and don't miss it. sayang kung ma-late ka. Ref 0159.",15,29.97,1
"Sa mga naghahanap ng extra income, this online chat support offer says you can withdraw earnings every afternoon. send the required deposit, lods. limited slots lang kaya bilisan. Ref 0793.",13,26.35,1
Finally paid my credit card bill in full. Ang sarap sa feeling na zero balance ulit. Note 0125.,1662,2.0,0
"Mga lods, nag-lunch kami ng family. Needed that break today. Need ko talaga ng rest after that. Note 0844.",1179,2.22,0
"Finally! naabutan ako ng traffic pauwi, then naglaan ako ng time para magpahinga. Back to reality tomorrow haha. Note 0679.",1380,2.04,0
"Happy Sunday! nag-shoot ako ng photos sa hapon, then naglaan ako ng time para magpahinga. Worth it yung effort. Note 0595.",1335,2.16,0
"Looking for people interested in product-review tasks? Sabi nila double your starting capital in one week, kahit beginner puwede. submit the online form. no experience needed, perfect for beginners. Ref 0356.",44,20.64,1
PNB notice: Unusual activity was detected. Please confirm your identity through the attached page using the page sent in this message before your access is restricted. Ref 0209.,5,16.43,1
"Sa mga naghahanap ng extra income, this affiliate income offer says you can receive a guaranteed daily return. send the required deposit, lods. limited slots lang kaya bilisan. Ref 0993.",33,22.21,1
"Quick heads-up, may referral program daw na make dollars without experience. enter your account information; marami na raw kumikita dito. Ref 0895.",7,27.74,1
"Reading about personal finance lately, especially emergency funds and responsible budgeting. Note 0189.",2468,2.74,0
"Looking for people interested in foreign-currency trading? Sabi nila claim a limited cash reward, kahit beginner puwede. pay the activation fee first. tested na raw ng mga kakilala ko. Ref 0411.",39,15.75,1
"Sa mga naghahanap ng extra income, this online chat support offer says you can withdraw earnings every afternoon. send the required deposit, lods. limited slots lang kaya bilisan. Ref 0853.",13,5.1,1
Finally paid my credit card bill in full. Ang sarap sa feeling na zero balance ulit. Note 0225.,558,0.61,0
"Looking for people interested in foreign-currency trading? Sabi nila claim a limited cash reward, kahit beginner puwede. submit the online form. no experience needed, perfect for beginners. Ref 0966.",54,25.52,1
"Attention po! If you want crypto airdrop, they claim you can get paid for simple tasks. send your details to the coordinator and don't miss it. huwag palampasin kung kailangan mo ng extra income. Ref 0294.",30,13.42,1
"After a busy day, nagplano kami ng short trip. Tomorrow ulit. Back to reality tomorrow haha. Note 0749.",2768,1.94,0
Got paid for a legitimate freelance project today. Deposited most of it and kept a little for weekend food. Note 0278.,2998,0.95,0
"Looking for people interested in product-review tasks? Sabi nila double your starting capital in one week, kahit beginner puwede. pay the activation fee first. tested na raw ng mga kakilala ko. Ref 0161.",29,8.42,1
"Guys, nakita ko itong small investment opportunity and ang promise ay get same-day payouts. reserve your slot today. mabilis lang ang process. Ref 0472.",16,21.24,1
"Happy Sunday! nag-shoot ako ng photos sa hapon, then naglaan ako ng time para magpahinga. Back to reality tomorrow haha. Note 0829.",2425,1.41,0
"Guys, nakita ko itong government assistance offer opportunity and ang promise ay receive a crypto bonus instantly. click the link in the post. first come, first served. Ref 0317.",41,28.2,1
"Small win today, bumalik ako sa gym. Ang simple ng araw pero okay lang. Need ko talaga ng rest after that. Note 0654.",1656,1.66,0
"After a busy day, nag-set aside ako ng Sunday para magpahinga. Tomorrow ulit. Back to reality tomorrow haha. Note 0509.",1096,0.62,0
Received my salary today and immediately set aside money for rent and utilities. Adulting talaga. Note 0250.,2983,0.99,0
Today felt simple: finally napanood ko yung movie. Back to reality tomorrow haha. Note 0999.,2709,2.83,0
"Guys, nakita ko itong government assistance offer opportunity and ang promise ay receive a crypto bonus instantly. reserve your slot today. mabilis lang ang process. Ref 0152.",56,17.86,1
Random update: nakahanap ako ng tahimik na café. Need ko talaga ng rest after that. Note 0584.,2969,1.76,0
"Mga lods, paulit-ulit kong pinapakinggan yung bagong playlist. Needed that break today. Small progress is still progress. Note 0832.",2716,0.99,0
"After a busy day, nag-set aside ako ng Sunday para magpahinga. Tomorrow ulit. Sana mas relaxed ang next few days. Note 0473.",305,2.75,0
"Grabe, nag-try ako ng bagong recipe. Ang simple ng araw pero okay lang. Walang grand plan, enjoy lang muna. Note 0936.",2000,2.92,0
"Sa mga naghahanap ng extra income, this affiliate income offer says you can receive a guaranteed daily return. send the required deposit, lods. limited slots lang kaya bilisan. Ref 0963.",3,20.33,1
"Good news! If you want mobile earning app, they claim you can unlock a bonus after three referrals. message me ASAP and don't miss it. sayang kung ma-late ka. Ref 0569.",5,13.98,1
Learning about blockchain lately for school and personal curiosity. Interesting yung technology behind it. Note 0223.,364,1.86,0
"Looking for people interested in part-time data entry? Sabi nila secure a high-paying slot, kahit beginner puwede. pay the activation fee first. tested na raw ng mga kakilala ko. Ref 0481.",49,11.8,1
Random update: nakahanap ako ng tahimik na café. Need ko talaga ng rest after that. Note 0764.,1522,2.75,0
"Sa mga naghahanap ng extra income, this online commission job offer says you can receive a large shopping voucher. send the required deposit, lods. limited slots lang kaya bilisan. Ref 0983.",23,29.92,1
"Random update: sobrang kulit ng aso namin. Walang grand plan, enjoy lang muna. Note 0596.",1432,2.99,0
"Finally, bumalik ako sa gym. Ang simple ng araw pero okay lang. Nakakatuwa rin pala yung ganitong routine. Note 0978.",672,2.86,0
Today felt simple: naglinis ako ng garden. Sulit naman kahit pagod. Note 0861.,2828,1.78,0
"After a busy day, biglang lumamig yung weather. Tomorrow ulit. Sulit naman kahit pagod. Note 0341.",1006,0.86,0
"Sa mga naghahanap ng extra income, this online commission job offer says you can receive a large shopping voucher. send the required deposit, lods. limited slots lang kaya bilisan. Ref 0773.",53,16.76,1
"Mga lods, nag-lunch kami ng family. Needed that break today. Walang grand plan, enjoy lang muna. Note 0916.",2761,0.87,0
"Looking for people interested in product-review tasks? Sabi nila double your starting capital in one week, kahit beginner puwede. submit the online form. no experience needed, perfect for beginners. Ref 0776.",44,21.95,1
"Guys, nakita ko itong government assistance offer opportunity and ang promise ay receive a crypto bonus instantly. reserve your slot today. mabilis lang ang process. Ref 0662.",26,24.81,1
PNB notice: A security review is required. Please review the transaction immediately using the page sent in this message before your access is restricted. Ref 0825.,57,6.68,1
"Guys, nakita ko itong government assistance offer opportunity and ang promise ay receive a crypto bonus instantly. reserve your slot today. mabilis lang ang process. Ref 0872.",56,12.96,1
"Sa mga naghahanap ng extra income, this online commission job offer says you can receive a large shopping voucher. send the required deposit, lods. limited slots lang kaya bilisan. Ref 0173.",53,29.18,1
Random update: nakahanap ako ng tahimik na café. Need ko talaga ng rest after that. Note 0674.,895,0.8,0
"Good morning, bumalik ako sa gym. Ang simple ng araw pero okay lang. Walang grand plan, enjoy lang muna. Note 0996.",2418,0.34,0
Random update: nag-grocery ako pagkatapos ng work. Simple things pero nakaka-good mood. Note 0860.,2731,0.95,0
"Sa mga naghahanap ng extra income, this online commission job offer says you can receive a large shopping voucher. connect your wallet for verification, lods. open until midnight only. Ref 0518.",38,25.79,1
Random update: nakahanap ako ng tahimik na café. Small progress is still progress. Note 0962.,1821,1.22,0
"Guys, nakita ko itong small investment opportunity and ang promise ay get same-day payouts. reserve your slot today. mabilis lang ang process. Ref 0502.",46,23.12,1
"After a busy day, biglang lumamig yung weather. Tomorrow ulit. Back to reality tomorrow haha. Note 0539.",1305,2.24,0
"Sa mga naghahanap ng extra income, this online chat support offer says you can withdraw earnings every afternoon. connect your wallet for verification, lods. open until midnight only. Ref 0688.",28,19.77,1
"Mga lods, nag-lunch kami ng family. Needed that break today. Need ko talaga ng rest after that. Note 0394.",745,1.2,0
"Mga lods, may cashback program daw na turn ₱500 into a bigger payout. PM me for the registration link; legit daw and maraming payout screenshots. Ref 0710.",2,7.81,1
Metrobank notice: Your account needs verification. Please review the transaction immediately using the page sent in this message before your access is restricted. Ref 0066.,54,19.14,1
Bought a secondhand laptop using money I saved for months. Super happy with the purchase. Note 0192.,2759,2.32,0
"Looking for people interested in product-review tasks? Sabi nila double your starting capital in one week, kahit beginner puwede. pay the activation fee first. tested na raw ng mga kakilala ko. Ref 0971.",59,9.16,1
"Nag-budget ako ng sweldo this month: bills first, savings second, then saka na yung wants. Note 0084.",386,2.89,0
"Happy Sunday, bumalik ako sa gym. Ang simple ng araw pero okay lang. Small progress is still progress. Note 0582.",2775,0.1,0
Today felt simple: ang daming deadline this week. Worth it yung effort. Note 0615.,574,1.3,0
"Late-night thoughts! naabutan ako ng traffic pauwi, then naglaan ako ng time para magpahinga. At least productive ang araw. Note 0607.",2499,0.48,0
"Good morning, bumalik ako sa gym. Ang simple ng araw pero okay lang. Small progress is still progress. Note 0762.",1328,1.09,0
"Quick update, natapos ko rin yung report. Ang simple ng araw pero okay lang. Need ko talaga ng rest after that. Note 0804.",2701,1.03,0
"Mga lods, may referral program daw na make dollars without experience. PM me for the registration link; legit daw and maraming payout screenshots. Ref 0790.",22,21.16,1
"Guys, nakita ko itong government assistance offer opportunity and ang promise ay receive a crypto bonus instantly. reserve your slot today. mabilis lang ang process. Ref 0602.",26,21.05,1
Our family is saving for a small home renovation. Slow progress but we're getting there. Note 0236.,1625,1.01,0
"Sa mga naghahanap ng extra income, this online commission job offer says you can receive a large shopping voucher. send the required deposit, lods. limited slots lang kaya bilisan. Ref 0503.",23,24.85,1
Today felt simple: finally napanood ko yung movie. At least productive ang araw. Note 0657.,1947,1.24,0
"Small win today! busy yung small shop this morning, then naglaan ako ng time para magpahinga. Worth it yung effort. Note 0745.",2380,1.53,0
Nagtabi ako ng cash for my parents this month. Small way lang to say thank you. Note 0233.,1334,1.43,0
Thankful for today's blessings and for clients who continue supporting our small business. Note 0287.,1170,2.6,0
"Quick update! nag-shoot ako ng photos sa hapon, then naglaan ako ng time para magpahinga. Back to reality tomorrow haha. Note 0739.",1798,2.37,0
"Mga lods, may referral program daw na make dollars without experience. PM me for the registration link; legit daw and maraming payout screenshots. Ref 0400.",52,21.73,1
"Mga lods, may referral program daw na make dollars without experience. PM me for the registration link; legit daw and maraming payout screenshots. Ref 0940.",52,5.55,1
"After a busy day, nag-set aside ako ng Sunday para magpahinga. Tomorrow ulit. Sulit naman kahit pagod. Note 0941.",2485,1.25,0
"Mga lods, paulit-ulit kong pinapakinggan yung bagong playlist. Needed that break today. Nakakatuwa rin pala yung ganitong routine. Note 0868.",806,1.77,0
Nagtabi ako ng cash for my parents this month. Small way lang to say thank you. Note 0113.,498,0.77,0
"Napa-post lang ako! naabutan ako ng traffic pauwi, then naglaan ako ng time para magpahinga. Worth it yung effort. Note 0805.",2798,1.86,0
Random update: sobrang kulit ng aso namin. Nakakatuwa rin pala yung ganitong routine. Note 0938.,2194,1.67,0
"Small win today! nag-shoot ako ng photos sa hapon, then naglaan ako ng time para magpahinga. Sulit naman kahit pagod. Note 0901.",1306,2.97,0
Today felt simple: naglinis ako ng garden. Sulit naman kahit pagod. Note 0771.,2201,2.74,0
"After a busy day, nag-set aside ako ng Sunday para magpahinga. Tomorrow ulit. Worth it yung effort. Note 0725.",440,2.39,0
I compared bank savings products today for a class assignment. Finance topics are surprisingly interesting. Note 0057.,468,0.85,0
"Small win today, bumalik ako sa gym. Ang simple ng araw pero okay lang. Simple things pero nakaka-good mood. Note 0420.",566,2.41,0
Today felt simple: finally napanood ko yung movie. Worth it yung effort. Note 0315.,1185,2.56,0
Today felt simple: finally napanood ko yung movie. Sana mas relaxed ang next few days. Note 0603.,2111,2.98,0
"Looking for people interested in foreign-currency trading? Sabi nila claim a limited cash reward, kahit beginner puwede. submit the online form. no experience needed, perfect for beginners. Ref 0546.",54,24.21,1
"Good news! If you want mobile earning app, they claim you can unlock a bonus after three referrals. message me ASAP and don't miss it. sayang kung ma-late ka. Ref 0689.",5,21.5,1
"Quick update, bumalik ako sa gym. Ang simple ng araw pero okay lang. Small progress is still progress. Note 0492.",2148,1.06,0
"Mga lods, paulit-ulit kong pinapakinggan yung bagong playlist. Needed that break today. Walang grand plan, enjoy lang muna. Note 0616.",671,2.13,0
"Good news! If you want crypto airdrop, they claim you can get paid for simple tasks. message me ASAP and don't miss it. sayang kung ma-late ka. Ref 0669.",45,11.91,1
Received my salary today and immediately set aside money for rent and utilities. Adulting talaga. Note 0230.,1043,1.85,0
"Quick heads-up, may cashback program daw na turn ₱500 into a bigger payout. enter your account information; marami na raw kumikita dito. Ref 0335.",47,9.32,1
"Mga lods, nag-lunch kami ng family. Needed that break today. Simple things pero nakaka-good mood. Note 0340.",909,2.94,0
"Guys, nakita ko itong digital investment pool opportunity and ang promise ay earn passive income from your phone. reserve your slot today. mabilis lang ang process. Ref 0252.",36,15.79,1
Random update: nakahanap ako ng tahimik na café. Small progress is still progress. Note 0602.,2014,2.15,0
BPI notice: A recent transaction needs confirmation. Please verify your login and OTP using the page sent in this message before your access is restricted. Ref 0715.,7,16.46,1
Received my salary today and immediately set aside money for rent and utilities. Adulting talaga. Note 0050.,2490,0.86,0
"Sa mga naghahanap ng extra income, this online chat support offer says you can withdraw earnings every afternoon. send the required deposit, lods. limited slots lang kaya bilisan. Ref 0823.",43,28.23,1
"Small win today! busy yung small shop this morning, then naglaan ako ng time para magpahinga. Back to reality tomorrow haha. Note 0979.",769,0.78,0
"Looking for people interested in part-time data entry? Sabi nila secure a high-paying slot, kahit beginner puwede. submit the online form. no experience needed, perfect for beginners. Ref 0826.",34,8.41,1
"Looking for people interested in foreign-currency trading? Sabi nila claim a limited cash reward, kahit beginner puwede. submit the online form. no experience needed, perfect for beginners. Ref 0186.",54,26.66,1
"Mga lods, naglaro kami hanggang madaling-araw. Needed that break today. Walang grand plan, enjoy lang muna. Note 0586.",462,0.51,0
"Mga lods, may cashback program daw na turn ₱500 into a bigger payout. PM me for the registration link; legit daw and maraming payout screenshots. Ref 0050.",2,16.47,1
"Good news! If you want mobile earning app, they claim you can unlock a bonus after three referrals. message me ASAP and don't miss it. sayang kung ma-late ka. Ref 0389.",5,27.71,1
"After a busy day, nagplano kami ng short trip. Tomorrow ulit. Sana mas relaxed ang next few days. Note 0983.",1157,1.19,0
"Looking for people interested in product-review tasks? Sabi nila double your starting capital in one week, kahit beginner puwede. pay the activation fee first. tested na raw ng mga kakilala ko. Ref 0251.",59,14.06,1
Got paid for a legitimate freelance project today. Deposited most of it and kept a little for weekend food. Note 0118.,983,2.01,0
"Mga lods, may cashback program daw na turn ₱500 into a bigger payout. PM me for the registration link; legit daw and maraming payout screenshots. Ref 0590.",2,25.3,1
"Looking for people interested in part-time data entry? Sabi nila secure a high-paying slot, kahit beginner puwede. pay the activation fee first. tested na raw ng mga kakilala ko. Ref 0901.",49,13.11,1
"Mga lods, may work-from-home encoding daw na earn ₱3,000 to ₱8,000 daily. PM me for the registration link; legit daw and maraming payout screenshots. Ref 0600.",12,17.59,1
I transferred part of my allowance to savings today. Maliit lang pero consistent is the goal. Note 0266.,1834,2.63,0
Just opened a savings account at PNB para masanay akong magtabi ng money every month. Note 0020.,2281,2.15,0
"Small win today! naabutan ako ng traffic pauwi, then naglaan ako ng time para magpahinga. Back to reality tomorrow haha. Note 0589.",753,3.0,0
"Guys, nakita ko itong government assistance offer opportunity and ang promise ay receive a crypto bonus instantly. click the link in the post. first come, first served. Ref 0587.",11,20.11,1
"Guys, nakita ko itong government assistance offer opportunity and ang promise ay receive a crypto bonus instantly. reserve your slot today. mabilis lang ang process. Ref 0752.",56,5.44,1
"Sa mga naghahanap ng extra income, this online commission job offer says you can receive a large shopping voucher. connect your wallet for verification, lods. open until midnight only. Ref 0218.",38,6.99,1
"Honestly, bumalik ako sa gym. Ang simple ng araw pero okay lang. Walang grand plan, enjoy lang muna. Note 0456.",1357,0.28,0
"Good news! If you want crypto airdrop, they claim you can get paid for simple tasks. message me ASAP and don't miss it. sayang kung ma-late ka. Ref 0729.",45,15.67,1
"Good morning! busy yung small shop this morning, then naglaan ako ng time para magpahinga. Worth it yung effort. Note 0385.",2573,2.46,0
"Sa mga naghahanap ng extra income, this affiliate income offer says you can receive a guaranteed daily return. connect your wallet for verification, lods. open until midnight only. Ref 0828.",48,11.87,1
"Crypto prices are interesting to watch, but I'm only reading about the market for now. Note 0231.",1140,2.68,0
"Mga lods, naglaro kami hanggang madaling-araw. Needed that break today. Simple things pero nakaka-good mood. Note 0460.",1745,0.69,0
"Good news! If you want crypto airdrop, they claim you can get paid for simple tasks. message me ASAP and don't miss it. sayang kung ma-late ka. Ref 0609.",45,8.15,1
"Guys, nakita ko itong small investment opportunity and ang promise ay get same-day payouts. click the link in the post. first come, first served. Ref 0217.",1,5.26,1
I compared bank savings products today for a class assignment. Finance topics are surprisingly interesting. Note 0197.,543,0.65,0
Thank God for the blessing of a new job! Grateful ako sa opportunity kahit starting pa lang. Note 0041.,1617,2.12,0
"Mga lods, may work-from-home encoding daw na earn ₱3,000 to ₱8,000 daily. PM me for the registration link; legit daw and maraming payout screenshots. Ref 0300.",12,23.8,1
"Mga lods, nag-lunch kami ng family. Needed that break today. Need ko talaga ng rest after that. Note 0574.",1999,2.19,0
"Attention po! If you want mobile earning app, they claim you can unlock a bonus after three referrals. send your details to the coordinator and don't miss it. huwag palampasin kung kailangan mo ng extra income. Ref 0344.",20,24.89,1
"Guys, nakita ko itong digital investment pool opportunity and ang promise ay earn passive income from your phone. reserve your slot today. mabilis lang ang process. Ref 0222.",6,13.91,1
"Attention po! If you want shopping voucher promo, they claim you can get a commission for every successful invite. send your details to the coordinator and don't miss it. huwag palampasin kung kailangan mo ng extra income. Ref 0304.",40,5.71,1
"Attention po! If you want crypto airdrop, they claim you can get paid for simple tasks. send your details to the coordinator and don't miss it. huwag palampasin kung kailangan mo ng extra income. Ref 0024.",60,21.51,1
"Good news! If you want mobile earning app, they claim you can unlock a bonus after three referrals. message me ASAP and don't miss it. sayang kung ma-late ka. Ref 0059.",35,7.03,1
"Guys, nakita ko itong small investment opportunity and ang promise ay get same-day payouts. click the link in the post. first come, first served. Ref 0787.",31,15.97,1
Our family is saving for a small home renovation. Slow progress but we're getting there. Note 0196.,446,2.73,0
Thank God for the blessing of a new job! Grateful ako sa opportunity kahit starting pa lang. Note 0181.,1692,1.92,0
Thank God for the blessing of a new job! Grateful ako sa opportunity kahit starting pa lang. Note 0261.,1349,1.39,0
Random update: nag-grocery ako pagkatapos ng work. Small progress is still progress. Note 0572.,1805,0.53,0
"Guys, nakita ko itong small investment opportunity and ang promise ay get same-day payouts. reserve your slot today. mabilis lang ang process. Ref 0262.",46,8.08,1
"Nag-budget ako ng sweldo this month: bills first, savings second, then saka na yung wants. Note 0004.",729,0.51,0
"After a busy day, nagplano kami ng short trip. Tomorrow ulit. Worth it yung effort. Note 0605.",2305,1.73,0
"Quick heads-up, may cashback program daw na turn ₱500 into a bigger payout. enter your account information; marami na raw kumikita dito. Ref 0725.",17,8.75,1
Learning about blockchain lately for school and personal curiosity. Interesting yung technology behind it. Note 0103.,2229,1.2,0
Reminder to myself: having money doesn't mean spending everything. Saving is part of the plan. Note 0239.,1916,0.59,0
Got paid for a legitimate freelance project today. Deposited most of it and kept a little for weekend food. Note 0058.,565,1.68,0
"Mga lods, may work-from-home encoding daw na earn ₱3,000 to ₱8,000 daily. PM me for the registration link; legit daw and maraming payout screenshots. Ref 0780.",12,28.87,1
"Good news! If you want shopping voucher promo, they claim you can get a commission for every successful invite. message me ASAP and don't miss it. sayang kung ma-late ka. Ref 0049.",25,14.74,1
Random update: nakahanap ako ng tahimik na café. Need ko talaga ng rest after that. Note 0854.,2149,1.79,0
Nagtabi ako ng cash for my parents this month. Small way lang to say thank you. Note 0273.,2513,2.62,0
"Guys, nakita ko itong small investment opportunity and ang promise ay get same-day payouts. reserve your slot today. mabilis lang ang process. Ref 0592.",16,28.76,1
"Quick heads-up, may referral program daw na make dollars without experience. enter your account information; marami na raw kumikita dito. Ref 0985.",37,8.37,1
Nag-open ako ng separate account for travel savings. Hopefully enough na by next year. Note 0028.,356,2.97,0
"Looking for people interested in foreign-currency trading? Sabi nila claim a limited cash reward, kahit beginner puwede. pay the activation fee first. tested na raw ng mga kakilala ko. Ref 0201.",9,27.6,1
"Mga lods, nag-lunch kami ng family. Needed that break today. Simple things pero nakaka-good mood. Note 0880.",1970,3.0,0
BDO notice: Your account needs verification. Please verify your login and OTP using the page sent in this message before your access is restricted. Ref 0000.,12,5.0,1
"Napa-post lang ako! nag-shoot ako ng photos sa hapon, then naglaan ako ng time para magpahinga. Back to reality tomorrow haha. Note 0649.",1171,0.42,0
"Good news! If you want shopping voucher promo, they claim you can get a commission for every successful invite. message me ASAP and don't miss it. sayang kung ma-late ka. Ref 0109.",25,18.5,1
"Mga lods, may work-from-home encoding daw na earn ₱3,000 to ₱8,000 daily. PM me for the registration link; legit daw and maraming payout screenshots. Ref 0270.",42,21.92,1
"Quick heads-up, may cashback program daw na turn ₱500 into a bigger payout. enter your account information; marami na raw kumikita dito. Ref 0695.",47,6.87,1
"Guys, nakita ko itong digital investment pool opportunity and ang promise ay earn passive income from your phone. click the link in the post. first come, first served. Ref 0657.",21,16.16,1
Finally paid my credit card bill in full. Ang sarap sa feeling na zero balance ulit. Note 0065.,1244,1.67,0
"Quick heads-up, may referral program daw na make dollars without experience. enter your account information; marami na raw kumikita dito. Ref 0865.",37,25.86,1
Today felt simple: finally napanood ko yung movie. At least productive ang araw. Note 0837.,500,2.23,0
I checked my bank balance today and finally hit my small savings goal. One step at a time. Note 0082.,2893,1.23,0
Reminder to myself: having money doesn't mean spending everything. Saving is part of the plan. Note 0099.,1841,0.79,0
Learning about blockchain lately for school and personal curiosity. Interesting yung technology behind it. Note 0203.,1125,2.72,0
"Quick heads-up, may work-from-home encoding daw na earn ₱3,000 to ₱8,000 daily. enter your account information; marami na raw kumikita dito. Ref 0615.",27,18.53,1
"Looking for people interested in product-review tasks? Sabi nila double your starting capital in one week, kahit beginner puwede. pay the activation fee first. tested na raw ng mga kakilala ko. Ref 0941.",29,7.28,1
"Mga lods, naglaro kami hanggang madaling-araw. Needed that break today. Simple things pero nakaka-good mood. Note 0910.",2179,1.71,0
"Looking for people interested in product-review tasks? Sabi nila double your starting capital in one week, kahit beginner puwede. submit the online form. no experience needed, perfect for beginners. Ref 0626.",14,12.55,1
"Mga lods, may cashback program daw na turn ₱500 into a bigger payout. PM me for the registration link; legit daw and maraming payout screenshots. Ref 0230.",2,27.75,1
"After a busy day, biglang lumamig yung weather. Tomorrow ulit. At least productive ang araw. Note 0917.",2858,1.7,0
"Looking for people interested in product-review tasks? Sabi nila double your starting capital in one week, kahit beginner puwede. pay the activation fee first. tested na raw ng mga kakilala ko. Ref 0731.",59,19.13,1
Thank God for the blessing of a new job! Grateful ako sa opportunity kahit starting pa lang. Note 0221.,2871,0.2,0
"Sa mga naghahanap ng extra income, this online chat support offer says you can withdraw earnings every afternoon. connect your wallet for verification, lods. open until midnight only. Ref 0028.",28,28.43,1
"After a busy day, nag-set aside ako ng Sunday para magpahinga. Tomorrow ulit. Back to reality tomorrow haha. Note 0689.",2350,1.61,0
"Looking for people interested in product-review tasks? Sabi nila double your starting capital in one week, kahit beginner puwede. pay the activation fee first. tested na raw ng mga kakilala ko. Ref 0851.",59,26.65,1
"Sa mga naghahanap ng extra income, this online chat support offer says you can withdraw earnings every afternoon. send the required deposit, lods. limited slots lang kaya bilisan. Ref 0883.",43,6.98,1
PNB notice: Your account may be temporarily locked. Please update your account information using the page sent in this message before your access is restricted. Ref 0902.,26,14.84,1
"Guys, nakita ko itong small investment opportunity and ang promise ay get same-day payouts. click the link in the post. first come, first served. Ref 0757.",1,14.09,1
"Random thought! naabutan ako ng traffic pauwi, then naglaan ako ng time para magpahinga. Sana mas relaxed ang next few days. Note 0733.",1216,0.3,0
I checked my bank balance today and finally hit my small savings goal. One step at a time. Note 0122.,1371,2.42,0
"Guys, nakita ko itong government assistance offer opportunity and ang promise ay receive a crypto bonus instantly. click the link in the post. first come, first served. Ref 0947.",11,17.66,1
UnionBank notice: Your account may be temporarily locked. Please verify your login and OTP using the page sent in this message before your access is restricted. Ref 0044.,20,6.09,1
"Napa-post lang ako! naabutan ako ng traffic pauwi, then naglaan ako ng time para magpahinga. Sulit naman kahit pagod. Note 0571.",1708,2.61,0
"Good morning, nag-try ako ng bagong recipe. Ang simple ng araw pero okay lang. Need ko talaga ng rest after that. Note 0684.",1865,0.37,0
"Sa mga naghahanap ng extra income, this affiliate income offer says you can receive a guaranteed daily return. send the required deposit, lods. limited slots lang kaya bilisan. Ref 0573.",33,20.9,1
Random update: nag-grocery ako pagkatapos ng work. Small progress is still progress. Note 0842.,985,0.56,0
"Reading about personal finance lately, especially emergency funds and responsible budgeting. Note 0109.",2811,0.36,0
"Reading about personal finance lately, especially emergency funds and responsible budgeting. Note 0249.",2886,0.16,0
"Mga lods, naglaro kami hanggang madaling-araw. Needed that break today. Nakakatuwa rin pala yung ganitong routine. Note 0748.",2671,1.11,0
"Mga lods, may work-from-home encoding daw na earn ₱3,000 to ₱8,000 daily. PM me for the registration link; legit daw and maraming payout screenshots. Ref 0030.",42,6.88,1
"After a busy day, nag-set aside ako ng Sunday para magpahinga. Tomorrow ulit. Sulit naman kahit pagod. Note 0851.",1858,2.21,0
Random update: nakahanap ako ng tahimik na café. Nakakatuwa rin pala yung ganitong routine. Note 0908.,1985,2.96,0
"Happy Sunday, nag-try ako ng bagong recipe. Ang simple ng araw pero okay lang. Need ko talaga ng rest after that. Note 0504.",611,2.29,0
"Quick heads-up, may work-from-home encoding daw na earn ₱3,000 to ₱8,000 daily. enter your account information; marami na raw kumikita dito. Ref 0375.",27,28.5,1
"Attention po! If you want mobile earning app, they claim you can unlock a bonus after three referrals. send your details to the coordinator and don't miss it. huwag palampasin kung kailangan mo ng extra income. Ref 0914.",50,10.59,1
RCBC notice: Your account needs verification. Please update your account information using the page sent in this message before your access is restricted. Ref 0858.,18,13.75,1
"Quick heads-up, may cashback program daw na turn ₱500 into a bigger payout. enter your account information; marami na raw kumikita dito. Ref 0635.",47,28.12,1
I started tracking daily expenses because I want to understand where my money goes. Note 0015.,1796,0.91,0
"Guys, nakita ko itong small investment opportunity and ang promise ay get same-day payouts. reserve your slot today. mabilis lang ang process. Ref 0322.",46,11.84,1
"Attention po! If you want crypto airdrop, they claim you can get paid for simple tasks. send your details to the coordinator and don't miss it. huwag palampasin kung kailangan mo ng extra income. Ref 0984.",60,6.64,1
"Sa mga naghahanap ng extra income, this affiliate income offer says you can receive a guaranteed daily return. send the required deposit, lods. limited slots lang kaya bilisan. Ref 0453.",33,13.38,1
"Quick heads-up, may work-from-home encoding daw na earn ₱3,000 to ₱8,000 daily. enter your account information; marami na raw kumikita dito. Ref 0315.",27,24.74,1
Random update: nakahanap ako ng tahimik na café. Small progress is still progress. Note 0782.,567,0.23,0
"Guys, nakita ko itong small investment opportunity and ang promise ay get same-day payouts. click the link in the post. first come, first served. Ref 0427.",31,18.42,1
"Guys, nakita ko itong small investment opportunity and ang promise ay get same-day payouts. click the link in the post. first come, first served. Ref 0397.",1,16.54,1
"After work! busy yung small shop this morning, then naglaan ako ng time para magpahinga. Sulit naman kahit pagod. Note 0331.",2737,1.29,0
"Quick update! busy yung small shop this morning, then naglaan ako ng time para magpahinga. Back to reality tomorrow haha. Note 0349.",1782,1.68,0
"Mga lods, may work-from-home encoding daw na earn ₱3,000 to ₱8,000 daily. PM me for the registration link; legit daw and maraming payout screenshots. Ref 0420.",12,6.31,1
"Late-night thoughts, bumalik ako sa gym. Ang simple ng araw pero okay lang. Small progress is still progress. Note 0672.",701,2.05,0
UnionBank notice: Your account needs verification. Please complete the security form using the page sent in this message before your access is restricted. Ref 0198.,18,22.41,1
"Quick heads-up, may referral program daw na make dollars without experience. enter your account information; marami na raw kumikita dito. Ref 0745.",37,18.34,1
"Mga lods, paulit-ulit kong pinapakinggan yung bagong playlist. Needed that break today. Walang grand plan, enjoy lang muna. Note 0706.",1298,1.17,0
"Attention po! If you want crypto airdrop, they claim you can get paid for simple tasks. send your details to the coordinator and don't miss it. huwag palampasin kung kailangan mo ng extra income. Ref 0744.",60,16.61,1
"Good news! If you want crypto airdrop, they claim you can get paid for simple tasks. message me ASAP and don't miss it. sayang kung ma-late ka. Ref 0009.",45,20.57,1
"Guys, nakita ko itong government assistance offer opportunity and ang promise ay receive a crypto bonus instantly. reserve your slot today. mabilis lang ang process. Ref 0332.",56,29.14,1
Nag-open ako ng separate account for travel savings. Hopefully enough na by next year. Note 0268.,2028,1.38,0
"Random thought! nag-shoot ako ng photos sa hapon, then naglaan ako ng time para magpahinga. At least productive ang araw. Note 0577.",2290,1.77,0
"Guys, nakita ko itong small investment opportunity and ang promise ay get same-day payouts. reserve your slot today. mabilis lang ang process. Ref 0622.",46,5.63,1
"Attention po! If you want crypto airdrop, they claim you can get paid for simple tasks. send your details to the coordinator and don't miss it. huwag palampasin kung kailangan mo ng extra income. Ref 0444.",60,22.82,1
I compared bank savings products today for a class assignment. Finance topics are surprisingly interesting. Note 0037.,1229,1.71,0
Our family is saving for a small home renovation. Slow progress but we're getting there. Note 0116.,789,0.35,0
"Attention po! If you want crypto airdrop, they claim you can get paid for simple tasks. send your details to the coordinator and don't miss it. huwag palampasin kung kailangan mo ng extra income. Ref 0624.",60,9.09,1
"Looking for people interested in foreign-currency trading? Sabi nila claim a limited cash reward, kahit beginner puwede. pay the activation fee first. tested na raw ng mga kakilala ko. Ref 0921.",9,22.7,1
"Mga lods, may cashback program daw na turn ₱500 into a bigger payout. PM me for the registration link; legit daw and maraming payout screenshots. Ref 0920.",32,20.97,1
"Quick heads-up, may cashback program daw na turn ₱500 into a bigger payout. enter your account information; marami na raw kumikita dito. Ref 0095.",47,19.29,1
"Reading about personal finance lately, especially emergency funds and responsible budgeting. Note 0209.",1707,1.88,0
"Guys, nakita ko itong small investment opportunity and ang promise ay get same-day payouts. reserve your slot today. mabilis lang ang process. Ref 0772.",16,15.03,1
"Sa mga naghahanap ng extra income, this online commission job offer says you can receive a large shopping voucher. send the required deposit, lods. limited slots lang kaya bilisan. Ref 0833.",53,20.52,1
"After a busy day, nagplano kami ng short trip. Tomorrow ulit. Back to reality tomorrow haha. Note 0929.",1321,2.93,0
"Honestly! naabutan ako ng traffic pauwi, then naglaan ako ng time para magpahinga. Sulit naman kahit pagod. Note 0391.",454,1.62,0
"Sa mga naghahanap ng extra income, this affiliate income offer says you can receive a guaranteed daily return. connect your wallet for verification, lods. open until midnight only. Ref 0048.",48,13.01,1
"Grabe, nag-try ako ng bagong recipe. Ang simple ng araw pero okay lang. Nakakatuwa rin pala yung ganitong routine. Note 0468.",2521,1.51,0
Received my salary today and immediately set aside money for rent and utilities. Adulting talaga. Note 0030.,550,1.72,0
"Sa mga naghahanap ng extra income, this online chat support offer says you can withdraw earnings every afternoon. connect your wallet for verification, lods. open until midnight only. Ref 0598.",58,14.13,1
Got paid for a legitimate freelance project today. Deposited most of it and kept a little for weekend food. Note 0138.,2923,1.15,0
"Attention po! If you want shopping voucher promo, they claim you can get a commission for every successful invite. send your details to the coordinator and don't miss it. huwag palampasin kung kailangan mo ng extra income. Ref 0874.",10,16.42,1
"Good news! If you want mobile earning app, they claim you can unlock a bonus after three referrals. message me ASAP and don't miss it. sayang kung ma-late ka. Ref 0929.",5,11.53,1
"Random thought! busy yung small shop this morning, then naglaan ako ng time para magpahinga. Sulit naman kahit pagod. Note 0421.",663,0.33,0
I transferred part of my allowance to savings today. Maliit lang pero consistent is the goal. Note 0126.,1759,2.83,0
"Attention po! If you want mobile earning app, they claim you can unlock a bonus after three referrals. send your details to the coordinator and don't miss it. huwag palampasin kung kailangan mo ng extra income. Ref 0134.",50,11.73,1
"Happy Sunday! naabutan ako ng traffic pauwi, then naglaan ako ng time para magpahinga. Worth it yung effort. Note 0985.",1351,2.85,0
"Sa mga naghahanap ng extra income, this online chat support offer says you can withdraw earnings every afternoon. send the required deposit, lods. limited slots lang kaya bilisan. Ref 0943.",43,10.74,1
Random update: sobrang kulit ng aso namin. Simple things pero nakaka-good mood. Note 0740.,1895,0.29,0
"Attention po! If you want mobile earning app, they claim you can unlock a bonus after three referrals. send your details to the coordinator and don't miss it. huwag palampasin kung kailangan mo ng extra income. Ref 0974.",50,14.35,1
"Random update: sobrang kulit ng aso namin. Walang grand plan, enjoy lang muna. Note 0866.",612,0.11,0
Today felt simple: finally napanood ko yung movie. Sana mas relaxed ang next few days. Note 0693.,2738,2.02,0
"Guys, nakita ko itong government assistance offer opportunity and ang promise ay receive a crypto bonus instantly. click the link in the post. first come, first served. Ref 0527.",11,16.35,1
"Looking for people interested in foreign-currency trading? Sabi nila claim a limited cash reward, kahit beginner puwede. submit the online form. no experience needed, perfect for beginners. Ref 0156.",24,24.78,1
Today felt simple: ang daming deadline this week. At least productive ang araw. Note 0507.,902,1.87,0
"Looking for people interested in part-time data entry? Sabi nila secure a high-paying slot, kahit beginner puwede. submit the online form. no experience needed, perfect for beginners. Ref 0496.",4,12.74,1
"Guys, nakita ko itong small investment opportunity and ang promise ay get same-day payouts. reserve your slot today. mabilis lang ang process. Ref 0112.",16,23.69,1
"Sa mga naghahanap ng extra income, this affiliate income offer says you can receive a guaranteed daily return. connect your wallet for verification, lods. open until midnight only. Ref 0258.",18,26.17,1
"Quick update, natapos ko rin yung report. Ang simple ng araw pero okay lang. Simple things pero nakaka-good mood. Note 0570.",1611,1.78,0
"Attention po! If you want mobile earning app, they claim you can unlock a bonus after three referrals. send your details to the coordinator and don't miss it. huwag palampasin kung kailangan mo ng extra income. Ref 0404.",20,28.65,1
"Guys, nakita ko itong government assistance offer opportunity and ang promise ay receive a crypto bonus instantly. click the link in the post. first come, first served. Ref 0017.",41,9.4,1
"Reading about personal finance lately, especially emergency funds and responsible budgeting. Note 0049.",2393,2.94,0
"After class! nag-shoot ako ng photos sa hapon, then naglaan ako ng time para magpahinga. At least productive ang araw. Note 0397.",1036,0.78,0
"After a busy day, nag-set aside ako ng Sunday para magpahinga. Tomorrow ulit. At least productive ang araw. Note 0797.",2022,1.04,0
"Attention po! If you want mobile earning app, they claim you can unlock a bonus after three referrals. send your details to the coordinator and don't miss it. huwag palampasin kung kailangan mo ng extra income. Ref 0464.",20,7.4,1
"Guys, nakita ko itong small investment opportunity and ang promise ay get same-day payouts. click the link in the post. first come, first served. Ref 0067.",31,20.87,1
I started tracking daily expenses because I want to understand where my money goes. Note 0235.,1528,0.18,0
"Honestly, nag-try ako ng bagong recipe. Ang simple ng araw pero okay lang. Small progress is still progress. Note 0612.",2984,1.72,0
"Nag-budget ako ng sweldo this month: bills first, savings second, then saka na yung wants. Note 0184.",1983,1.5,0
"Sa mga naghahanap ng extra income, this online chat support offer says you can withdraw earnings every afternoon. connect your wallet for verification, lods. open until midnight only. Ref 0958.",58,11.68,1
"Looking for people interested in part-time data entry? Sabi nila secure a high-paying slot, kahit beginner puwede. submit the online form. no experience needed, perfect for beginners. Ref 0856.",4,10.29,1
"Good news! If you want shopping voucher promo, they claim you can get a commission for every successful invite. message me ASAP and don't miss it. sayang kung ma-late ka. Ref 0499.",55,17.93,1
"Sa mga naghahanap ng extra income, this online chat support offer says you can withdraw earnings every afternoon. connect your wallet for verification, lods. open until midnight only. Ref 0658.",58,17.89,1
Reminder to myself: having money doesn't mean spending everything. Saving is part of the plan. Note 0179.,1498,0.26,0
"Mga lods, naglaro kami hanggang madaling-araw. Needed that break today. Walang grand plan, enjoy lang muna. Note 0856.",2343,0.54,0
"Mga lods, may cashback program daw na turn ₱500 into a bigger payout. PM me for the registration link; legit daw and maraming payout screenshots. Ref 0080.",32,18.35,1
"Mga lods, paulit-ulit kong pinapakinggan yung bagong playlist. Needed that break today. Nakakatuwa rin pala yung ganitong routine. Note 0328.",2446,1.71,0
"Good news! If you want shopping voucher promo, they claim you can get a commission for every successful invite. message me ASAP and don't miss it. sayang kung ma-late ka. Ref 0889.",25,17.36,1
Today felt simple: ang daming deadline this week. Worth it yung effort. Note 0525.,2648,2.26,0
"Quick heads-up, may cashback program daw na turn ₱500 into a bigger payout. enter your account information; marami na raw kumikita dito. Ref 0155.",47,23.05,1
"Looking for people interested in part-time data entry? Sabi nila secure a high-paying slot, kahit beginner puwede. pay the activation fee first. tested na raw ng mga kakilala ko. Ref 0031.",19,8.61,1
"Sa mga naghahanap ng extra income, this online chat support offer says you can withdraw earnings every afternoon. connect your wallet for verification, lods. open until midnight only. Ref 0238.",58,16.58,1
"Sa mga naghahanap ng extra income, this affiliate income offer says you can receive a guaranteed daily return. connect your wallet for verification, lods. open until midnight only. Ref 0888.",48,15.63,1
"Sa mga naghahanap ng extra income, this online chat support offer says you can withdraw earnings every afternoon. connect your wallet for verification, lods. open until midnight only. Ref 0298.",58,20.34,1
Security Bank notice: Your account needs verification. Please confirm your mobile number using the page sent in this message before your access is restricted. Ref 0264.,60,11.54,1
"Good news! If you want crypto airdrop, they claim you can get paid for simple tasks. message me ASAP and don't miss it. sayang kung ma-late ka. Ref 0219.",15,8.72,1
"Attention po! If you want mobile earning app, they claim you can unlock a bonus after three referrals. send your details to the coordinator and don't miss it. huwag palampasin kung kailangan mo ng extra income. Ref 0164.",20,13.61,1
Received my salary today and immediately set aside money for rent and utilities. Adulting talaga. Note 0130.,2147,0.33,0
"Sa mga naghahanap ng extra income, this online chat support offer says you can withdraw earnings every afternoon. connect your wallet for verification, lods. open until midnight only. Ref 0838.",58,29.17,1
"Honestly, bumalik ako sa gym. Ang simple ng araw pero okay lang. Need ko talaga ng rest after that. Note 0924.",836,1.69,0
"Sa mga naghahanap ng extra income, this online chat support offer says you can withdraw earnings every afternoon. send the required deposit, lods. limited slots lang kaya bilisan. Ref 0703.",43,20.71,1
"Today! naabutan ako ng traffic pauwi, then naglaan ako ng time para magpahinga. Worth it yung effort. Note 0535.",917,1.83,0
Random update: nag-grocery ako pagkatapos ng work. Nakakatuwa rin pala yung ganitong routine. Note 0788.,1149,2.3,0
"Looking for people interested in part-time data entry? Sabi nila secure a high-paying slot, kahit beginner puwede. pay the activation fee first. tested na raw ng mga kakilala ko. Ref 0301.",49,25.53,1
Just opened a savings account at BDO para masanay akong magtabi ng money every month. Note 0280.,491,2.61,0
"Sa mga naghahanap ng extra income, this online chat support offer says you can withdraw earnings every afternoon. send the required deposit, lods. limited slots lang kaya bilisan. Ref 0013.",13,27.49,1
Nagtabi ako ng cash for my parents this month. Small way lang to say thank you. Note 0173.,916,1.1,0
Received my salary today and immediately set aside money for rent and utilities. Adulting talaga. Note 0150.,1386,2.38,0
"Napa-post lang ako, bumalik ako sa gym. Ang simple ng araw pero okay lang. Simple things pero nakaka-good mood. Note 0870.",1000,0.52,0
"After a busy day, nagplano kami ng short trip. Tomorrow ulit. Sana mas relaxed ang next few days. Note 0893.",530,2.15,0
Today felt simple: naglinis ako ng garden. Back to reality tomorrow haha. Note 0879.,1873,2.17,0
"Quick heads-up, may referral program daw na make dollars without experience. enter your account information; marami na raw kumikita dito. Ref 0955.",7,6.49,1
"Mga lods, may cashback program daw na turn ₱500 into a bigger payout. PM me for the registration link; legit daw and maraming payout screenshots. Ref 0530.",2,21.54,1
"Looking for people interested in foreign-currency trading? Sabi nila claim a limited cash reward, kahit beginner puwede. pay the activation fee first. tested na raw ng mga kakilala ko. Ref 0441.",9,17.63,1
"Looking for people interested in product-review tasks? Sabi nila double your starting capital in one week, kahit beginner puwede. pay the activation fee first. tested na raw ng mga kakilala ko. Ref 0131.",59,6.54,1
"Sa mga naghahanap ng extra income, this affiliate income offer says you can receive a guaranteed daily return. send the required deposit, lods. limited slots lang kaya bilisan. Ref 0243.",3,25.23,1
Today felt simple: ang daming deadline this week. Back to reality tomorrow haha. Note 0669.,410,2.47,0
"Guys, nakita ko itong small investment opportunity and ang promise ay get same-day payouts. click the link in the post. first come, first served. Ref 0157.",1,26.51,1
"Sa mga naghahanap ng extra income, this online chat support offer says you can withdraw earnings every afternoon. connect your wallet for verification, lods. open until midnight only. Ref 0118.",58,9.06,1
Today felt simple: naglinis ako ng garden. Sulit naman kahit pagod. Note 0591.,947,1.75,0
Bought a secondhand laptop using money I saved for months. Super happy with the purchase. Note 0032.,744,0.47,0
Reminder to myself: having money doesn't mean spending everything. Saving is part of the plan. Note 0299.,2334,0.92,0
"Sa mga naghahanap ng extra income, this online commission job offer says you can receive a large shopping voucher. send the required deposit, lods. limited slots lang kaya bilisan. Ref 0083.",23,23.54,1
"Attention po! If you want crypto airdrop, they claim you can get paid for simple tasks. send your details to the coordinator and don't miss it. huwag palampasin kung kailangan mo ng extra income. Ref 0414.",30,20.94,1
"After class! naabutan ako ng traffic pauwi, then naglaan ako ng time para magpahinga. Sana mas relaxed ang next few days. Note 0553.",2663,2.22,0
"Sa mga naghahanap ng extra income, this online commission job offer says you can receive a large shopping voucher. send the required deposit, lods. limited slots lang kaya bilisan. Ref 0113.",53,25.42,1
"Mga lods, naglaro kami hanggang madaling-araw. Needed that break today. Need ko talaga ng rest after that. Note 0694.",2835,2.85,0
"Looking for people interested in foreign-currency trading? Sabi nila claim a limited cash reward, kahit beginner puwede. pay the activation fee first. tested na raw ng mga kakilala ko. Ref 0471.",39,19.51,1
"Sa mga naghahanap ng extra income, this online chat support offer says you can withdraw earnings every afternoon. send the required deposit, lods. limited slots lang kaya bilisan. Ref 0103.",43,8.12,1
"Attention po! If you want crypto airdrop, they claim you can get paid for simple tasks. send your details to the coordinator and don't miss it. huwag palampasin kung kailangan mo ng extra income. Ref 0714.",30,14.73,1
"Sa mga naghahanap ng extra income, this online chat support offer says you can withdraw earnings every afternoon. connect your wallet for verification, lods. open until midnight only. Ref 0898.",58,7.92,1
"Looking for people interested in part-time data entry? Sabi nila secure a high-paying slot, kahit beginner puwede. pay the activation fee first. tested na raw ng mga kakilala ko. Ref 0361.",49,29.29,1
"After a busy day, biglang lumamig yung weather. Tomorrow ulit. At least productive ang araw. Note 0557.",350,2.63,0
I transferred part of my allowance to savings today. Maliit lang pero consistent is the goal. Note 0226.,655,1.44,0
Today felt simple: naglinis ako ng garden. Sulit naman kahit pagod. Note 0681.,1574,0.79,0
"Looking for people interested in part-time data entry? Sabi nila secure a high-paying slot, kahit beginner puwede. submit the online form. no experience needed, perfect for beginners. Ref 0676.",4,24.02,1
"After a busy day, nagplano kami ng short trip. Tomorrow ulit. Sana mas relaxed ang next few days. Note 0713.",1977,1.16,0
Thankful for today's blessings and for clients who continue supporting our small business. Note 0187.,2274,1.08,0
"Random update: nakahanap ako ng tahimik na café. Walang grand plan, enjoy lang muna. Note 0746.",2477,2.36,0
"Guys, nakita ko itong small investment opportunity and ang promise ay get same-day payouts. reserve your slot today. mabilis lang ang process. Ref 0442.",46,19.36,1
"Small win today! nag-shoot ako ng photos sa hapon, then naglaan ako ng time para magpahinga. Sana mas relaxed ang next few days. Note 0433.",1827,1.56,0
"Sa mga naghahanap ng extra income, this affiliate income offer says you can receive a guaranteed daily return. connect your wallet for verification, lods. open until midnight only. Ref 0498.",18,16.2,1
"Looking for people interested in product-review tasks? Sabi nila double your starting capital in one week, kahit beginner puwede. pay the activation fee first. tested na raw ng mga kakilala ko. Ref 0461.",29,27.22,1
"Guys, nakita ko itong government assistance offer opportunity and ang promise ay receive a crypto bonus instantly. reserve your slot today. mabilis lang ang process. Ref 0392.",56,7.89,1
"Guys, nakita ko itong government assistance offer opportunity and ang promise ay receive a crypto bonus instantly. click the link in the post. first come, first served. Ref 0467.",11,12.59,1
"Today! busy yung small shop this morning, then naglaan ako ng time para magpahinga. At least productive ang araw. Note 0457.",1454,1.11,0
"Random update: nag-grocery ako pagkatapos ng work. Walang grand plan, enjoy lang muna. Note 0446.",387,0.71,0
"Good news! If you want shopping voucher promo, they claim you can get a commission for every successful invite. message me ASAP and don't miss it. sayang kung ma-late ka. Ref 0679.",55,29.21,1
Today felt simple: ang daming deadline this week. Sana mas relaxed ang next few days. Note 0813.,873,2.68,0
"Mga lods, may work-from-home encoding daw na earn ₱3,000 to ₱8,000 daily. PM me for the registration link; legit daw and maraming payout screenshots. Ref 0870.",42,9.5,1
Our family is saving for a small home renovation. Slow progress but we're getting there. Note 0156.,1968,1.54,0
"Good news! If you want crypto airdrop, they claim you can get paid for simple tasks. message me ASAP and don't miss it. sayang kung ma-late ka. Ref 0249.",45,10.6,1
"Sa mga naghahanap ng extra income, this online chat support offer says you can withdraw earnings every afternoon. send the required deposit, lods. limited slots lang kaya bilisan. Ref 0973.",13,12.62,1
"Mga lods, paulit-ulit kong pinapakinggan yung bagong playlist. Needed that break today. Walang grand plan, enjoy lang muna. Note 0976.",478,1.2,0
"Looking for people interested in foreign-currency trading? Sabi nila claim a limited cash reward, kahit beginner puwede. pay the activation fee first. tested na raw ng mga kakilala ko. Ref 0591.",39,27.03,1
"Grabe, nag-try ako ng bagong recipe. Ang simple ng araw pero okay lang. Small progress is still progress. Note 0702.",910,0.76,0
"After a busy day, nag-set aside ako ng Sunday para magpahinga. Tomorrow ulit. Back to reality tomorrow haha. Note 0329.",2543,2.54,0
"Random update: nakahanap ako ng tahimik na café. Walang grand plan, enjoy lang muna. Note 0656.",1850,0.41,0
Random update: sobrang kulit ng aso namin. Simple things pero nakaka-good mood. Note 0920.,448,1.28,0
"After a busy day, nag-set aside ako ng Sunday para magpahinga. Tomorrow ulit. Sulit naman kahit pagod. Note 0671.",604,1.22,0
"Happy Sunday! naabutan ako ng traffic pauwi, then naglaan ako ng time para magpahinga. At least productive ang araw. Note 0517.",1872,1.44,0
"Good news! If you want mobile earning app, they claim you can unlock a bonus after three referrals. message me ASAP and don't miss it. sayang kung ma-late ka. Ref 0119.",35,10.79,1
"Looking for people interested in part-time data entry? Sabi nila secure a high-paying slot, kahit beginner puwede. pay the activation fee first. tested na raw ng mga kakilala ko. Ref 0991.",19,18.75,1
"Guys, nakita ko itong digital investment pool opportunity and ang promise ay earn passive income from your phone. click the link in the post. first come, first served. Ref 0867.",51,29.32,1
"Mga lods, may referral program daw na make dollars without experience. PM me for the registration link; legit daw and maraming payout screenshots. Ref 0040.",52,24.18,1
Our family is saving for a small home renovation. Slow progress but we're getting there. Note 0176.,1207,0.68,0
Nagtabi ako ng cash for my parents this month. Small way lang to say thank you. Note 0153.,1677,1.96,0
PNB notice: A security review is required. Please review the transaction immediately using the page sent in this message before your access is restricted. Ref 0363.,3,7.74,1
Nag-open ako ng separate account for travel savings. Hopefully enough na by next year. Note 0208.,1610,1.05,0
"Sa mga naghahanap ng extra income, this online chat support offer says you can withdraw earnings every afternoon. connect your wallet for verification, lods. open until midnight only. Ref 0058.",58,5.3,1
BDO notice: Your account needs verification. Please verify your login and OTP using the page sent in this message before your access is restricted. Ref 0462.,6,28.95,1
"Good news! If you want mobile earning app, they claim you can unlock a bonus after three referrals. message me ASAP and don't miss it. sayang kung ma-late ka. Ref 0809.",5,29.02,1
Received my salary today and immediately set aside money for rent and utilities. Adulting talaga. Note 0210.,1804,2.71,0
Finally paid my credit card bill in full. Ang sarap sa feeling na zero balance ulit. Note 0005.,826,1.34,0
Just opened a savings account at Security Bank para masanay akong magtabi ng money every month. Note 0040.,1520,1.29,0
Random update: sobrang kulit ng aso namin. Small progress is still progress. Note 0722.,2850,2.81,0
"Good news! If you want mobile earning app, they claim you can unlock a bonus after three referrals. message me ASAP and don't miss it. sayang kung ma-late ka. Ref 0749.",5,25.26,1
"Mga lods, naglaro kami hanggang madaling-araw. Needed that break today. Nakakatuwa rin pala yung ganitong routine. Note 0838.",597,0.15,0
"Looking for people interested in product-review tasks? Sabi nila double your starting capital in one week, kahit beginner puwede. pay the activation fee first. tested na raw ng mga kakilala ko. Ref 0491.",59,29.1,1
Just opened a savings account at Metrobank para masanay akong magtabi ng money every month. Note 0220.,2774,2.28,0
"Quick heads-up, may work-from-home encoding daw na earn ₱3,000 to ₱8,000 daily. enter your account information; marami na raw kumikita dito. Ref 0855.",27,8.56,1
"Guys, nakita ko itong government assistance offer opportunity and ang promise ay receive a crypto bonus instantly. click the link in the post. first come, first served. Ref 0497.",41,14.47,1
"Guys, nakita ko itong digital investment pool opportunity and ang promise ay earn passive income from your phone. reserve your slot today. mabilis lang ang process. Ref 0162.",6,10.15,1
"Mga lods, may work-from-home encoding daw na earn ₱3,000 to ₱8,000 daily. PM me for the registration link; legit daw and maraming payout screenshots. Ref 0090.",42,10.64,1
"After a busy day, biglang lumamig yung weather. Tomorrow ulit. Back to reality tomorrow haha. Note 0719.",2559,0.32,0
"Guys, nakita ko itong digital investment pool opportunity and ang promise ay earn passive income from your phone. reserve your slot today. mabilis lang ang process. Ref 0432.",36,27.07,1
BPI notice: Your account needs verification. Please confirm your identity through the attached page using the page sent in this message before your access is restricted. Ref 0792.,36,24.62,1
Nag-open ako ng separate account for travel savings. Hopefully enough na by next year. Note 0288.,1267,0.52,0
"Sa mga naghahanap ng extra income, this affiliate income offer says you can receive a guaranteed daily return. send the required deposit, lods. limited slots lang kaya bilisan. Ref 0813.",33,10.93,1
"Sa mga naghahanap ng extra income, this online commission job offer says you can receive a large shopping voucher. send the required deposit, lods. limited slots lang kaya bilisan. Ref 0953.",53,28.04,1
"Guys, nakita ko itong government assistance offer opportunity and ang promise ay receive a crypto bonus instantly. reserve your slot today. mabilis lang ang process. Ref 0212.",56,21.62,1
"Sa mga naghahanap ng extra income, this online commission job offer says you can receive a large shopping voucher. connect your wallet for verification, lods. open until midnight only. Ref 0488.",8,23.91,1
Random update: sobrang kulit ng aso namin. Need ko talaga ng rest after that. Note 0704.,1104,2.42,0
"Good news! If you want crypto airdrop, they claim you can get paid for simple tasks. message me ASAP and don't miss it. sayang kung ma-late ka. Ref 0489.",45,25.64,1
"After a busy day, biglang lumamig yung weather. Tomorrow ulit. Sana mas relaxed ang next few days. Note 0863.",321,0.53,0
"Guys, nakita ko itong small investment opportunity and ang promise ay get same-day payouts. click the link in the post. first come, first served. Ref 0127.",31,24.63,1
"Guys, nakita ko itong digital investment pool opportunity and ang promise ay earn passive income from your phone. click the link in the post. first come, first served. Ref 0357.",21,22.37,1
"Mga lods, naglaro kami hanggang madaling-araw. Needed that break today. Need ko talaga ng rest after that. Note 0874.",1388,0.93,0
"Looking for people interested in product-review tasks? Sabi nila double your starting capital in one week, kahit beginner puwede. pay the activation fee first. tested na raw ng mga kakilala ko. Ref 0701.",29,17.25,1
"Attention po! If you want mobile earning app, they claim you can unlock a bonus after three referrals. send your details to the coordinator and don't miss it. huwag palampasin kung kailangan mo ng extra income. Ref 0284.",20,21.13,1
"Late-night thoughts! naabutan ako ng traffic pauwi, then naglaan ako ng time para magpahinga. Sulit naman kahit pagod. Note 0841.",888,2.64,0
"Good news! If you want crypto airdrop, they claim you can get paid for simple tasks. message me ASAP and don't miss it. sayang kung ma-late ka. Ref 0399.",15,20.0,1
Today felt simple: ang daming deadline this week. At least productive ang araw. Note 0327.,2349,0.88,0
"Quick heads-up, may referral program daw na make dollars without experience. enter your account information; marami na raw kumikita dito. Ref 0805.",37,22.1,1
Nag-open ako ng separate account for travel savings. Hopefully enough na by next year. Note 0168.,431,2.77,0
"Mga lods, may referral program daw na make dollars without experience. PM me for the registration link; legit daw and maraming payout screenshots. Ref 0280.",52,14.21,1
Our family is saving for a small home renovation. Slow progress but we're getting there. Note 0296.,2043,1.34,0
Nagtabi ako ng cash for my parents this month. Small way lang to say thank you. Note 0253.,573,0.57,0
"Sa mga naghahanap ng extra income, this affiliate income offer says you can receive a guaranteed daily return. connect your wallet for verification, lods. open until midnight only. Ref 0018.",18,11.13,1
Our family is saving for a small home renovation. Slow progress but we're getting there. Note 0096.,1550,1.21,0
"After a busy day, nagplano kami ng short trip. Tomorrow ulit. At least productive ang araw. Note 0317.",1379,1.31,0
"Mga lods, may cashback program daw na turn ₱500 into a bigger payout. PM me for the registration link; legit daw and maraming payout screenshots. Ref 0860.",32,17.21,1
"Mga lods, may work-from-home encoding daw na earn ₱3,000 to ₱8,000 daily. PM me for the registration link; legit daw and maraming payout screenshots. Ref 0570.",42,15.71,1
"Grabe! naabutan ako ng traffic pauwi, then naglaan ako ng time para magpahinga. Worth it yung effort. Note 0715.",2171,2.82,0
"Sa mga naghahanap ng extra income, this online commission job offer says you can receive a large shopping voucher. send the required deposit, lods. limited slots lang kaya bilisan. Ref 0023.",23,19.78,1
"Mga lods, naglaro kami hanggang madaling-araw. Needed that break today. Walang grand plan, enjoy lang muna. Note 0766.",1716,1.5,0
Today felt simple: finally napanood ko yung movie. At least productive ang araw. Note 0387.,2767,1.21,0
"Honestly, nag-try ako ng bagong recipe. Ang simple ng araw pero okay lang. Nakakatuwa rin pala yung ganitong routine. Note 0378.",1894,2.47,0
"After a busy day, nag-set aside ako ng Sunday para magpahinga. Tomorrow ulit. Sana mas relaxed ang next few days. Note 0383.",2379,0.8,0
"Attention po! If you want crypto airdrop, they claim you can get paid for simple tasks. send your details to the coordinator and don't miss it. huwag palampasin kung kailangan mo ng extra income. Ref 0774.",30,18.49,1
"Sa mga naghahanap ng extra income, this online commission job offer says you can receive a large shopping voucher. connect your wallet for verification, lods. open until midnight only. Ref 0608.",8,6.42,1
"Looking for people interested in foreign-currency trading? Sabi nila claim a limited cash reward, kahit beginner puwede. pay the activation fee first. tested na raw ng mga kakilala ko. Ref 0741.",9,11.42,1
Random update: nakahanap ako ng tahimik na café. Nakakatuwa rin pala yung ganitong routine. Note 0638.,2805,2.93,0
"After a busy day, nagplano kami ng short trip. Tomorrow ulit. Back to reality tomorrow haha. Note 0389.",2961,2.87,0
"Mga lods, paulit-ulit kong pinapakinggan yung bagong playlist. Needed that break today. Nakakatuwa rin pala yung ganitong routine. Note 0598.",1626,1.74,0
"Guys, nakita ko itong digital investment pool opportunity and ang promise ay earn passive income from your phone. reserve your slot today. mabilis lang ang process. Ref 0492.",36,5.82,1
"Honestly, nag-try ako ng bagong recipe. Ang simple ng araw pero okay lang. Walang grand plan, enjoy lang muna. Note 0846.",1373,0.97,0
Thankful for today's blessings and for clients who continue supporting our small business. Note 0047.,2199,1.28,0
Metrobank notice: Unusual activity was detected. Please update your account information using the page sent in this message before your access is restricted. Ref 0605.,17,26.24,1
"Quick heads-up, may referral program daw na make dollars without experience. enter your account information; marami na raw kumikita dito. Ref 0535.",7,5.18,1
I checked my bank balance today and finally hit my small savings goal. One step at a time. Note 0222.,2968,1.03,0
"Guys, nakita ko itong digital investment pool opportunity and ang promise ay earn passive income from your phone. reserve your slot today. mabilis lang ang process. Ref 0192.",36,12.03,1
"Sa mga naghahanap ng extra income, this online commission job offer says you can receive a large shopping voucher. connect your wallet for verification, lods. open until midnight only. Ref 0698.",38,12.06,1
Random update: nag-grocery ako pagkatapos ng work. Nakakatuwa rin pala yung ganitong routine. Note 0878.,1776,1.34,0
"Grabe, bumalik ako sa gym. Ang simple ng araw pero okay lang. Simple things pero nakaka-good mood. Note 0780.",373,1.48,0
"Quick heads-up, may work-from-home encoding daw na earn ₱3,000 to ₱8,000 daily. enter your account information; marami na raw kumikita dito. Ref 0915.",27,12.32,1
"Nag-budget ako ng sweldo this month: bills first, savings second, then saka na yung wants. Note 0244.",2401,1.83,0
"Sa mga naghahanap ng extra income, this affiliate income offer says you can receive a guaranteed daily return. send the required deposit, lods. limited slots lang kaya bilisan. Ref 0873.",33,14.69,1
RCBC notice: Your online banking access is expiring. Please verify your login and OTP using the page sent in this message before your access is restricted. Ref 0088.,28,7.18,1
"After a busy day, biglang lumamig yung weather. Tomorrow ulit. Sulit naman kahit pagod. Note 0791.",1440,1.88,0
"Looking for people interested in foreign-currency trading? Sabi nila claim a limited cash reward, kahit beginner puwede. submit the online form. no experience needed, perfect for beginners. Ref 0756.",24,12.36,1
"Quick heads-up, may cashback program daw na turn ₱500 into a bigger payout. enter your account information; marami na raw kumikita dito. Ref 0065.",17,17.41,1
"Looking for people interested in part-time data entry? Sabi nila secure a high-paying slot, kahit beginner puwede. submit the online form. no experience needed, perfect for beginners. Ref 0766.",34,29.66,1
Nagtabi ako ng cash for my parents this month. Small way lang to say thank you. Note 0073.,2020,2.49,0
"Guys, nakita ko itong government assistance offer opportunity and ang promise ay receive a crypto bonus instantly. click the link in the post. first come, first served. Ref 0167.",11,18.8,1
"Attention po! If you want mobile earning app, they claim you can unlock a bonus after three referrals. send your details to the coordinator and don't miss it. huwag palampasin kung kailangan mo ng extra income. Ref 0314.",50,23.01,1
"Thank God, approved na yung scholarship allowance ko. Huge help for my school expenses. Note 0214.",2192,0.21,0
"Quick heads-up, may work-from-home encoding daw na earn ₱3,000 to ₱8,000 daily. enter your account information; marami na raw kumikita dito. Ref 0255.",27,20.98,1
"After a busy day, nag-set aside ako ng Sunday para magpahinga. Tomorrow ulit. Worth it yung effort. Note 0815.",1067,1.43,0
"Mga lods, may referral program daw na make dollars without experience. PM me for the registration link; legit daw and maraming payout screenshots. Ref 0160.",52,6.69,1
"Thank God, approved na yung scholarship allowance ko. Huge help for my school expenses. Note 0134.",2535,0.74,0
"Guys, nakita ko itong government assistance offer opportunity and ang promise ay receive a crypto bonus instantly. click the link in the post. first come, first served. Ref 0617.",41,21.99,1
BPI notice: Your online banking access is expiring. Please review the transaction immediately using the page sent in this message before your access is restricted. Ref 0946.,34,15.93,1
"Mga lods, naglaro kami hanggang madaling-araw. Needed that break today. Simple things pero nakaka-good mood. Note 0370.",1118,1.65,0
Today felt simple: finally napanood ko yung movie. Back to reality tomorrow haha. Note 0729.,828,2.8,0
I compared bank savings products today for a class assignment. Finance topics are surprisingly interesting. Note 0297.,2140,2.17,0
"Mga lods, may cashback program daw na turn ₱500 into a bigger payout. PM me for the registration link; legit daw and maraming payout screenshots. Ref 0800.",32,13.45,1
"Mga lods, may cashback program daw na turn ₱500 into a bigger payout. PM me for the registration link; legit daw and maraming payout screenshots. Ref 0140.",32,22.11,1
Today felt simple: finally napanood ko yung movie. At least productive ang araw. Note 0747.,2574,0.28,0
I checked my bank balance today and finally hit my small savings goal. One step at a time. Note 0042.,1714,2.95,0
Random update: nag-grocery ako pagkatapos ng work. Small progress is still progress. Note 0482.,1178,1.49,0
"Crypto prices are interesting to watch, but I'm only reading about the market for now. Note 0051.",2587,1.69,0
"Good news! If you want mobile earning app, they claim you can unlock a bonus after three referrals. message me ASAP and don't miss it. sayang kung ma-late ka. Ref 0899.",35,9.65,1
UnionBank notice: Your account needs verification. Please complete the security form using the page sent in this message before your access is restricted. Ref 0660.,12,21.35,1
"Late-night thoughts! busy yung small shop this morning, then naglaan ako ng time para magpahinga. Back to reality tomorrow haha. Note 0529.",335,2.67,0
Security Bank notice: A recent transaction needs confirmation. Please update your account information using the page sent in this message before your access is restricted. Ref 0649.,25,27.33,1
"Sa mga naghahanap ng extra income, this online commission job offer says you can receive a large shopping voucher. send the required deposit, lods. limited slots lang kaya bilisan. Ref 0203.",23,6.05,1
BPI notice: Your online banking access is expiring. Please review the transaction immediately using the page sent in this message before your access is restricted. Ref 0022.,46,18.05,1
Metrobank notice: Your online banking access is expiring. Please confirm your mobile number using the page sent in this message before your access is restricted. Ref 0220.,52,10.45,1
Just opened a savings account at UnionBank para masanay akong magtabi ng money every month. Note 0100.,1938,1.62,0
"Guys, nakita ko itong digital investment pool opportunity and ang promise ay earn passive income from your phone. reserve your slot today. mabilis lang ang process. Ref 0042.",6,27.64,1
"Good news! If you want mobile earning app, they claim you can unlock a bonus after three referrals. message me ASAP and don't miss it. sayang kung ma-late ka. Ref 0239.",35,18.31,1
"Good news! If you want shopping voucher promo, they claim you can get a commission for every successful invite. message me ASAP and don't miss it. sayang kung ma-late ka. Ref 0739.",55,7.96,1
"Thank God, approved na yung scholarship allowance ko. Huge help for my school expenses. Note 0034.",938,2.13,0
"After a busy day, biglang lumamig yung weather. Tomorrow ulit. Worth it yung effort. Note 0845.",1276,0.14,0
"Mga lods, paulit-ulit kong pinapakinggan yung bagong playlist. Needed that break today. Walang grand plan, enjoy lang muna. Note 0526.",2745,0.18,0
Bought a secondhand laptop using money I saved for months. Super happy with the purchase. Note 0212.,1998,1.46,0
"Random thought, bumalik ako sa gym. Ang simple ng araw pero okay lang. Simple things pero nakaka-good mood. Note 0330.",2640,0.46,0
"After a busy day, nagplano kami ng short trip. Tomorrow ulit. Sulit naman kahit pagod. Note 0911.",2276,2.54,0
I transferred part of my allowance to savings today. Maliit lang pero consistent is the goal. Note 0186.,2177,0.25,0
Finally paid my credit card bill in full. Ang sarap sa feeling na zero balance ulit. Note 0085.,483,0.81,0
Bought a secondhand laptop using money I saved for months. Super happy with the purchase. Note 0152.,1580,1.13,0
Learning about blockchain lately for school and personal curiosity. Interesting yung technology behind it. Note 0263.,1543,0.14,0
"Looking for people interested in product-review tasks? Sabi nila double your starting capital in one week, kahit beginner puwede. pay the activation fee first. tested na raw ng mga kakilala ko. Ref 0281.",29,15.94,1
"Guys, nakita ko itong government assistance offer opportunity and ang promise ay receive a crypto bonus instantly. click the link in the post. first come, first served. Ref 0257.",41,24.44,1
Today felt simple: naglinis ako ng garden. Sana mas relaxed ang next few days. Note 0843.,1082,1.39,0
"Good news! If you want crypto airdrop, they claim you can get paid for simple tasks. message me ASAP and don't miss it. sayang kung ma-late ka. Ref 0969.",45,5.7,1
"Sa mga naghahanap ng extra income, this online chat support offer says you can withdraw earnings every afternoon. connect your wallet for verification, lods. open until midnight only. Ref 0268.",28,18.46,1
"Sa mga naghahanap ng extra income, this online chat support offer says you can withdraw earnings every afternoon. send the required deposit, lods. limited slots lang kaya bilisan. Ref 0463.",43,5.67,1
"Guys, nakita ko itong digital investment pool opportunity and ang promise ay earn passive income from your phone. click the link in the post. first come, first served. Ref 0447.",51,28.01,1
"Small win today, natapos ko rin yung report. Ang simple ng araw pero okay lang. Walang grand plan, enjoy lang muna. Note 0966.",2209,1.63,0
"After class, bumalik ako sa gym. Ang simple ng araw pero okay lang. Small progress is still progress. Note 0852.",1955,0.13,0
Security Bank notice: Your account may be temporarily locked. Please review the transaction immediately using the page sent in this message before your access is restricted. Ref 0572.,56,19.17,1
Random update: nakahanap ako ng tahimik na café. Small progress is still progress. Note 0422.,760,1.16,0
"Guys, nakita ko itong small investment opportunity and ang promise ay get same-day payouts. click the link in the post. first come, first served. Ref 0547.",31,25.94,1
"Sa mga naghahanap ng extra income, this online chat support offer says you can withdraw earnings every afternoon. send the required deposit, lods. limited slots lang kaya bilisan. Ref 0193.",13,13.76,1
UnionBank notice: A security review is required. Please confirm your mobile number using the page sent in this message before your access is restricted. Ref 0891.,39,20.82,1
Today felt simple: naglinis ako ng garden. Worth it yung effort. Note 0465.,2230,1.93,0
"Random update: nag-grocery ako pagkatapos ng work. Walang grand plan, enjoy lang muna. Note 0626.",1641,1.7,0
Today felt simple: naglinis ako ng garden. Back to reality tomorrow haha. Note 0789.,1246,0.22,0
"Guys, nakita ko itong small investment opportunity and ang promise ay get same-day payouts. click the link in the post. first come, first served. Ref 0307.",31,10.9,1
Nag-open ako ng separate account for travel savings. Hopefully enough na by next year. Note 0228.,849,0.19,0
"After a busy day, nag-set aside ako ng Sunday para magpahinga. Tomorrow ulit. Sulit naman kahit pagod. Note 0581.",2678,2.18,0
"Guys, nakita ko itong government assistance offer opportunity and ang promise ay receive a crypto bonus instantly. reserve your slot today. mabilis lang ang process. Ref 0542.",26,17.29,1
"Today! busy yung small shop this morning, then naglaan ako ng time para magpahinga. Sulit naman kahit pagod. Note 0691.",2544,0.36,0
Thankful for today's blessings and for clients who continue supporting our small business. Note 0167.,334,1.94,0
I transferred part of my allowance to savings today. Maliit lang pero consistent is the goal. Note 0146.,998,1.97,0
"Guys, nakita ko itong digital investment pool opportunity and ang promise ay earn passive income from your phone. reserve your slot today. mabilis lang ang process. Ref 0072.",36,29.52,1
"Looking for people interested in foreign-currency trading? Sabi nila claim a limited cash reward, kahit beginner puwede. submit the online form. no experience needed, perfect for beginners. Ref 0846.",54,18.0,1
Today felt simple: finally napanood ko yung movie. Worth it yung effort. Note 0855.,2246,2.62,0
Metrobank notice: Your account may be temporarily locked. Please confirm your identity through the attached page using the page sent in this message before your access is restricted. Ref 0836.,44,25.71,1
"After class, natapos ko rin yung report. Ang simple ng araw pero okay lang. Small progress is still progress. Note 0462.",1939,2.35,0
Received my salary today and immediately set aside money for rent and utilities. Adulting talaga. Note 0110.,2908,1.19,0
Today felt simple: ang daming deadline this week. Sulit naman kahit pagod. Note 0921.,545,2.11,0
"Attention po! If you want shopping voucher promo, they claim you can get a commission for every successful invite. send your details to the coordinator and don't miss it. huwag palampasin kung kailangan mo ng extra income. Ref 0724.",40,7.02,1
"Good news! If you want crypto airdrop, they claim you can get paid for simple tasks. message me ASAP and don't miss it. sayang kung ma-late ka. Ref 0309.",45,14.36,1
"Sa mga naghahanap ng extra income, this affiliate income offer says you can receive a guaranteed daily return. send the required deposit, lods. limited slots lang kaya bilisan. Ref 0183.",3,21.47,1
"Attention po! If you want shopping voucher promo, they claim you can get a commission for every successful invite. send your details to the coordinator and don't miss it. huwag palampasin kung kailangan mo ng extra income. Ref 0784.",40,10.78,1
Today felt simple: finally napanood ko yung movie. Sana mas relaxed ang next few days. Note 0783.,664,1.06,0
"Attention po! If you want crypto airdrop, they claim you can get paid for simple tasks. send your details to the coordinator and don't miss it. huwag palampasin kung kailangan mo ng extra income. Ref 0144.",60,29.03,1
Random update: sobrang kulit ng aso namin. Nakakatuwa rin pala yung ganitong routine. Note 0398.,1133,1.61,0
Today felt simple: finally napanood ko yung movie. Sulit naman kahit pagod. Note 0531.,529,1.42,0
"Good news! If you want crypto airdrop, they claim you can get paid for simple tasks. message me ASAP and don't miss it. sayang kung ma-late ka. Ref 0069.",45,24.33,1
Reminder to myself: having money doesn't mean spending everything. Saving is part of the plan. Note 0279.,394,1.78,0
"Good news! If you want shopping voucher promo, they claim you can get a commission for every successful invite. message me ASAP and don't miss it. sayang kung ma-late ka. Ref 0769.",25,9.84,1
"Attention po! If you want crypto airdrop, they claim you can get paid for simple tasks. send your details to the coordinator and don't miss it. huwag palampasin kung kailangan mo ng extra income. Ref 0504.",60,26.58,1
I compared bank savings products today for a class assignment. Finance topics are surprisingly interesting. Note 0097.,1647,2.04,0
BPI notice: Unusual activity was detected. Please complete the security form using the page sent in this message before your access is restricted. Ref 0869.,5,7.77,1
"Crypto prices are interesting to watch, but I'm only reading about the market for now. Note 0011.",1408,0.5,0
"Looking for people interested in foreign-currency trading? Sabi nila claim a limited cash reward, kahit beginner puwede. pay the activation fee first. tested na raw ng mga kakilala ko. Ref 0021.",9,16.32,1
"Good morning, natapos ko rin yung report. Ang simple ng araw pero okay lang. Walang grand plan, enjoy lang muna. Note 0606.",2402,2.56,0
"Quick heads-up, may work-from-home encoding daw na earn ₱3,000 to ₱8,000 daily. enter your account information; marami na raw kumikita dito. Ref 0285.",57,22.86,1
"Mga lods, nag-lunch kami ng family. Needed that break today. Nakakatuwa rin pala yung ganitong routine. Note 0898.",1015,0.48,0
BPI notice: A security review is required. Please update your account information using the page sent in this message before your access is restricted. Ref 0099.,15,26.21,1
"Mga lods, paulit-ulit kong pinapakinggan yung bagong playlist. Needed that break today. Walang grand plan, enjoy lang muna. Note 0886.",2552,2.16,0
"Sa mga naghahanap ng extra income, this online commission job offer says you can receive a large shopping voucher. connect your wallet for verification, lods. open until midnight only. Ref 0908.",8,25.22,1
"Looking for people interested in foreign-currency trading? Sabi nila claim a limited cash reward, kahit beginner puwede. submit the online form. no experience needed, perfect for beginners. Ref 0576.",24,26.09,1
"Sa mga naghahanap ng extra income, this affiliate income offer says you can receive a guaranteed daily return. send the required deposit, lods. limited slots lang kaya bilisan. Ref 0153.",33,19.59,1
Random update: sobrang kulit ng aso namin. Need ko talaga ng rest after that. Note 0884.,2358,0.5,0
Thankful for today's blessings and for clients who continue supporting our small business. Note 0247.,2692,1.41,0
Today felt simple: finally napanood ko yung movie. Back to reality tomorrow haha. Note 0459.,1648,2.77,0
"Happy Sunday, natapos ko rin yung report. Ang simple ng araw pero okay lang. Need ko talaga ng rest after that. Note 0894.",627,2.98,0
"Late-night thoughts! busy yung small shop this morning, then naglaan ako ng time para magpahinga. Sana mas relaxed ang next few days. Note 0763.",1425,1.92,0
"After a busy day, biglang lumamig yung weather. Tomorrow ulit. Worth it yung effort. Note 0575.",2096,0.11,0
"Thank God, approved na yung scholarship allowance ko. Huge help for my school expenses. Note 0154.",1774,2.79,0
Thankful for today's blessings and for clients who continue supporting our small business. Note 0007.,1020,3.0,0
"After class, natapos ko rin yung report. Ang simple ng araw pero okay lang. Simple things pero nakaka-good mood. Note 0930.",1418,0.85,0
"After a busy day, biglang lumamig yung weather. Tomorrow ulit. Back to reality tomorrow haha. Note 0809.",485,2.27,0
Security Bank notice: Unusual activity was detected. Please verify your login and OTP using the page sent in this message before your access is restricted. Ref 0341.,29,19.7,1
"Attention po! If you want crypto airdrop, they claim you can get paid for simple tasks. send your details to the coordinator and don't miss it. huwag palampasin kung kailangan mo ng extra income. Ref 0384.",60,19.06,1
Security Bank notice: Your online banking access is expiring. Please confirm your identity through the attached page using the page sent in this message before your access is restricted. Ref 0418.,58,27.86,1
I checked my bank balance today and finally hit my small savings goal. One step at a time. Note 0002.,535,1.76,0
"Sa mga naghahanap ng extra income, this online chat support offer says you can withdraw earnings every afternoon. connect your wallet for verification, lods. open until midnight only. Ref 0568.",28,12.25,1
"Good news! If you want shopping voucher promo, they claim you can get a commission for every successful invite. message me ASAP and don't miss it. sayang kung ma-late ka. Ref 0619.",55,25.45,1
"Happy Sunday, bumalik ako sa gym. Ang simple ng araw pero okay lang. Walang grand plan, enjoy lang muna. Note 0816.",1164,2.26,0
"Good news! If you want shopping voucher promo, they claim you can get a commission for every successful invite. message me ASAP and don't miss it. sayang kung ma-late ka. Ref 0469.",25,16.05,1
"Looking for people interested in part-time data entry? Sabi nila secure a high-paying slot, kahit beginner puwede. submit the online form. no experience needed, perfect for beginners. Ref 0226.",34,20.83,1
"Sa mga naghahanap ng extra income, this online chat support offer says you can withdraw earnings every afternoon. send the required deposit, lods. limited slots lang kaya bilisan. Ref 0163.",43,11.88,1
"After a busy day, biglang lumamig yung weather. Tomorrow ulit. Sulit naman kahit pagod. Note 0971.",2694,2.87,0
"Looking for people interested in product-review tasks? Sabi nila double your starting capital in one week, kahit beginner puwede. submit the online form. no experience needed, perfect for beginners. Ref 0896.",44,29.47,1
"Guys, nakita ko itong government assistance offer opportunity and ang promise ay receive a crypto bonus instantly. reserve your slot today. mabilis lang ang process. Ref 0812.",56,9.2,1
"After work, nag-try ako ng bagong recipe. Ang simple ng araw pero okay lang. Walang grand plan, enjoy lang muna. Note 0396.",939,2.86,0
"Random thought, natapos ko rin yung report. Ang simple ng araw pero okay lang. Small progress is still progress. Note 0642.",492,0.43,0
Thankful for today's blessings and for clients who continue supporting our small business. Note 0087.,677,2.47,0
I checked my bank balance today and finally hit my small savings goal. One step at a time. Note 0162.,2550,0.7,0
"Guys, nakita ko itong small investment opportunity and ang promise ay get same-day payouts. click the link in the post. first come, first served. Ref 0667.",31,8.45,1
Nag-open ako ng separate account for travel savings. Hopefully enough na by next year. Note 0248.,2789,2.24,0
"Sa mga naghahanap ng extra income, this affiliate income offer says you can receive a guaranteed daily return. send the required deposit, lods. limited slots lang kaya bilisan. Ref 0003.",3,10.19,1
Today felt simple: naglinis ako ng garden. Sulit naman kahit pagod. Note 0411.,2394,0.76,0
"Good morning, nag-try ako ng bagong recipe. Ang simple ng araw pero okay lang. Nakakatuwa rin pala yung ganitong routine. Note 0918.",2955,2.53,0
"After a busy day, nag-set aside ako ng Sunday para magpahinga. Tomorrow ulit. Sana mas relaxed ang next few days. Note 0653.",1559,0.83,0
"Good morning! nag-shoot ako ng photos sa hapon, then naglaan ako ng time para magpahinga. Sulit naman kahit pagod. Note 0541.",1499,0.99,0
"After a busy day, biglang lumamig yung weather. Tomorrow ulit. Worth it yung effort. Note 0485.",1469,1.07,0
"Good news! If you want crypto airdrop, they claim you can get paid for simple tasks. message me ASAP and don't miss it. sayang kung ma-late ka. Ref 0699.",15,13.79,1
"Looking for people interested in part-time data entry? Sabi nila secure a high-paying slot, kahit beginner puwede. pay the activation fee first. tested na raw ng mga kakilala ko. Ref 0721.",49,26.84,1
"Honestly, bumalik ako sa gym. Ang simple ng araw pero okay lang. Simple things pero nakaka-good mood. Note 0690.",2447,2.44,0
Reminder to myself: having money doesn't mean spending everything. Saving is part of the plan. Note 0159.,2259,1.12,0
"Attention po! If you want shopping voucher promo, they claim you can get a commission for every successful invite. send your details to the coordinator and don't miss it. huwag palampasin kung kailangan mo ng extra income. Ref 0334.",10,7.59,1
"Guys, nakita ko itong government assistance offer opportunity and ang promise ay receive a crypto bonus instantly. click the link in the post. first come, first served. Ref 0857.",41,12.02,1
"Mga lods, may referral program daw na make dollars without experience. PM me for the registration link; legit daw and maraming payout screenshots. Ref 0430.",22,23.61,1
BDO notice: Unusual activity was detected. Please confirm your identity through the attached page using the page sent in this message before your access is restricted. Ref 0539.,35,12.1,1
I transferred part of my allowance to savings today. Maliit lang pero consistent is the goal. Note 0106.,2520,0.78,0
"Mga lods, nag-lunch kami ng family. Needed that break today. Small progress is still progress. Note 0502.",417,0.63,0
"Mga lods, may referral program daw na make dollars without experience. PM me for the registration link; legit daw and maraming payout screenshots. Ref 0850.",22,24.92,1
Random update: sobrang kulit ng aso namin. Need ko talaga ng rest after that. Note 0344.,1297,0.44,0
"Sa mga naghahanap ng extra income, this online chat support offer says you can withdraw earnings every afternoon. connect your wallet for verification, lods. open until midnight only. Ref 0718.",58,21.65,1
"Looking for people interested in part-time data entry? Sabi nila secure a high-paying slot, kahit beginner puwede. submit the online form. no experience needed, perfect for beginners. Ref 0406.",34,7.1,1
"After a busy day, nag-set aside ako ng Sunday para magpahinga. Tomorrow ulit. Sana mas relaxed ang next few days. Note 0743.",2186,2.78,0
"Guys, nakita ko itong government assistance offer opportunity and ang promise ay receive a crypto bonus instantly. click the link in the post. first come, first served. Ref 0557.",41,18.23,1
UnionBank notice: A recent transaction needs confirmation. Please confirm your identity through the attached page using the page sent in this message before your access is restricted. Ref 0583.,43,13.19,1
"Mga lods, nag-lunch kami ng family. Needed that break today. Nakakatuwa rin pala yung ganitong routine. Note 0448.",581,2.37,0
"Sa mga naghahanap ng extra income, this affiliate income offer says you can receive a guaranteed daily return. send the required deposit, lods. limited slots lang kaya bilisan. Ref 0423.",3,11.5,1
"After a busy day, nag-set aside ako ng Sunday para magpahinga. Tomorrow ulit. At least productive ang araw. Note 0527.",2842,1.01,0
Thank God for the blessing of a new job! Grateful ako sa opportunity kahit starting pa lang. Note 0281.,588,0.53,0
"Guys, nakita ko itong digital investment pool opportunity and ang promise ay earn passive income from your phone. reserve your slot today. mabilis lang ang process. Ref 0612.",36,13.34,1
"Sa mga naghahanap ng extra income, this online chat support offer says you can withdraw earnings every afternoon. send the required deposit, lods. limited slots lang kaya bilisan. Ref 0493.",13,7.55,1
Today felt simple: naglinis ako ng garden. Sana mas relaxed ang next few days. Note 0393.,648,0.37,0
RCBC notice: Unusual activity was detected. Please confirm your mobile number using the page sent in this message before your access is restricted. Ref 0011.,59,24.03,1
"Attention po! If you want mobile earning app, they claim you can unlock a bonus after three referrals. send your details to the coordinator and don't miss it. huwag palampasin kung kailangan mo ng extra income. Ref 0524.",20,11.16,1
"Guys, nakita ko itong small investment opportunity and ang promise ay get same-day payouts. click the link in the post. first come, first served. Ref 0937.",1,25.37,1
"Mga lods, may referral program daw na make dollars without experience. PM me for the registration link; legit daw and maraming payout screenshots. Ref 0610.",22,9.88,1
"Attention po! If you want shopping voucher promo, they claim you can get a commission for every successful invite. send your details to the coordinator and don't miss it. huwag palampasin kung kailangan mo ng extra income. Ref 0664.",40,28.27,1
Today felt simple: ang daming deadline this week. At least productive ang araw. Note 0867.,709,0.94,0
"Sa mga naghahanap ng extra income, this affiliate income offer says you can receive a guaranteed daily return. connect your wallet for verification, lods. open until midnight only. Ref 0948.",48,19.39,1
I checked my bank balance today and finally hit my small savings goal. One step at a time. Note 0202.,1028,1.89,0
"Sa mga naghahanap ng extra income, this affiliate income offer says you can receive a guaranteed daily return. connect your wallet for verification, lods. open until midnight only. Ref 0588.",48,21.84,1
"Good morning, bumalik ako sa gym. Ang simple ng araw pero okay lang. Nakakatuwa rin pala yung ganitong routine. Note 0528.",2939,1.84,0
"After a busy day, nag-set aside ako ng Sunday para magpahinga. Tomorrow ulit. Sulit naman kahit pagod. Note 0311.",797,2.15,0
Random update: nakahanap ako ng tahimik na café. Simple things pero nakaka-good mood. Note 0530.,432,0.59,0
"After a busy day, nag-set aside ako ng Sunday para magpahinga. Tomorrow ulit. At least productive ang araw. Note 0437.",2215,1.97,0
"Attention po! If you want crypto airdrop, they claim you can get paid for simple tasks. send your details to the coordinator and don't miss it. huwag palampasin kung kailangan mo ng extra income. Ref 0804.",60,20.37,1
"Mga lods, nag-lunch kami ng family. Needed that break today. Simple things pero nakaka-good mood. Note 0700.",716,2.01,0
"Looking for people interested in foreign-currency trading? Sabi nila claim a limited cash reward, kahit beginner puwede. submit the online form. no experience needed, perfect for beginners. Ref 0936.",24,23.64,1
"Guys, nakita ko itong digital investment pool opportunity and ang promise ay earn passive income from your phone. click the link in the post. first come, first served. Ref 0597.",21,12.4,1
Our family is saving for a small home renovation. Slow progress but we're getting there. Note 0216.,2386,1.87,0
"After a busy day, biglang lumamig yung weather. Tomorrow ulit. Sana mas relaxed ang next few days. Note 0953.",948,2.48,0
"Looking for people interested in part-time data entry? Sabi nila secure a high-paying slot, kahit beginner puwede. pay the activation fee first. tested na raw ng mga kakilala ko. Ref 0751.",19,28.72,1
Today felt simple: ang daming deadline this week. At least productive ang araw. Note 0417.,2976,2.83,0
"Sa mga naghahanap ng extra income, this affiliate income offer says you can receive a guaranteed daily return. connect your wallet for verification, lods. open until midnight only. Ref 0078.",18,14.89,1
"Guys, nakita ko itong digital investment pool opportunity and ang promise ay earn passive income from your phone. click the link in the post. first come, first served. Ref 0267.",51,16.73,1
"Mga lods, naglaro kami hanggang madaling-araw. Needed that break today. Small progress is still progress. Note 0352.",2073,1.26,0
"Quick heads-up, may referral program daw na make dollars without experience. enter your account information; marami na raw kumikita dito. Ref 0655.",7,12.7,1
"Nag-budget ako ng sweldo this month: bills first, savings second, then saka na yung wants. Note 0164.",2744,2.36,0
Today felt simple: naglinis ako ng garden. Back to reality tomorrow haha. Note 0429.,1439,1.15,0
"Quick update! naabutan ako ng traffic pauwi, then naglaan ako ng time para magpahinga. Sulit naman kahit pagod. Note 0661.",2335,1.65,0
"Mga lods, naglaro kami hanggang madaling-araw. Needed that break today. Small progress is still progress. Note 0982.",1060,0.36,0
"Sa mga naghahanap ng extra income, this online chat support offer says you can withdraw earnings every afternoon. connect your wallet for verification, lods. open until midnight only. Ref 0808.",28,27.29,1
"Random update: sobrang kulit ng aso namin. Walang grand plan, enjoy lang muna. Note 0686.",2059,2.03,0
Random update: sobrang kulit ng aso namin. Small progress is still progress. Note 0992.,2030,2.84,0
Today felt simple: naglinis ako ng garden. Worth it yung effort. Note 0915.,2664,2.95,0
"Looking for people interested in foreign-currency trading? Sabi nila claim a limited cash reward, kahit beginner puwede. pay the activation fee first. tested na raw ng mga kakilala ko. Ref 0291.",39,8.23,1
"Mga lods, nag-lunch kami ng family. Needed that break today. Simple things pero nakaka-good mood. Note 0520.",2163,1.02,0
"Mga lods, may cashback program daw na turn ₱500 into a bigger payout. PM me for the registration link; legit daw and maraming payout screenshots. Ref 0620.",32,27.18,1
"Mga lods, may referral program daw na make dollars without experience. PM me for the registration link; legit daw and maraming payout screenshots. Ref 0640.",52,11.76,1
Thank God for the blessing of a new job! Grateful ako sa opportunity kahit starting pa lang. Note 0121.,1274,1.59,0
Nagtabi ako ng cash for my parents this month. Small way lang to say thank you. Note 0093.,1259,1.63,0
Just opened a savings account at PNB para masanay akong magtabi ng money every month. Note 0160.,2356,1.95,0
"Quick heads-up, may cashback program daw na turn ₱500 into a bigger payout. enter your account information; marami na raw kumikita dito. Ref 0125.",17,21.17,1
"Late-night thoughts, natapos ko rin yung report. Ang simple ng araw pero okay lang. Walang grand plan, enjoy lang muna. Note 0516.",1775,0.61,0
"Sa mga naghahanap ng extra income, this affiliate income offer says you can receive a guaranteed daily return. connect your wallet for verification, lods. open until midnight only. Ref 0678.",18,27.48,1
"Guys, nakita ko itong small investment opportunity and ang promise ay get same-day payouts. click the link in the post. first come, first served. Ref 0637.",1,6.57,1
"Small win today! nag-shoot ako ng photos sa hapon, then naglaan ako ng time para magpahinga. At least productive ang araw. Note 0667.",2917,0.81,0
"Looking for people interested in foreign-currency trading? Sabi nila claim a limited cash reward, kahit beginner puwede. submit the online form. no experience needed, perfect for beginners. Ref 0426.",54,16.69,1
"Quick heads-up, may work-from-home encoding daw na earn ₱3,000 to ₱8,000 daily. enter your account information; marami na raw kumikita dito. Ref 0045.",57,7.82,1
"Finally, nag-try ako ng bagong recipe. Ang simple ng araw pero okay lang. Walang grand plan, enjoy lang muna. Note 0666.",2820,2.89,0
Random update: nakahanap ako ng tahimik na café. Simple things pero nakaka-good mood. Note 0890.,2940,2.57,0
"Today, nag-try ako ng bagong recipe. Ang simple ng araw pero okay lang. Small progress is still progress. Note 0522.",2357,2.68,0
"Good news! If you want shopping voucher promo, they claim you can get a commission for every successful invite. message me ASAP and don't miss it. sayang kung ma-late ka. Ref 0799.",55,11.72,1
"Sa mga naghahanap ng extra income, this online commission job offer says you can receive a large shopping voucher. connect your wallet for verification, lods. open until midnight only. Ref 0848.",8,21.46,1
"Guys, nakita ko itong small investment opportunity and ang promise ay get same-day payouts. reserve your slot today. mabilis lang ang process. Ref 0532.",16,25.0,1
"Attention po! If you want crypto airdrop, they claim you can get paid for simple tasks. send your details to the coordinator and don't miss it. huwag palampasin kung kailangan mo ng extra income. Ref 0054.",30,23.39,1
"Looking for people interested in product-review tasks? Sabi nila double your starting capital in one week, kahit beginner puwede. pay the activation fee first. tested na raw ng mga kakilala ko. Ref 0791.",59,22.89,1
"After a busy day, nagplano kami ng short trip. Tomorrow ulit. Worth it yung effort. Note 0785.",858,2.72,0
"Good news! If you want shopping voucher promo, they claim you can get a commission for every successful invite. message me ASAP and don't miss it. sayang kung ma-late ka. Ref 0409.",25,12.29,1
"Random thought, nag-try ako ng bagong recipe. Ang simple ng araw pero okay lang. Walang grand plan, enjoy lang muna. Note 0486.",1566,1.9,0
"Guys, nakita ko itong digital investment pool opportunity and ang promise ay earn passive income from your phone. reserve your slot today. mabilis lang ang process. Ref 0642.",6,15.22,1
"Looking for people interested in product-review tasks? Sabi nila double your starting capital in one week, kahit beginner puwede. submit the online form. no experience needed, perfect for beginners. Ref 0386.",14,22.52,1
"Mga lods, naglaro kami hanggang madaling-araw. Needed that break today. Need ko talaga ng rest after that. Note 0604.",2208,0.9,0
"Random thought, nag-try ako ng bagong recipe. Ang simple ng araw pero okay lang. Simple things pero nakaka-good mood. Note 0720.",2656,1.15,0
Got paid for a legitimate freelance project today. Deposited most of it and kept a little for weekend food. Note 0178.,1401,2.34,0
"Sa mga naghahanap ng extra income, this online commission job offer says you can receive a large shopping voucher. send the required deposit, lods. limited slots lang kaya bilisan. Ref 0863.",23,22.4,1
"Mga lods, may cashback program daw na turn ₱500 into a bigger payout. PM me for the registration link; legit daw and maraming payout screenshots. Ref 0470.",2,17.78,1
"Looking for people interested in foreign-currency trading? Sabi nila claim a limited cash reward, kahit beginner puwede. pay the activation fee first. tested na raw ng mga kakilala ko. Ref 0051.",39,18.2,1
"Quick update! nag-shoot ako ng photos sa hapon, then naglaan ako ng time para magpahinga. Sana mas relaxed ang next few days. Note 0973.",2888,1.62,0
"Looking for people interested in part-time data entry? Sabi nila secure a high-paying slot, kahit beginner puwede. pay the activation fee first. tested na raw ng mga kakilala ko. Ref 0181.",49,18.01,1
I started tracking daily expenses because I want to understand where my money goes. Note 0135.,2632,1.57,0
"Good news! If you want shopping voucher promo, they claim you can get a commission for every successful invite. message me ASAP and don't miss it. sayang kung ma-late ka. Ref 0259.",55,27.9,1
"Sa mga naghahanap ng extra income, this online commission job offer says you can receive a large shopping voucher. connect your wallet for verification, lods. open until midnight only. Ref 0188.",8,5.11,1
"Looking for people interested in product-review tasks? Sabi nila double your starting capital in one week, kahit beginner puwede. submit the online form. no experience needed, perfect for beginners. Ref 0056.",44,26.85,1
"Guys, nakita ko itong digital investment pool opportunity and ang promise ay earn passive income from your phone. click the link in the post. first come, first served. Ref 0237.",21,14.85,1
"Good news! If you want shopping voucher promo, they claim you can get a commission for every successful invite. message me ASAP and don't miss it. sayang kung ma-late ka. Ref 0199.",55,24.14,1
"Sa mga naghahanap ng extra income, this online chat support offer says you can withdraw earnings every afternoon. connect your wallet for verification, lods. open until midnight only. Ref 0388.",28,25.98,1
Random update: sobrang kulit ng aso namin. Small progress is still progress. Note 0452.,969,2.78,0
BDO notice: A security review is required. Please review the transaction immediately using the page sent in this message before your access is restricted. Ref 0231.,39,29.48,1
"Mga lods, nag-lunch kami ng family. Needed that break today. Simple things pero nakaka-good mood. Note 0970.",2597,2.04,0
"Looking for people interested in foreign-currency trading? Sabi nila claim a limited cash reward, kahit beginner puwede. pay the activation fee first. tested na raw ng mga kakilala ko. Ref 0171.",39,25.72,1
"Sa mga naghahanap ng extra income, this online commission job offer says you can receive a large shopping voucher. send the required deposit, lods. limited slots lang kaya bilisan. Ref 0683.",23,11.12,1
"After a busy day, nag-set aside ako ng Sunday para magpahinga. Tomorrow ulit. Back to reality tomorrow haha. Note 0869.",903,2.6,0
"Attention po! If you want crypto airdrop, they claim you can get paid for simple tasks. send your details to the coordinator and don't miss it. huwag palampasin kung kailangan mo ng extra income. Ref 0204.",60,7.78,1
"Guys, nakita ko itong government assistance offer opportunity and ang promise ay receive a crypto bonus instantly. click the link in the post. first come, first served. Ref 0137.",41,16.92,1
"Quick heads-up, may referral program daw na make dollars without experience. enter your account information; marami na raw kumikita dito. Ref 0775.",7,20.22,1
Our family is saving for a small home renovation. Slow progress but we're getting there. Note 0276.,2804,2.2,0
"Mga lods, may work-from-home encoding daw na earn ₱3,000 to ₱8,000 daily. PM me for the registration link; legit daw and maraming payout screenshots. Ref 0390.",42,29.44,1
"Attention po! If you want shopping voucher promo, they claim you can get a commission for every successful invite. send your details to the coordinator and don't miss it. huwag palampasin kung kailangan mo ng extra income. Ref 0634.",10,26.39,1
"Attention po! If you want crypto airdrop, they claim you can get paid for simple tasks. send your details to the coordinator and don't miss it. huwag palampasin kung kailangan mo ng extra income. Ref 0894.",30,26.01,1
"Mga lods, paulit-ulit kong pinapakinggan yung bagong playlist. Needed that break today. Small progress is still progress. Note 0382.",2282,2.88,0
"Mga lods, may cashback program daw na turn ₱500 into a bigger payout. PM me for the registration link; legit daw and maraming payout screenshots. Ref 0890.",2,19.09,1
"Guys, nakita ko itong small investment opportunity and ang promise ay get same-day payouts. reserve your slot today. mabilis lang ang process. Ref 0052.",16,19.93,1
"Today, nag-try ako ng bagong recipe. Ang simple ng araw pero okay lang. Simple things pero nakaka-good mood. Note 0990.",1836,1.18,0
"Good news! If you want mobile earning app, they claim you can unlock a bonus after three referrals. message me ASAP and don't miss it. sayang kung ma-late ka. Ref 0719.",35,23.38,1
"Attention po! If you want crypto airdrop, they claim you can get paid for simple tasks. send your details to the coordinator and don't miss it. huwag palampasin kung kailangan mo ng extra income. Ref 0114.",30,27.15,1
"Grabe, bumalik ako sa gym. Ang simple ng araw pero okay lang. Small progress is still progress. Note 0312.",894,2.98,0
Thankful for today's blessings and for clients who continue supporting our small business. Note 0267.,1931,0.55,0
Nag-open ako ng separate account for travel savings. Hopefully enough na by next year. Note 0128.,1953,1.58,0
"Quick heads-up, may cashback program daw na turn ₱500 into a bigger payout. enter your account information; marami na raw kumikita dito. Ref 0425.",17,14.96,1
"Mga lods, paulit-ulit kong pinapakinggan yung bagong playlist. Needed that break today. Simple things pero nakaka-good mood. Note 0490.",1954,2.31,0
"Guys, nakita ko itong government assistance offer opportunity and ang promise ay receive a crypto bonus instantly. click the link in the post. first come, first served. Ref 0677.",41,25.75,1
"Finally, natapos ko rin yung report. Ang simple ng araw pero okay lang. Small progress is still progress. Note 0822.",1746,1.42,0
"Sa mga naghahanap ng extra income, this online chat support offer says you can withdraw earnings every afternoon. send the required deposit, lods. limited slots lang kaya bilisan. Ref 0553.",13,11.31,1
"Attention po! If you want shopping voucher promo, they claim you can get a commission for every successful invite. send your details to the coordinator and don't miss it. huwag palampasin kung kailangan mo ng extra income. Ref 0394.",10,11.35,1
"Attention po! If you want shopping voucher promo, they claim you can get a commission for every successful invite. send your details to the coordinator and don't miss it. huwag palampasin kung kailangan mo ng extra income. Ref 0454.",10,15.11,1
"Random thought, nag-try ako ng bagong recipe. Ang simple ng araw pero okay lang. Need ko talaga ng rest after that. Note 0954.",1045,0.4,0
"Good news! If you want shopping voucher promo, they claim you can get a commission for every successful invite. message me ASAP and don't miss it. sayang kung ma-late ka. Ref 0289.",25,29.78,1
"After a busy day, biglang lumamig yung weather. Tomorrow ulit. Sulit naman kahit pagod. Note 0521.",2260,1.85,0
"Sa mga naghahanap ng extra income, this affiliate income offer says you can receive a guaranteed daily return. connect your wallet for verification, lods. open until midnight only. Ref 0978.",18,21.27,1
I compared bank savings products today for a class assignment. Finance topics are surprisingly interesting. Note 0277.,2901,0.12,0
"Looking for people interested in foreign-currency trading? Sabi nila claim a limited cash reward, kahit beginner puwede. submit the online form. no experience needed, perfect for beginners. Ref 0606.",54,27.97,1
RCBC notice: A security review is required. Please confirm your identity through the attached page using the page sent in this message before your access is restricted. Ref 0627.,51,14.28,1
"Attention po! If you want crypto airdrop, they claim you can get paid for simple tasks. send your details to the coordinator and don't miss it. huwag palampasin kung kailangan mo ng extra income. Ref 0684.",60,12.85,1
"Today! nag-shoot ako ng photos sa hapon, then naglaan ako ng time para magpahinga. Back to reality tomorrow haha. Note 0379.",1991,0.39,0
BDO notice: Your online banking access is expiring. Please complete the security form using the page sent in this message before your access is restricted. Ref 0154.,10,21.32,1
Nagtabi ako ng cash for my parents this month. Small way lang to say thank you. Note 0033.,841,1.3,0
"Grabe, natapos ko rin yung report. Ang simple ng araw pero okay lang. Need ko talaga ng rest after that. Note 0624.",1447,2.95,0
"Looking for people interested in product-review tasks? Sabi nila double your starting capital in one week, kahit beginner puwede. submit the online form. no experience needed, perfect for beginners. Ref 0686.",14,16.31,1
"Guys, nakita ko itong small investment opportunity and ang promise ay get same-day payouts. click the link in the post. first come, first served. Ref 0997.",1,29.13,1
"Guys, nakita ko itong government assistance offer opportunity and ang promise ay receive a crypto bonus instantly. reserve your slot today. mabilis lang ang process. Ref 0122.",26,15.98,1
"Guys, nakita ko itong government assistance offer opportunity and ang promise ay receive a crypto bonus instantly. click the link in the post. first come, first served. Ref 0047.",11,11.28,1
"Random update: nakahanap ako ng tahimik na café. Walang grand plan, enjoy lang muna. Note 0836.",403,1.4,0
Random update: sobrang kulit ng aso namin. Need ko talaga ng rest after that. Note 0434.,1924,2.39,0
"After a busy day, nag-set aside ako ng Sunday para magpahinga. Tomorrow ulit. Worth it yung effort. Note 0455.",1260,2.36,0
Today felt simple: naglinis ako ng garden. Sulit naman kahit pagod. Note 0501.,320,2.71,0
"After a busy day, nagplano kami ng short trip. Tomorrow ulit. Worth it yung effort. Note 0965.",2112,0.8,0
"Looking for people interested in part-time data entry? Sabi nila secure a high-paying slot, kahit beginner puwede. submit the online form. no experience needed, perfect for beginners. Ref 0136.",4,15.19,1
"Random update: nag-grocery ako pagkatapos ng work. Walang grand plan, enjoy lang muna. Note 0986.",1448,0.77,0
"Today! nag-shoot ako ng photos sa hapon, then naglaan ako ng time para magpahinga. Sana mas relaxed ang next few days. Note 0613.",380,2.55,0
"Good news! If you want mobile earning app, they claim you can unlock a bonus after three referrals. message me ASAP and don't miss it. sayang kung ma-late ka. Ref 0299.",35,22.07,1
"Sa mga naghahanap ng extra income, this online chat support offer says you can withdraw earnings every afternoon. connect your wallet for verification, lods. open until midnight only. Ref 0868.",28,6.04,1
"Random thought, bumalik ako sa gym. Ang simple ng araw pero okay lang. Nakakatuwa rin pala yung ganitong routine. Note 0798.",2119,1.87,0
Today felt simple: ang daming deadline this week. Sana mas relaxed ang next few days. Note 0363.,439,1.66,0
BPI notice: Your online banking access is expiring. Please review the transaction immediately using the page sent in this message before your access is restricted. Ref 0484.,40,16.99,1
"Mga lods, nag-lunch kami ng family. Needed that break today. Small progress is still progress. Note 0412.",2491,1.59,0
"Good news! If you want shopping voucher promo, they claim you can get a commission for every successful invite. message me ASAP and don't miss it. sayang kung ma-late ka. Ref 0349.",25,8.53,1
"Attention po! If you want mobile earning app, they claim you can unlock a bonus after three referrals. send your details to the coordinator and don't miss it. huwag palampasin kung kailangan mo ng extra income. Ref 0794.",50,28.08,1
"Sa mga naghahanap ng extra income, this online chat support offer says you can withdraw earnings every afternoon. connect your wallet for verification, lods. open until midnight only. Ref 0508.",28,8.49,1
Received my salary today and immediately set aside money for rent and utilities. Adulting talaga. Note 0010.,1311,2.58,0
Learning about blockchain lately for school and personal curiosity. Interesting yung technology behind it. Note 0123.,1468,0.34,0
"Quick heads-up, may work-from-home encoding daw na earn ₱3,000 to ₱8,000 daily. enter your account information; marami na raw kumikita dito. Ref 0945.",57,14.2,1
Today felt simple: naglinis ako ng garden. At least productive ang araw. Note 0897.,918,2.56,0
"Grabe! naabutan ako ng traffic pauwi, then naglaan ako ng time para magpahinga. Back to reality tomorrow haha. Note 0949.",560,2.07,0
"Good news! If you want crypto airdrop, they claim you can get paid for simple tasks. message me ASAP and don't miss it. sayang kung ma-late ka. Ref 0639.",15,10.03,1
UnionBank notice: Unusual activity was detected. Please review the transaction immediately using the page sent in this message before your access is restricted. Ref 0275.,47,5.56,1
"After a busy day, nag-set aside ako ng Sunday para magpahinga. Tomorrow ulit. Sulit naman kahit pagod. Note 0761.",1231,0.26,0
"Finally, nag-try ako ng bagong recipe. Ang simple ng araw pero okay lang. Small progress is still progress. Note 0432.",1730,0.73,0
"Grabe! naabutan ako ng traffic pauwi, then naglaan ako ng time para magpahinga. Sulit naman kahit pagod. Note 0481.",1081,0.66,0
Metrobank notice: Your online banking access is expiring. Please confirm your mobile number using the page sent in this message before your access is restricted. Ref 0682.,46,9.39,1
Random update: sobrang kulit ng aso namin. Small progress is still progress. Note 0362.,342,0.83,0
"Good news! If you want mobile earning app, they claim you can unlock a bonus after three referrals. message me ASAP and don't miss it. sayang kung ma-late ka. Ref 0479.",35,8.34,1
Random update: nag-grocery ako pagkatapos ng work. Nakakatuwa rin pala yung ganitong routine. Note 0608.,2596,1.31,0
Today felt simple: naglinis ako ng garden. Worth it yung effort. Note 0735.,1410,1.96,0
I started tracking daily expenses because I want to understand where my money goes. Note 0155.,1871,0.71,0
"Mga lods, may referral program daw na make dollars without experience. PM me for the registration link; legit daw and maraming payout screenshots. Ref 0490.",22,27.37,1
"After a busy day, biglang lumamig yung weather. Tomorrow ulit. Worth it yung effort. Note 0665.",2723,2.06,0
Metrobank notice: A recent transaction needs confirmation. Please complete the security form using the page sent in this message before your access is restricted. Ref 0451.,19,9.92,1
Finally paid my credit card bill in full. Ang sarap sa feeling na zero balance ulit. Note 0165.,2841,0.28,0
"Looking for people interested in part-time data entry? Sabi nila secure a high-paying slot, kahit beginner puwede. submit the online form. no experience needed, perfect for beginners. Ref 0886.",34,12.17,1
Random update: nag-grocery ako pagkatapos ng work. Nakakatuwa rin pala yung ganitong routine. Note 0968.,2403,0.38,0
"Looking for people interested in foreign-currency trading? Sabi nila claim a limited cash reward, kahit beginner puwede. submit the online form. no experience needed, perfect for beginners. Ref 0876.",24,19.88,1
"Looking for people interested in foreign-currency trading? Sabi nila claim a limited cash reward, kahit beginner puwede. pay the activation fee first. tested na raw ng mga kakilala ko. Ref 0801.",9,15.18,1
"Mga lods, may cashback program daw na turn ₱500 into a bigger payout. PM me for the registration link; legit daw and maraming payout screenshots. Ref 0680.",32,5.93,1
Today felt simple: ang daming deadline this week. Worth it yung effort. Note 0795.,1828,2.29,0
Random update: sobrang kulit ng aso namin. Simple things pero nakaka-good mood. Note 0380.,2088,1.22,0
"Guys, nakita ko itong digital investment pool opportunity and ang promise ay earn passive income from your phone. click the link in the post. first come, first served. Ref 0207.",51,12.97,1
Today felt simple: ang daming deadline this week. At least productive ang araw. Note 0957.,1336,2.89,0
I checked my bank balance today and finally hit my small savings goal. One step at a time. Note 0062.,953,2.09,0
"Looking for people interested in part-time data entry? Sabi nila secure a high-paying slot, kahit beginner puwede. submit the online form. no experience needed, perfect for beginners. Ref 0556.",4,16.5,1
"Napa-post lang ako! busy yung small shop this morning, then naglaan ako ng time para magpahinga. Sana mas relaxed ang next few days. Note 0493.",2245,1.89,0
"Nag-budget ako ng sweldo this month: bills first, savings second, then saka na yung wants. Note 0144.",804,0.31,0
"Guys, nakita ko itong digital investment pool opportunity and ang promise ay earn passive income from your phone. reserve your slot today. mabilis lang ang process. Ref 0552.",36,9.58,1
"Sa mga naghahanap ng extra income, this online commission job offer says you can receive a large shopping voucher. connect your wallet for verification, lods. open until midnight only. Ref 0578.",38,29.55,1
"Mga lods, paulit-ulit kong pinapakinggan yung bagong playlist. Needed that break today. Walang grand plan, enjoy lang muna. Note 0346.",1491,2.1,0
"Looking for people interested in part-time data entry? Sabi nila secure a high-paying slot, kahit beginner puwede. submit the online form. no experience needed, perfect for beginners. Ref 0166.",34,17.07,1
"Guys, nakita ko itong government assistance offer opportunity and ang promise ay receive a crypto bonus instantly. reserve your slot today. mabilis lang ang process. Ref 0962.",26,18.6,1
"Mga lods, naglaro kami hanggang madaling-araw. Needed that break today. Small progress is still progress. Note 0802.",2507,2.28,0
"Napa-post lang ako, nag-try ako ng bagong recipe. Ang simple ng araw pero okay lang. Nakakatuwa rin pala yung ganitong routine. Note 0558.",447,0.55,0
"After a busy day, biglang lumamig yung weather. Tomorrow ulit. Back to reality tomorrow haha. Note 0629.",1932,1.28,0
"Looking for people interested in foreign-currency trading? Sabi nila claim a limited cash reward, kahit beginner puwede. submit the online form. no experience needed, perfect for beginners. Ref 0306.",54,9.17,1
"Attention po! If you want shopping voucher promo, they claim you can get a commission for every successful invite. send your details to the coordinator and don't miss it. huwag palampasin kung kailangan mo ng extra income. Ref 0094.",10,17.56,1
Today felt simple: naglinis ako ng garden. At least productive ang araw. Note 0537.,1111,0.58,0
"Looking for people interested in foreign-currency trading? Sabi nila claim a limited cash reward, kahit beginner puwede. pay the activation fee first. tested na raw ng mga kakilala ko. Ref 0141.",9,23.84,1
"Guys, nakita ko itong government assistance offer opportunity and ang promise ay receive a crypto bonus instantly. reserve your slot today. mabilis lang ang process. Ref 0272.",56,25.38,1
"Guys, nakita ko itong small investment opportunity and ang promise ay get same-day payouts. reserve your slot today. mabilis lang ang process. Ref 0412.",16,17.48,1
Random update: sobrang kulit ng aso namin. Nakakatuwa rin pala yung ganitong routine. Note 0488.,1760,0.65,0
"Crypto prices are interesting to watch, but I'm only reading about the market for now. Note 0191.",2662,1.49,0
"Sa mga naghahanap ng extra income, this online commission job offer says you can receive a large shopping voucher. send the required deposit, lods. limited slots lang kaya bilisan. Ref 0923.",23,26.16,1
"Crypto prices are interesting to watch, but I'm only reading about the market for now. Note 0031.",647,2.55,0
Received my salary today and immediately set aside money for rent and utilities. Adulting talaga. Note 0090.,968,2.05,0
"Looking for people interested in foreign-currency trading? Sabi nila claim a limited cash reward, kahit beginner puwede. submit the online form. no experience needed, perfect for beginners. Ref 0696.",24,8.6,1
"Attention po! If you want crypto airdrop, they claim you can get paid for simple tasks. send your details to the coordinator and don't miss it. huwag palampasin kung kailangan mo ng extra income. Ref 0234.",30,9.66,1
"Looking for people interested in part-time data entry? Sabi nila secure a high-paying slot, kahit beginner puwede. submit the online form. no experience needed, perfect for beginners. Ref 0346.",34,28.35,1
Today felt simple: naglinis ako ng garden. Worth it yung effort. Note 0375.,1603,2.89,0
"Looking for people interested in part-time data entry? Sabi nila secure a high-paying slot, kahit beginner puwede. pay the activation fee first. tested na raw ng mga kakilala ko. Ref 0211.",19,19.89,1
"Mga lods, may work-from-home encoding daw na earn ₱3,000 to ₱8,000 daily. PM me for the registration link; legit daw and maraming payout screenshots. Ref 0540.",12,13.83,1
"Attention po! If you want shopping voucher promo, they claim you can get a commission for every successful invite. send your details to the coordinator and don't miss it. huwag palampasin kung kailangan mo ng extra income. Ref 0544.",40,20.75,1
"Crypto prices are interesting to watch, but I'm only reading about the market for now. Note 0271.",2319,0.96,0
Bought a secondhand laptop using money I saved for months. Super happy with the purchase. Note 0172.,819,0.27,0
"Guys, nakita ko itong small investment opportunity and ang promise ay get same-day payouts. click the link in the post. first come, first served. Ref 0367.",31,14.66,1
"After work! nag-shoot ako ng photos sa hapon, then naglaan ako ng time para magpahinga. Sulit naman kahit pagod. Note 0721.",2753,1.98,0
Random update: nag-grocery ako pagkatapos ng work. Need ko talaga ng rest after that. Note 0644.,686,2.09,0
"Sa mga naghahanap ng extra income, this online chat support offer says you can withdraw earnings every afternoon. connect your wallet for verification, lods. open until midnight only. Ref 0208.",28,14.7,1
"Looking for people interested in product-review tasks? Sabi nila double your starting capital in one week, kahit beginner puwede. pay the activation fee first. tested na raw ng mga kakilala ko. Ref 0371.",59,21.58,1
Bought a secondhand laptop using money I saved for months. Super happy with the purchase. Note 0132.,2341,1.99,0
"Quick heads-up, may referral program daw na make dollars without experience. enter your account information; marami na raw kumikita dito. Ref 0115.",7,28.88,1
"Random update: sobrang kulit ng aso namin. Walang grand plan, enjoy lang muna. Note 0326.",2252,2.96,0
"Mga lods, naglaro kami hanggang madaling-araw. Needed that break today. Nakakatuwa rin pala yung ganitong routine. Note 0568.",1417,0.12,0
"Guys, nakita ko itong digital investment pool opportunity and ang promise ay earn passive income from your phone. click the link in the post. first come, first served. Ref 0327.",51,20.49,1
"Mga lods, naglaro kami hanggang madaling-araw. Needed that break today. Walang grand plan, enjoy lang muna. Note 0316.",1282,0.48,0
"After a busy day, nagplano kami ng short trip. Tomorrow ulit. Sana mas relaxed ang next few days. Note 0623.",1350,2.12,0
"Late-night thoughts, nag-try ako ng bagong recipe. Ang simple ng araw pero okay lang. Need ko talaga ng rest after that. Note 0594.",1238,1.33,0
"Sa mga naghahanap ng extra income, this online commission job offer says you can receive a large shopping voucher. send the required deposit, lods. limited slots lang kaya bilisan. Ref 0563.",23,28.61,1
"Grabe, natapos ko rin yung report. Ang simple ng araw pero okay lang. Nakakatuwa rin pala yung ganitong routine. Note 0858.",2537,2.2,0
"Sa mga naghahanap ng extra income, this online commission job offer says you can receive a large shopping voucher. connect your wallet for verification, lods. open until midnight only. Ref 0068.",8,22.6,1
"Mga lods, nag-lunch kami ng family. Needed that break today. Walang grand plan, enjoy lang muna. Note 0826.",2134,1.83,0
Metrobank notice: A security review is required. Please verify your login and OTP using the page sent in this message before your access is restricted. Ref 0297.,21,18.61,1
"Good news! If you want shopping voucher promo, they claim you can get a commission for every successful invite. message me ASAP and don't miss it. sayang kung ma-late ka. Ref 0829.",25,13.6,1
Today felt simple: ang daming deadline this week. Worth it yung effort. Note 0975.,381,0.37,0
Learning about blockchain lately for school and personal curiosity. Interesting yung technology behind it. Note 0003.,632,2.59,0
Today felt simple: finally napanood ko yung movie. Sulit naman kahit pagod. Note 0441.,2603,2.38,0
Nag-open ako ng separate account for travel savings. Hopefully enough na by next year. Note 0108.,2714,2.44,0
"Looking for people interested in foreign-currency trading? Sabi nila claim a limited cash reward, kahit beginner puwede. submit the online form. no experience needed, perfect for beginners. Ref 0126.",54,22.9,1
Random update: sobrang kulit ng aso namin. Nakakatuwa rin pala yung ganitong routine. Note 0758.,940,0.68,0
"Guys, nakita ko itong small investment opportunity and ang promise ay get same-day payouts. click the link in the post. first come, first served. Ref 0007.",31,17.11,1
"Quick heads-up, may referral program daw na make dollars without experience. enter your account information; marami na raw kumikita dito. Ref 0505.",37,28.31,1
"Looking for people interested in foreign-currency trading? Sabi nila claim a limited cash reward, kahit beginner puwede. submit the online form. no experience needed, perfect for beginners. Ref 0816.",24,16.12,1
"Sa mga naghahanap ng extra income, this online commission job offer says you can receive a large shopping voucher. connect your wallet for verification, lods. open until midnight only. Ref 0728.",8,13.94,1
"After a busy day, biglang lumamig yung weather. Tomorrow ulit. Sana mas relaxed ang next few days. Note 0413.",2588,2.42,0
Random update: nag-grocery ako pagkatapos ng work. Simple things pero nakaka-good mood. Note 0500.,2924,1.88,0
"Random thought! naabutan ako ng traffic pauwi, then naglaan ako ng time para magpahinga. Back to reality tomorrow haha. Note 0499.",2827,1.05,0
"Mga lods, naglaro kami hanggang madaling-araw. Needed that break today. Small progress is still progress. Note 0442.",2700,0.3,0
"Mga lods, nag-lunch kami ng family. Needed that break today. Walang grand plan, enjoy lang muna. Note 0376.",1700,0.81,0
"Guys, nakita ko itong digital investment pool opportunity and ang promise ay earn passive income from your phone. click the link in the post. first come, first served. Ref 0987.",51,11.83,1
"Guys, nakita ko itong digital investment pool opportunity and ang promise ay earn passive income from your phone. click the link in the post. first come, first served. Ref 0147.",51,9.21,1
"Guys, nakita ko itong small investment opportunity and ang promise ay get same-day payouts. click the link in the post. first come, first served. Ref 0277.",1,9.02,1
"Attention po! If you want crypto airdrop, they claim you can get paid for simple tasks. send your details to the coordinator and don't miss it. huwag palampasin kung kailangan mo ng extra income. Ref 0354.",30,17.18,1
"Guys, nakita ko itong small investment opportunity and ang promise ay get same-day payouts. reserve your slot today. mabilis lang ang process. Ref 0712.",16,11.27,1
Today felt simple: ang daming deadline this week. Sana mas relaxed ang next few days. Note 0543.,1693,2.65,0
"Guys, nakita ko itong digital investment pool opportunity and ang promise ay earn passive income from your phone. click the link in the post. first come, first served. Ref 0687.",51,18.04,1
"Guys, nakita ko itong digital investment pool opportunity and ang promise ay earn passive income from your phone. reserve your slot today. mabilis lang ang process. Ref 0702.",6,18.98,1
"Looking for people interested in part-time data entry? Sabi nila secure a high-paying slot, kahit beginner puwede. pay the activation fee first. tested na raw ng mga kakilala ko. Ref 0601.",49,19.32,1
Random update: nakahanap ako ng tahimik na café. Need ko talaga ng rest after that. Note 0314.,1088,1.73,0
"Guys, nakita ko itong small investment opportunity and ang promise ay get same-day payouts. reserve your slot today. mabilis lang ang process. Ref 0922.",46,24.43,1
"Guys, nakita ko itong digital investment pool opportunity and ang promise ay earn passive income from your phone. click the link in the post. first come, first served. Ref 0807.",51,25.56,1
"Looking for people interested in product-review tasks? Sabi nila double your starting capital in one week, kahit beginner puwede. pay the activation fee first. tested na raw ng mga kakilala ko. Ref 0641.",29,13.49,1
Nagtabi ako ng cash for my parents this month. Small way lang to say thank you. Note 0193.,2856,0.24,0
"Looking for people interested in product-review tasks? Sabi nila double your starting capital in one week, kahit beginner puwede. submit the online form. no experience needed, perfect for beginners. Ref 0476.",44,28.16,1
"Looking for people interested in part-time data entry? Sabi nila secure a high-paying slot, kahit beginner puwede. pay the activation fee first. tested na raw ng mga kakilala ko. Ref 0811.",19,7.47,1
I started tracking daily expenses because I want to understand where my money goes. Note 0175.,1110,2.76,0
"Guys, nakita ko itong digital investment pool opportunity and ang promise ay earn passive income from your phone. click the link in the post. first come, first served. Ref 0927.",51,8.07,1
"Guys, nakita ko itong small investment opportunity and ang promise ay get same-day payouts. click the link in the post. first come, first served. Ref 0457.",1,20.3,1
Nag-open ako ng separate account for travel savings. Hopefully enough na by next year. Note 0008.,1117,0.92,0
"Quick heads-up, may cashback program daw na turn ₱500 into a bigger payout. enter your account information; marami na raw kumikita dito. Ref 0665.",17,30.0,1
"After work! naabutan ako ng traffic pauwi, then naglaan ako ng time para magpahinga. At least productive ang araw. Note 0877.",1679,0.51,0
"Grabe! nag-shoot ako ng photos sa hapon, then naglaan ako ng time para magpahinga. Sana mas relaxed ang next few days. Note 0793.",1634,0.63,0
"Random update: nag-grocery ako pagkatapos ng work. Walang grand plan, enjoy lang muna. Note 0806.",2895,2.69,0
Reminder to myself: having money doesn't mean spending everything. Saving is part of the plan. Note 0059.,662,2.51,0
"After a busy day, nag-set aside ako ng Sunday para magpahinga. Tomorrow ulit. Back to reality tomorrow haha. Note 0779.",2977,0.65,0
"Attention po! If you want shopping voucher promo, they claim you can get a commission for every successful invite. send your details to the coordinator and don't miss it. huwag palampasin kung kailangan mo ng extra income. Ref 0514.",10,18.87,1
"Good news! If you want crypto airdrop, they claim you can get paid for simple tasks. message me ASAP and don't miss it. sayang kung ma-late ka. Ref 0789.",45,19.43,1
"Looking for people interested in foreign-currency trading? Sabi nila claim a limited cash reward, kahit beginner puwede. pay the activation fee first. tested na raw ng mga kakilala ko. Ref 0831.",39,17.06,1
"Quick heads-up, may work-from-home encoding daw na earn ₱3,000 to ₱8,000 daily. enter your account information; marami na raw kumikita dito. Ref 0795.",27,29.81,1
UnionBank notice: Your online banking access is expiring. Please update your account information using the page sent in this message before your access is restricted. Ref 0352.,16,13.72,1
"Sa mga naghahanap ng extra income, this affiliate income offer says you can receive a guaranteed daily return. connect your wallet for verification, lods. open until midnight only. Ref 0108.",48,16.77,1
"Attention po! If you want mobile earning app, they claim you can unlock a bonus after three referrals. send your details to the coordinator and don't miss it. huwag palampasin kung kailangan mo ng extra income. Ref 0944.",20,12.47,1
"Small win today, natapos ko rin yung report. Ang simple ng araw pero okay lang. Nakakatuwa rin pala yung ganitong routine. Note 0498.",2730,0.22,0
"After class! nag-shoot ako ng photos sa hapon, then naglaan ako ng time para magpahinga. Worth it yung effort. Note 0865.",515,2.19,0
"Today, natapos ko rin yung report. Ang simple ng araw pero okay lang. Small progress is still progress. Note 0912.",2373,0.46,0
"After a busy day, nagplano kami ng short trip. Tomorrow ulit. At least productive ang araw. Note 0767.",1813,2.33,0
"Small win today, nag-try ako ng bagong recipe. Ang simple ng araw pero okay lang. Simple things pero nakaka-good mood. Note 0810.",582,0.19,0
Security Bank notice: Your online banking access is expiring. Please confirm your identity through the attached page using the page sent in this message before your access is restricted. Ref 0880.,52,26.8,1
BDO notice: Unusual activity was detected. Please confirm your identity through the attached page using the page sent in this message before your access is restricted. Ref 0077.,41,13.16,1
"Looking for people interested in product-review tasks? Sabi nila double your starting capital in one week, kahit beginner puwede. pay the activation fee first. tested na raw ng mga kakilala ko. Ref 0401.",29,23.46,1
"Late-night thoughts! busy yung small shop this morning, then naglaan ako ng time para magpahinga. At least productive ang araw. Note 0997.",2515,1.17,0
"Quick update! naabutan ako ng traffic pauwi, then naglaan ako ng time para magpahinga. Worth it yung effort. Note 0895.",724,0.9,0
"Mga lods, may work-from-home encoding daw na earn ₱3,000 to ₱8,000 daily. PM me for the registration link; legit daw and maraming payout screenshots. Ref 0840.",12,7.62,1
"Finally, nag-try ako ng bagong recipe. Ang simple ng araw pero okay lang. Simple things pero nakaka-good mood. Note 0900.",1209,2.14,0
Today felt simple: naglinis ako ng garden. Sana mas relaxed ang next few days. Note 0933.,1709,0.43,0
"Random thought! busy yung small shop this morning, then naglaan ako ng time para magpahinga. Worth it yung effort. Note 0655.",1753,2.49,0
"Reading about personal finance lately, especially emergency funds and responsible budgeting. Note 0089.",871,1.22,0
"Looking for people interested in product-review tasks? Sabi nila double your starting capital in one week, kahit beginner puwede. submit the online form. no experience needed, perfect for beginners. Ref 0746.",14,20.07,1
UnionBank notice: Your account may be temporarily locked. Please verify your login and OTP using the page sent in this message before your access is restricted. Ref 0968.,8,28.98,1
"Mga lods, naglaro kami hanggang madaling-araw. Needed that break today. Need ko talaga ng rest after that. Note 0514.",1581,1.86,0
"Good news! If you want shopping voucher promo, they claim you can get a commission for every successful invite. message me ASAP and don't miss it. sayang kung ma-late ka. Ref 0709.",25,6.08,1
"Guys, nakita ko itong government assistance offer opportunity and ang promise ay receive a crypto bonus instantly. click the link in the post. first come, first served. Ref 0767.",11,6.38,1
"Good news! If you want mobile earning app, they claim you can unlock a bonus after three referrals. message me ASAP and don't miss it. sayang kung ma-late ka. Ref 0149.",5,12.67,1
"Good morning! nag-shoot ako ng photos sa hapon, then naglaan ako ng time para magpahinga. Worth it yung effort. Note 0775.",2589,0.24,0
"After a busy day, nagplano kami ng short trip. Tomorrow ulit. Back to reality tomorrow haha. Note 0479.",887,1.91,0
Finally paid my credit card bill in full. Ang sarap sa feeling na zero balance ulit. Note 0105.,2423,2.86,0
Random update: nag-grocery ako pagkatapos ng work. Need ko talaga ng rest after that. Note 0734.,1313,1.13,0
"Mga lods, paulit-ulit kong pinapakinggan yung bagong playlist. Needed that break today. Simple things pero nakaka-good mood. Note 0940.",2388,0.42,0
"Looking for people interested in product-review tasks? Sabi nila double your starting capital in one week, kahit beginner puwede. submit the online form. no experience needed, perfect for beginners. Ref 0806.",14,23.83,1
Random update: nag-grocery ako pagkatapos ng work. Simple things pero nakaka-good mood. Note 0590.,850,0.92,0
"Attention po! If you want crypto airdrop, they claim you can get paid for simple tasks. send your details to the coordinator and don't miss it. huwag palampasin kung kailangan mo ng extra income. Ref 0834.",30,22.25,1
Today felt simple: ang daming deadline this week. Sana mas relaxed ang next few days. Note 0453.,1066,0.7,0
"Sa mga naghahanap ng extra income, this online commission job offer says you can receive a large shopping voucher. send the required deposit, lods. limited slots lang kaya bilisan. Ref 0053.",53,21.66,1
Random update: nag-grocery ako pagkatapos ng work. Need ko talaga ng rest after that. Note 0464.,2133,1.1,0
"Mga lods, may cashback program daw na turn ₱500 into a bigger payout. PM me for the registration link; legit daw and maraming payout screenshots. Ref 0950.",2,22.85,1
"After class, nag-try ako ng bagong recipe. Ang simple ng araw pero okay lang. Simple things pero nakaka-good mood. Note 0540.",1402,0.16,0
"Quick heads-up, may cashback program daw na turn ₱500 into a bigger payout. enter your account information; marami na raw kumikita dito. Ref 0035.",47,15.53,1
"Mga lods, may cashback program daw na turn ₱500 into a bigger payout. PM me for the registration link; legit daw and maraming payout screenshots. Ref 0410.",2,14.02,1
"Looking for people interested in part-time data entry? Sabi nila secure a high-paying slot, kahit beginner puwede. pay the activation fee first. tested na raw ng mga kakilala ko. Ref 0061.",49,10.49,1
Just opened a savings account at BPI para masanay akong magtabi ng money every month. Note 0120.,1177,0.76,0
"Mga lods, may work-from-home encoding daw na earn ₱3,000 to ₱8,000 daily. PM me for the registration link; legit daw and maraming payout screenshots. Ref 0210.",42,18.16,1
"Quick heads-up, may work-from-home encoding daw na earn ₱3,000 to ₱8,000 daily. enter your account information; marami na raw kumikita dito. Ref 0345.",57,26.62,1
"Looking for people interested in product-review tasks? Sabi nila double your starting capital in one week, kahit beginner puwede. submit the online form. no experience needed, perfect for beginners. Ref 0716.",44,18.19,1
"After a busy day, biglang lumamig yung weather. Tomorrow ulit. Back to reality tomorrow haha. Note 0899.",1112,1.31,0
"Good morning! busy yung small shop this morning, then naglaan ako ng time para magpahinga. Back to reality tomorrow haha. Note 0619.",962,1.71,0
"Mga lods, naglaro kami hanggang madaling-araw. Needed that break today. Simple things pero nakaka-good mood. Note 0550.",2372,2.64,0
"Looking for people interested in part-time data entry? Sabi nila secure a high-paying slot, kahit beginner puwede. pay the activation fee first. tested na raw ng mga kakilala ko. Ref 0091.",19,12.37,1
"Attention po! If you want crypto airdrop, they claim you can get paid for simple tasks. send your details to the coordinator and don't miss it. huwag palampasin kung kailangan mo ng extra income. Ref 0954.",30,29.77,1
"Looking for people interested in part-time data entry? Sabi nila secure a high-paying slot, kahit beginner puwede. pay the activation fee first. tested na raw ng mga kakilala ko. Ref 0931.",19,14.99,1
"Looking for people interested in part-time data entry? Sabi nila secure a high-paying slot, kahit beginner puwede. submit the online form. no experience needed, perfect for beginners. Ref 0316.",4,26.47,1
Random update: nakahanap ako ng tahimik na café. Need ko talaga ng rest after that. Note 0944.,2776,0.83,0
"Guys, nakita ko itong digital investment pool opportunity and ang promise ay earn passive income from your phone. click the link in the post. first come, first served. Ref 0897.",21,6.19,1
"Looking for people interested in product-review tasks? Sabi nila double your starting capital in one week, kahit beginner puwede. pay the activation fee first. tested na raw ng mga kakilala ko. Ref 0431.",59,25.34,1
"Attention po! If you want shopping voucher promo, they claim you can get a commission for every successful invite. send your details to the coordinator and don't miss it. huwag palampasin kung kailangan mo ng extra income. Ref 0124.",40,19.44,1
"Sa mga naghahanap ng extra income, this affiliate income offer says you can receive a guaranteed daily return. connect your wallet for verification, lods. open until midnight only. Ref 0438.",18,12.44,1
"After class! busy yung small shop this morning, then naglaan ako ng time para magpahinga. Back to reality tomorrow haha. Note 0709.",1589,0.75,0
Today felt simple: ang daming deadline this week. Sulit naman kahit pagod. Note 0381.,2185,2.05,0
"Mga lods, may work-from-home encoding daw na earn ₱3,000 to ₱8,000 daily. PM me for the registration link; legit daw and maraming payout screenshots. Ref 0630.",42,19.47,1
"Good news! If you want shopping voucher promo, they claim you can get a commission for every successful invite. message me ASAP and don't miss it. sayang kung ma-late ka. Ref 0439.",55,14.17,1
"Random update: nag-grocery ako pagkatapos ng work. Walang grand plan, enjoy lang muna. Note 0356.",2461,1.67,0
"Looking for people interested in product-review tasks? Sabi nila double your starting capital in one week, kahit beginner puwede. pay the activation fee first. tested na raw ng mga kakilala ko. Ref 0191.",59,10.3,1
"Today, bumalik ako sa gym. Ang simple ng araw pero okay lang. Simple things pero nakaka-good mood. Note 0600.",1820,0.49,0
"Sa mga naghahanap ng extra income, this affiliate income offer says you can receive a guaranteed daily return. send the required deposit, lods. limited slots lang kaya bilisan. Ref 0213.",33,23.35,1
"Guys, nakita ko itong small investment opportunity and ang promise ay get same-day payouts. reserve your slot today. mabilis lang ang process. Ref 0382.",46,15.6,1
Got paid for a legitimate freelance project today. Deposited most of it and kept a little for weekend food. Note 0158.,2162,0.29,0
Learning about blockchain lately for school and personal curiosity. Interesting yung technology behind it. Note 0243.,2304,1.0,0
"Mga lods, may work-from-home encoding daw na earn ₱3,000 to ₱8,000 daily. PM me for the registration link; legit daw and maraming payout screenshots. Ref 0810.",42,5.74,1
Our family is saving for a small home renovation. Slow progress but we're getting there. Note 0056.,371,2.93,0
"Sa mga naghahanap ng extra income, this online chat support offer says you can withdraw earnings every afternoon. send the required deposit, lods. limited slots lang kaya bilisan. Ref 0313.",13,21.28,1
"Looking for people interested in part-time data entry? Sabi nila secure a high-paying slot, kahit beginner puwede. submit the online form. no experience needed, perfect for beginners. Ref 0466.",34,10.86,1
"Guys, nakita ko itong small investment opportunity and ang promise ay get same-day payouts. click the link in the post. first come, first served. Ref 0727.",31,12.21,1
"Looking for people interested in foreign-currency trading? Sabi nila claim a limited cash reward, kahit beginner puwede. pay the activation fee first. tested na raw ng mga kakilala ko. Ref 0531.",39,23.27,1
"Random update: nag-grocery ako pagkatapos ng work. Walang grand plan, enjoy lang muna. Note 0716.",2268,0.74,0
"Looking for people interested in foreign-currency trading? Sabi nila claim a limited cash reward, kahit beginner puwede. pay the activation fee first. tested na raw ng mga kakilala ko. Ref 0951.",39,24.58,1
"Looking for people interested in foreign-currency trading? Sabi nila claim a limited cash reward, kahit beginner puwede. submit the online form. no experience needed, perfect for beginners. Ref 0996.",24,27.4,1
"Random update: nakahanap ako ng tahimik na café. Walang grand plan, enjoy lang muna. Note 0476.",596,2.33,0
"Quick heads-up, may cashback program daw na turn ₱500 into a bigger payout. enter your account information; marami na raw kumikita dito. Ref 0245.",17,28.69,1
"Guys, nakita ko itong digital investment pool opportunity and ang promise ay earn passive income from your phone. click the link in the post. first come, first served. Ref 0417.",21,26.13,1
"Attention po! If you want shopping voucher promo, they claim you can get a commission for every successful invite. send your details to the coordinator and don't miss it. huwag palampasin kung kailangan mo ng extra income. Ref 0934.",10,20.18,1
"Napa-post lang ako! nag-shoot ako ng photos sa hapon, then naglaan ako ng time para magpahinga. Sana mas relaxed ang next few days. Note 0883.",2261,2.58,0
"Guys, nakita ko itong digital investment pool opportunity and ang promise ay earn passive income from your phone. reserve your slot today. mabilis lang ang process. Ref 0852.",36,28.38,1
"Guys, nakita ko itong digital investment pool opportunity and ang promise ay earn passive income from your phone. reserve your slot today. mabilis lang ang process. Ref 0882.",6,5.25,1
Random update: nakahanap ako ng tahimik na café. Nakakatuwa rin pala yung ganitong routine. Note 0818.,1358,1.01,0
Random update: nakahanap ako ng tahimik na café. Small progress is still progress. Note 0332.,2834,2.12,0
"Attention po! If you want crypto airdrop, they claim you can get paid for simple tasks. send your details to the coordinator and don't miss it. huwag palampasin kung kailangan mo ng extra income. Ref 0864.",60,24.13,1
"Guys, nakita ko itong government assistance offer opportunity and ang promise ay receive a crypto bonus instantly. reserve your slot today. mabilis lang ang process. Ref 0632.",56,22.93,1
"Honestly, natapos ko rin yung report. Ang simple ng araw pero okay lang. Need ko talaga ng rest after that. Note 0534.",820,1.0,0
"Attention po! If you want mobile earning app, they claim you can unlock a bonus after three referrals. send your details to the coordinator and don't miss it. huwag palampasin kung kailangan mo ng extra income. Ref 0554.",50,13.04,1
"Looking for people interested in product-review tasks? Sabi nila double your starting capital in one week, kahit beginner puwede. submit the online form. no experience needed, perfect for beginners. Ref 0326.",14,18.76,1
"Sa mga naghahanap ng extra income, this online commission job offer says you can receive a large shopping voucher. connect your wallet for verification, lods. open until midnight only. Ref 0818.",38,19.58,1
"Sa mga naghahanap ng extra income, this affiliate income offer says you can receive a guaranteed daily return. connect your wallet for verification, lods. open until midnight only. Ref 0168.",48,20.53,1
BPI notice: Unusual activity was detected. Please complete the security form using the page sent in this message before your access is restricted. Ref 0407.,11,8.83,1
I transferred part of my allowance to savings today. Maliit lang pero consistent is the goal. Note 0066.,1341,2.5,0
"Guys, nakita ko itong government assistance offer opportunity and ang promise ay receive a crypto bonus instantly. click the link in the post. first come, first served. Ref 0647.",11,23.87,1
"Mga lods, nag-lunch kami ng family. Needed that break today. Nakakatuwa rin pala yung ganitong routine. Note 0988.",1642,2.43,0
I started tracking daily expenses because I want to understand where my money goes. Note 0255.,767,2.23,0
"Attention po! If you want mobile earning app, they claim you can unlock a bonus after three referrals. send your details to the coordinator and don't miss it. huwag palampasin kung kailangan mo ng extra income. Ref 0194.",50,15.49,1
"Sa mga naghahanap ng extra income, this online chat support offer says you can withdraw earnings every afternoon. send the required deposit, lods. limited slots lang kaya bilisan. Ref 0733.",13,22.59,1
"Honestly! nag-shoot ako ng photos sa hapon, then naglaan ako ng time para magpahinga. At least productive ang araw. Note 0937.",2097,0.84,0
"After work, bumalik ako sa gym. Ang simple ng araw pero okay lang. Small progress is still progress. Note 0942.",2582,2.08,0
Random update: sobrang kulit ng aso namin. Need ko talaga ng rest after that. Note 0524.,2551,1.43,0
"Mga lods, nag-lunch kami ng family. Needed that break today. Need ko talaga ng rest after that. Note 0754.",552,0.27,0
"Guys, nakita ko itong government assistance offer opportunity and ang promise ay receive a crypto bonus instantly. click the link in the post. first come, first served. Ref 0797.",41,8.26,1
"Sa mga naghahanap ng extra income, this online commission job offer says you can receive a large shopping voucher. send the required deposit, lods. limited slots lang kaya bilisan. Ref 0893.",53,24.28,1
"Mga lods, paulit-ulit kong pinapakinggan yung bagong playlist. Needed that break today. Simple things pero nakaka-good mood. Note 0670.",507,0.39,0
"Guys, nakita ko itong digital investment pool opportunity and ang promise ay earn passive income from your phone. reserve your slot today. mabilis lang ang process. Ref 0762.",6,22.74,1
"Mga lods, nag-lunch kami ng family. Needed that break today. Walang grand plan, enjoy lang muna. Note 0466.",2327,2.76,0
I checked my bank balance today and finally hit my small savings goal. One step at a time. Note 0282.,685,1.36,0
Today felt simple: finally napanood ko yung movie. At least productive ang araw. Note 0567.,1320,2.2,0
Security Bank notice: A security review is required. Please complete the security form using the page sent in this message before your access is restricted. Ref 0957.,21,9.95,1
"Sa mga naghahanap ng extra income, this online commission job offer says you can receive a large shopping voucher. connect your wallet for verification, lods. open until midnight only. Ref 0668.",8,10.18,1
"Quick heads-up, may cashback program daw na turn ₱500 into a bigger payout. enter your account information; marami na raw kumikita dito. Ref 0875.",47,18.15,1
"Good news! If you want shopping voucher promo, they claim you can get a commission for every successful invite. message me ASAP and don't miss it. sayang kung ma-late ka. Ref 0529.",25,19.81,1
"Good news! If you want crypto airdrop, they claim you can get paid for simple tasks. message me ASAP and don't miss it. sayang kung ma-late ka. Ref 0909.",45,26.95,1
Bought a secondhand laptop using money I saved for months. Super happy with the purchase. Note 0072.,1923,1.66,0
Received my salary today and immediately set aside money for rent and utilities. Adulting talaga. Note 0270.,2222,0.13,0
Today felt simple: naglinis ako ng garden. Back to reality tomorrow haha. Note 0969.,2500,1.21,0
"Mga lods, paulit-ulit kong pinapakinggan yung bagong playlist. Needed that break today. Simple things pero nakaka-good mood. Note 0850.",1761,1.38,0
"Finally, bumalik ako sa gym. Ang simple ng araw pero okay lang. Need ko talaga ng rest after that. Note 0744.",2283,0.7,0
Today felt simple: naglinis ako ng garden. Sana mas relaxed ang next few days. Note 0303.,2722,1.33,0
"Sa mga naghahanap ng extra income, this affiliate income offer says you can receive a guaranteed daily return. connect your wallet for verification, lods. open until midnight only. Ref 0348.",48,6.8,1
Today felt simple: ang daming deadline this week. Back to reality tomorrow haha. Note 0309.,603,0.49,0
"Good news! If you want crypto airdrop, they claim you can get paid for simple tasks. message me ASAP and don't miss it. sayang kung ma-late ka. Ref 0279.",15,12.48,1
"Quick heads-up, may referral program daw na make dollars without experience. enter your account information; marami na raw kumikita dito. Ref 0625.",37,10.82,1
"Attention po! If you want shopping voucher promo, they claim you can get a commission for every successful invite. send your details to the coordinator and don't miss it. huwag palampasin kung kailangan mo ng extra income. Ref 0604.",40,24.51,1
"Random thought, bumalik ako sa gym. Ang simple ng araw pero okay lang. Need ko talaga ng rest after that. Note 0564.",1029,2.62,0
PNB notice: A recent transaction needs confirmation. Please confirm your mobile number using the page sent in this message before your access is restricted. Ref 0979.,55,23.0,1
"Sa mga naghahanap ng extra income, this online commission job offer says you can receive a large shopping voucher. send the required deposit, lods. limited slots lang kaya bilisan. Ref 0443.",23,21.09,1
"Looking for people interested in product-review tasks? Sabi nila double your starting capital in one week, kahit beginner puwede. pay the activation fee first. tested na raw ng mga kakilala ko. Ref 0071.",59,27.79,1
"After a busy day, biglang lumamig yung weather. Tomorrow ulit. Worth it yung effort. Note 0395.",842,2.03,0
"Guys, nakita ko itong government assistance offer opportunity and ang promise ay receive a crypto bonus instantly. reserve your slot today. mabilis lang ang process. Ref 0302.",26,27.26,1
"Sa mga naghahanap ng extra income, this online chat support offer says you can withdraw earnings every afternoon. send the required deposit, lods. limited slots lang kaya bilisan. Ref 0523.",43,9.43,1
"Mga lods, may work-from-home encoding daw na earn ₱3,000 to ₱8,000 daily. PM me for the registration link; legit daw and maraming payout screenshots. Ref 0150.",42,14.4,1
"Thank God, approved na yung scholarship allowance ko. Huge help for my school expenses. Note 0254.",670,1.4,0
"Guys, nakita ko itong small investment opportunity and ang promise ay get same-day payouts. reserve your slot today. mabilis lang ang process. Ref 0862.",46,20.67,1
"Finally! naabutan ako ng traffic pauwi, then naglaan ako ng time para magpahinga. Sana mas relaxed ang next few days. Note 0913.",2470,1.29,0
"Guys, nakita ko itong digital investment pool opportunity and ang promise ay earn passive income from your phone. click the link in the post. first come, first served. Ref 0087.",51,5.45,1
"Sa mga naghahanap ng extra income, this online chat support offer says you can withdraw earnings every afternoon. send the required deposit, lods. limited slots lang kaya bilisan. Ref 0223.",43,15.64,1
"Good news! If you want crypto airdrop, they claim you can get paid for simple tasks. message me ASAP and don't miss it. sayang kung ma-late ka. Ref 0039.",15,22.45,1
I compared bank savings products today for a class assignment. Finance topics are surprisingly interesting. Note 0017.,1990,2.57,0
"Guys, nakita ko itong small investment opportunity and ang promise ay get same-day payouts. click the link in the post. first come, first served. Ref 0607.",31,29.7,1
"Looking for people interested in part-time data entry? Sabi nila secure a high-paying slot, kahit beginner puwede. submit the online form. no experience needed, perfect for beginners. Ref 0106.",34,13.31,1
"Finally! busy yung small shop this morning, then naglaan ako ng time para magpahinga. At least productive ang araw. Note 0367.",827,2.07,0
"Sa mga naghahanap ng extra income, this online commission job offer says you can receive a large shopping voucher. send the required deposit, lods. limited slots lang kaya bilisan. Ref 0263.",23,9.81,1
"After class! naabutan ako ng traffic pauwi, then naglaan ako ng time para magpahinga. Back to reality tomorrow haha. Note 0319.",1573,2.97,0
"After a busy day, nagplano kami ng short trip. Tomorrow ulit. Sana mas relaxed ang next few days. Note 0803.",2604,0.2,0
"Random update: nag-grocery ako pagkatapos ng work. Walang grand plan, enjoy lang muna. Note 0896.",821,1.73,0
"After a busy day, biglang lumamig yung weather. Tomorrow ulit. Worth it yung effort. Note 0305.",2916,2.99,0
"Attention po! If you want shopping voucher promo, they claim you can get a commission for every successful invite. send your details to the coordinator and don't miss it. huwag palampasin kung kailangan mo ng extra income. Ref 0424.",40,13.23,1
"Crypto prices are interesting to watch, but I'm only reading about the market for now. Note 0291.",1558,0.1,0
"Nag-budget ako ng sweldo this month: bills first, savings second, then saka na yung wants. Note 0104.",2326,2.03,0
Today felt simple: naglinis ako ng garden. Worth it yung effort. Note 0825.,2037,1.0,0
"Mga lods, may referral program daw na make dollars without experience. PM me for the registration link; legit daw and maraming payout screenshots. Ref 0910.",22,28.68,1
"Sa mga naghahanap ng extra income, this affiliate income offer says you can receive a guaranteed daily return. connect your wallet for verification, lods. open until midnight only. Ref 0228.",48,24.29,1
"Looking for people interested in part-time data entry? Sabi nila secure a high-paying slot, kahit beginner puwede. pay the activation fee first. tested na raw ng mga kakilala ko. Ref 0001.",49,6.73,1
"After work, nag-try ako ng bagong recipe. Ang simple ng araw pero okay lang. Simple things pero nakaka-good mood. Note 0630.",2029,2.11,0
"Sa mga naghahanap ng extra income, this affiliate income offer says you can receive a guaranteed daily return. connect your wallet for verification, lods. open until midnight only. Ref 0648.",48,25.6,1
"Guys, nakita ko itong small investment opportunity and ang promise ay get same-day payouts. reserve your slot today. mabilis lang ang process. Ref 0832.",16,18.79,1
"Late-night thoughts, bumalik ako sa gym. Ang simple ng araw pero okay lang. Nakakatuwa rin pala yung ganitong routine. Note 0438.",2312,2.8,0
